[debug] [2026-08-31T20:16:14.029Z] ----------------------------------------------------------------------
[debug] [2026-08-31T20:16:14.036Z] Command:       C:\Program Files\nodejs\node.exe C:\Users\xioas\AppData\Roaming\npm\node_modules\firebase-tools\lib\bin\firebase.js deploy --only firestore:rules
[debug] [2026-08-31T20:16:14.036Z] CLI Version:   15.28.2
[debug] [2026-08-31T20:16:14.037Z] Platform:      win32
[debug] [2026-08-31T20:16:14.037Z] Node Version:  v24.16.0
[debug] [2026-08-31T20:16:14.037Z] Detected Agent: antigravity
[debug] [2026-08-31T20:16:14.037Z] Time:          Tue Sep 01 2026 01:46:14 GMT+0530 (India Standard Time)
[debug] [2026-08-31T20:16:14.037Z] ----------------------------------------------------------------------
[debug] 
[debug] [2026-08-31T20:16:14.097Z] >>> [apiv2][query] GET https://firebase-public.firebaseio.com/cli.json [none]
[debug] [2026-08-31T20:17:02.004Z] > command requires scopes: ["email","openid","https://www.googleapis.com/auth/cloudplatformprojects.readonly","https://www.googleapis.com/auth/firebase","https://www.googleapis.com/auth/cloud-platform"]
[debug] [2026-08-31T20:17:02.010Z] > authorizing via signed-in user (sumraftm@gmail.com)
[debug] [2026-08-31T20:17:02.011Z] [iam] checking project madrasa-app-50d6c for permissions ["datastore.indexes.create","datastore.indexes.delete","datastore.indexes.list","datastore.indexes.update","firebase.projects.get"]
[debug] [2026-08-31T20:17:02.019Z] Checked if tokens are valid: false, expires at: 1788206821780
[debug] [2026-08-31T20:17:02.020Z] Checked if tokens are valid: false, expires at: 1788206821780
[debug] [2026-08-31T20:17:02.021Z] > refreshing access token with scopes: []
[debug] [2026-08-31T20:17:02.036Z] >>> [apiv2][query] POST https://www.googleapis.com/oauth2/v3/token [none]
[debug] [2026-08-31T20:17:02.036Z] >>> [apiv2][body] POST https://www.googleapis.com/oauth2/v3/token [omitted]
[debug] [2026-08-31T20:17:02.483Z] <<< [apiv2][status] POST https://www.googleapis.com/oauth2/v3/token 200
[debug] [2026-08-31T20:17:02.484Z] <<< [apiv2][body] POST https://www.googleapis.com/oauth2/v3/token [omitted]
[debug] [2026-08-31T20:17:02.521Z] >>> [apiv2][query] POST https://cloudresourcemanager.googleapis.com/v1/projects/madrasa-app-50d6c:testIamPermissions [none]
[debug] [2026-08-31T20:17:02.522Z] >>> [apiv2][(partial)header] POST https://cloudresourcemanager.googleapis.com/v1/projects/madrasa-app-50d6c:testIamPermissions  x-goog-user-project=madrasa-app-50d6c
[debug] [2026-08-31T20:17:02.522Z] >>> [apiv2][body] POST https://cloudresourcemanager.googleapis.com/v1/projects/madrasa-app-50d6c:testIamPermissions {"permissions":["datastore.indexes.create","datastore.indexes.delete","datastore.indexes.list","datastore.indexes.update","firebase.projects.get"]}
[debug] [2026-08-31T20:17:02.924Z] <<< [apiv2][status] GET https://firebase-public.firebaseio.com/cli.json 200
[debug] [2026-08-31T20:17:02.924Z] <<< [apiv2][body] GET https://firebase-public.firebaseio.com/cli.json {"cloudBuildErrorAfter":1594252800000,"cloudBuildWarnAfter":1590019200000,"defaultNode10After":1594252800000,"minVersion":"3.0.5","node8DeploysDisabledAfter":1613390400000,"node8RuntimeDisabledAfter":1615809600000,"node8WarnAfter":1600128000000}
[debug] [2026-08-31T20:17:04.032Z] <<< [apiv2][status] POST https://cloudresourcemanager.googleapis.com/v1/projects/madrasa-app-50d6c:testIamPermissions 200
[debug] [2026-08-31T20:17:04.032Z] <<< [apiv2][body] POST https://cloudresourcemanager.googleapis.com/v1/projects/madrasa-app-50d6c:testIamPermissions {"permissions":["datastore.indexes.create","datastore.indexes.delete","datastore.indexes.list","datastore.indexes.update","firebase.projects.get"]}
[info] 
[info] === Deploying to 'madrasa-app-50d6c'...
[info] 
[info] i  deploying firestore 
[info] i  firestore: ensuring required API firestore.googleapis.com is enabled... 
[info] i  firestore: ensuring required API firestore.googleapis.com is enabled... 
[debug] [2026-08-31T20:17:04.041Z] Checked if tokens are valid: true, expires at: 1788211021484
[debug] [2026-08-31T20:17:04.042Z] Checked if tokens are valid: true, expires at: 1788211021484
[debug] [2026-08-31T20:17:04.042Z] >>> [apiv2][query] GET https://firestore.googleapis.com/v1/projects/madrasa-app-50d6c/databases/(default) [none]
[debug] [2026-08-31T20:17:04.522Z] <<< [apiv2][status] GET https://firestore.googleapis.com/v1/projects/madrasa-app-50d6c/databases/(default) 200
[debug] [2026-08-31T20:17:04.522Z] <<< [apiv2][body] GET https://firestore.googleapis.com/v1/projects/madrasa-app-50d6c/databases/(default) {"name":"projects/madrasa-app-50d6c/databases/(default)","uid":"4a231a68-cd88-4cdc-95db-429b3f039b8e","createTime":"2026-04-14T19:45:13.070217Z","updateTime":"2026-04-14T19:45:13.070217Z","locationId":"asia-south1","type":"FIRESTORE_NATIVE","concurrencyMode":"PESSIMISTIC","versionRetentionPeriod":"3600s","earliestVersionTime":"2026-08-31T19:17:12.395535Z","appEngineIntegrationMode":"DISABLED","keyPrefix":"j","pointInTimeRecoveryEnablement":"POINT_IN_TIME_RECOVERY_DISABLED","deleteProtectionState":"DELETE_PROTECTION_DISABLED","databaseEdition":"STANDARD","freeTier":true,"realtimeUpdatesMode":"REALTIME_UPDATES_MODE_ENABLED","enhancedTextSearchQueryMode":"ENHANCED_QUERY_MODE_ENABLED","etag":"IM7Uq+bXy5YDMJiQ6qaAh5UD"}
[info] i  firestore: reading indexes from firestore.indexes.json... 
[info] i  cloud.firestore: checking firestore.rules for compilation errors... 
[debug] [2026-08-31T20:17:04.533Z] Checked if tokens are valid: true, expires at: 1788211021484
[debug] [2026-08-31T20:17:04.533Z] Checked if tokens are valid: true, expires at: 1788211021484
[debug] [2026-08-31T20:17:04.534Z] >>> [apiv2][query] POST https://firebaserules.googleapis.com/v1/projects/madrasa-app-50d6c:test [none]
[debug] [2026-08-31T20:17:04.535Z] >>> [apiv2][body] POST https://firebaserules.googleapis.com/v1/projects/madrasa-app-50d6c:test [omitted]
[debug] [2026-08-31T20:17:07.242Z] <<< [apiv2][status] POST https://firebaserules.googleapis.com/v1/projects/madrasa-app-50d6c:test 200
[debug] [2026-08-31T20:17:07.243Z] <<< [apiv2][body] POST https://firebaserules.googleapis.com/v1/projects/madrasa-app-50d6c:test {"issues":[{"sourcePosition":{"fileName":"firestore.rules","line":104,"column":9,"currentOffset":3523,"endOffset":3523},"description":"Ternary operator result if condition is true has a different type than if condition is false.","severity":"WARNING"},{"sourcePosition":{"fileName":"firestore.rules","line":449,"column":14,"currentOffset":26780,"endOffset":26802},"description":"Unused function: isChatParticipantByData.","severity":"WARNING"},{"sourcePosition":{"fileName":"firestore.rules","line":450,"column":42,"currentOffset":26850,"endOffset":26856},"description":"Invalid variable name: request.","severity":"WARNING"},{"sourcePosition":{"fileName":"firestore.rules","line":450,"column":62,"currentOffset":26870,"endOffset":26876},"description":"Invalid variable name: request.","severity":"WARNING"},{"sourcePosition":{"fileName":"firestore.rules","line":811,"column":37,"currentOffset":47866,"endOffset":47869},"description":"Unused variable: data.","severity":"WARNING"},{"sourcePosition":{"fileName":"firestore.rules","line":817,"column":32,"currentOffset":48105,"endOffset":48112},"description":"Unused variable: courseId.","severity":"WARNING"},{"sourcePosition":{"fileName":"firestore.rules","line":845,"column":48,"currentOffset":49189,"endOffset":49195},"description":"Unused variable: classId.","severity":"WARNING"},{"sourcePosition":{"fileName":"firestore.rules","line":886,"column":14,"currentOffset":52169,"endOffset":52195},"description":"Unused function: isValidLiveParticipantWrite.","severity":"WARNING"},{"sourcePosition":{"fileName":"firestore.rules","line":887,"column":42,"currentOffset":52258,"endOffset":52264},"description":"Invalid variable name: request.","severity":"WARNING"},{"sourcePosition":{"fileName":"firestore.rules","line":891,"column":14,"currentOffset":52383,"endOffset":52415},"description":"Unused function: isValidParticipantCountOnlyUpdate.","severity":"WARNING"},{"sourcePosition":{"fileName":"firestore.rules","line":891,"column":48,"currentOffset":52417,"endOffset":52423},"description":"Unused variable: classId.","severity":"WARNING"},{"sourcePosition":{"fileName":"firestore.rules","line":893,"column":12,"currentOffset":52467,"endOffset":52473},"description":"Invalid variable name: request.","severity":"WARNING"},{"sourcePosition":{"fileName":"firestore.rules","line":893,"column":39,"currentOffset":52494,"endOffset":52501},"description":"Invalid variable name: resource.","severity":"WARNING"},{"sourcePosition":{"fileName":"firestore.rules","line":894,"column":12,"currentOffset":52581,"endOffset":52587},"description":"Invalid variable name: request.","severity":"WARNING"},{"sourcePosition":{"fileName":"firestore.rules","line":895,"column":12,"currentOffset":52643,"endOffset":52649},"description":"Invalid variable name: request.","severity":"WARNING"},{"sourcePosition":{"fileName":"firestore.rules","line":896,"column":12,"currentOffset":52700,"endOffset":52706},"description":"Invalid variable name: request.","severity":"WARNING"},{"sourcePosition":{"fileName":"firestore.rules","line":897,"column":12,"currentOffset":52759,"endOffset":52765},"description":"Invalid variable name: request.","severity":"WARNING"},{"sourcePosition":{"fileName":"firestore.rules","line":898,"column":33,"currentOffset":52838,"endOffset":52845},"description":"Invalid variable name: resource.","severity":"WARNING"},{"sourcePosition":{"fileName":"firestore.rules","line":901,"column":14,"currentOffset":52877,"endOffset":52908},"description":"Unused function: isValidLiveParticipantModeration.","severity":"WARNING"},{"sourcePosition":{"fileName":"firestore.rules","line":903,"column":12,"currentOffset":53009,"endOffset":53015},"description":"Invalid variable name: request.","severity":"WARNING"},{"sourcePosition":{"fileName":"firestore.rules","line":903,"column":39,"currentOffset":53036,"endOffset":53043},"description":"Invalid variable name: resource.","severity":"WARNING"},{"sourcePosition":{"fileName":"firestore.rules","line":906,"column":40,"currentOffset":53256,"endOffset":53262},"description":"Invalid variable name: request.","severity":"WARNING"},{"sourcePosition":{"fileName":"firestore.rules","line":907,"column":12,"currentOffset":53308,"endOffset":53314},"description":"Invalid variable name: request.","severity":"WARNING"},{"sourcePosition":{"fileName":"firestore.rules","line":907,"column":45,"currentOffset":53341,"endOffset":53348},"description":"Invalid variable name: resource.","severity":"WARNING"},{"sourcePosition":{"fileName":"firestore.rules","line":908,"column":12,"currentOffset":53375,"endOffset":53381},"description":"Invalid variable name: request.","severity":"WARNING"},{"sourcePosition":{"fileName":"firestore.rules","line":908,"column":47,"currentOffset":53410,"endOffset":53417},"description":"Invalid variable name: resource.","severity":"WARNING"},{"sourcePosition":{"fileName":"firestore.rules","line":909,"column":12,"currentOffset":53446,"endOffset":53452},"description":"Invalid variable name: request.","severity":"WARNING"},{"sourcePosition":{"fileName":"firestore.rules","line":909,"column":42,"currentOffset":53476,"endOffset":53483},"description":"Invalid variable name: resource.","severity":"WARNING"},{"sourcePosition":{"fileName":"firestore.rules","line":910,"column":12,"currentOffset":53507,"endOffset":53513},"description":"Invalid variable name: request.","severity":"WARNING"},{"sourcePosition":{"fileName":"firestore.rules","line":910,"column":42,"currentOffset":53537,"endOffset":53544},"description":"Invalid variable name: resource.","severity":"WARNING"},{"sourcePosition":{"fileName":"firestore.rules","line":913,"column":14,"currentOffset":53580,"endOffset":53611},"description":"Unused function: isValidLiveModerationEventCreate.","severity":"WARNING"},{"sourcePosition":{"fileName":"firestore.rules","line":915,"column":31,"currentOffset":53723,"endOffset":53729},"description":"Invalid variable name: request.","severity":"WARNING"},{"sourcePosition":{"fileName":"firestore.rules","line":916,"column":12,"currentOffset":53833,"endOffset":53839},"description":"Invalid variable name: request.","severity":"WARNING"},{"sourcePosition":{"fileName":"firestore.rules","line":917,"column":12,"currentOffset":53894,"endOffset":53900},"description":"Invalid variable name: request.","severity":"WARNING"},{"sourcePosition":{"fileName":"firestore.rules","line":918,"column":12,"currentOffset":53950,"endOffset":53956},"description":"Invalid variable name: request.","severity":"WARNING"},{"sourcePosition":{"fileName":"firestore.rules","line":918,"column":50,"currentOffset":53988,"endOffset":53994},"description":"Invalid variable name: request.","severity":"WARNING"},{"sourcePosition":{"fileName":"firestore.rules","line":919,"column":12,"currentOffset":54017,"endOffset":54023},"description":"Invalid variable name: request.","severity":"WARNING"},{"sourcePosition":{"fileName":"firestore.rules","line":920,"column":12,"currentOffset":54074,"endOffset":54080},"description":"Invalid variable name: request.","severity":"WARNING"},{"sourcePosition":{"fileName":"firestore.rules","line":921,"column":27,"currentOffset":54139,"endOffset":54145},"description":"Invalid variable name: request.","severity":"WARNING"},{"sourcePosition":{"fileName":"firestore.rules","line":921,"column":53,"currentOffset":54165,"endOffset":54171},"description":"Invalid variable name: request.","severity":"WARNING"}]}
[warn] !  [W] 104:9 - Ternary operator result if condition is true has a different type than if condition is false. 
[warn] !  [W] 449:14 - Unused function: isChatParticipantByData. 
[warn] !  [W] 450:42 - Invalid variable name: request. 
[warn] !  [W] 450:62 - Invalid variable name: request. 
[warn] !  [W] 811:37 - Unused variable: data. 
[warn] !  [W] 817:32 - Unused variable: courseId. 
[warn] !  [W] 845:48 - Unused variable: classId. 
[warn] !  [W] 886:14 - Unused function: isValidLiveParticipantWrite. 
[warn] !  [W] 887:42 - Invalid variable name: request. 
[warn] !  [W] 891:14 - Unused function: isValidParticipantCountOnlyUpdate. 
[warn] !  [W] 891:48 - Unused variable: classId. 
[warn] !  [W] 893:12 - Invalid variable name: request. 
[warn] !  [W] 893:39 - Invalid variable name: resource. 
[warn] !  [W] 894:12 - Invalid variable name: request. 
[warn] !  [W] 895:12 - Invalid variable name: request. 
[warn] !  [W] 896:12 - Invalid variable name: request. 
[warn] !  [W] 897:12 - Invalid variable name: request. 
[warn] !  [W] 898:33 - Invalid variable name: resource. 
[warn] !  [W] 901:14 - Unused function: isValidLiveParticipantModeration. 
[warn] !  [W] 903:12 - Invalid variable name: request. 
[warn] !  [W] 903:39 - Invalid variable name: resource. 
[warn] !  [W] 906:40 - Invalid variable name: request. 
[warn] !  [W] 907:12 - Invalid variable name: request. 
[warn] !  [W] 907:45 - Invalid variable name: resource. 
[warn] !  [W] 908:12 - Invalid variable name: request. 
[warn] !  [W] 908:47 - Invalid variable name: resource. 
[warn] !  [W] 909:12 - Invalid variable name: request. 
[warn] !  [W] 909:42 - Invalid variable name: resource. 
[warn] !  [W] 910:12 - Invalid variable name: request. 
[warn] !  [W] 910:42 - Invalid variable name: resource. 
[warn] !  [W] 913:14 - Unused function: isValidLiveModerationEventCreate. 
[warn] !  [W] 915:31 - Invalid variable name: request. 
[warn] !  [W] 916:12 - Invalid variable name: request. 
[warn] !  [W] 917:12 - Invalid variable name: request. 
[warn] !  [W] 918:12 - Invalid variable name: request. 
[warn] !  [W] 918:50 - Invalid variable name: request. 
[warn] !  [W] 919:12 - Invalid variable name: request. 
[warn] !  [W] 920:12 - Invalid variable name: request. 
[warn] !  [W] 921:27 - Invalid variable name: request. 
[warn] !  [W] 921:53 - Invalid variable name: request. 
[info] +  cloud.firestore: rules file firestore.rules compiled successfully 
[debug] [2026-08-31T20:17:07.252Z] Checked if tokens are valid: true, expires at: 1788211021484
[debug] [2026-08-31T20:17:07.252Z] Checked if tokens are valid: true, expires at: 1788211021484
[debug] [2026-08-31T20:17:07.253Z] >>> [apiv2][query] GET https://firebaserules.googleapis.com/v1/projects/madrasa-app-50d6c/releases pageSize=10&pageToken=
[debug] [2026-08-31T20:17:07.257Z] Error: EPIPE: broken pipe, write
    at Socket._write (node:internal/net:75:18)
    at writeOrBuffer (node:internal/streams/writable:570:12)
    at _write (node:internal/streams/writable:499:10)
    at Writable.write (node:internal/streams/writable:508:10)
    at Console.log (C:\Users\xioas\AppData\Roaming\npm\node_modules\firebase-tools\node_modules\winston\lib\winston\transports\console.js:87:23)
    at Console._write (C:\Users\xioas\AppData\Roaming\npm\node_modules\firebase-tools\node_modules\winston-transport\modern.js:103:17)
    at doWrite (C:\Users\xioas\AppData\Roaming\npm\node_modules\firebase-tools\node_modules\winston-transport\node_modules\readable-stream\lib\_stream_writable.js:390:139)
    at writeOrBuffer (C:\Users\xioas\AppData\Roaming\npm\node_modules\firebase-tools\node_modules\winston-transport\node_modules\readable-stream\lib\_stream_writable.js:381:5)
    at Writable.write (C:\Users\xioas\AppData\Roaming\npm\node_modules\firebase-tools\node_modules\winston-transport\node_modules\readable-stream\lib\_stream_writable.js:302:11)
    at DerivedLogger.ondata (C:\Users\xioas\AppData\Roaming\npm\node_modules\firebase-tools\node_modules\winston\node_modules\readable-stream\lib\_stream_readable.js:629:20)
[error] 
[error] Error: An unexpected error has occurred.
[debug] [2026-08-31T20:17:07.259Z] Error: EPIPE: broken pipe, write
    at Socket._write (node:internal/net:75:18)
    at writeOrBuffer (node:internal/streams/writable:570:12)
    at _write (node:internal/streams/writable:499:10)
    at Writable.write (node:internal/streams/writable:508:10)
    at Console.log (C:\Users\xioas\AppData\Roaming\npm\node_modules\firebase-tools\node_modules\winston\lib\winston\transports\console.js:87:23)
    at Console._write (C:\Users\xioas\AppData\Roaming\npm\node_modules\firebase-tools\node_modules\winston-transport\modern.js:103:17)
    at doWrite (C:\Users\xioas\AppData\Roaming\npm\node_modules\firebase-tools\node_modules\winston-transport\node_modules\readable-stream\lib\_stream_writable.js:390:139)
    at writeOrBuffer (C:\Users\xioas\AppData\Roaming\npm\node_modules\firebase-tools\node_modules\winston-transport\node_modules\readable-stream\lib\_stream_writable.js:381:5)
    at Writable.write (C:\Users\xioas\AppData\Roaming\npm\node_modules\firebase-tools\node_modules\winston-transport\node_modules\readable-stream\lib\_stream_writable.js:302:11)
    at DerivedLogger.ondata (C:\Users\xioas\AppData\Roaming\npm\node_modules\firebase-tools\node_modules\winston\node_modules\readable-stream\lib\_stream_readable.js:629:20)
[error] 
[error] Error: An unexpected error has occurred.
[debug] [2026-08-31T20:17:07.260Z] Error: EPIPE: broken pipe, write
    at Socket._write (node:internal/net:75:18)
    at writeOrBuffer (node:internal/streams/writable:570:12)
    at _write (node:internal/streams/writable:499:10)
    at Writable.write (node:internal/streams/writable:508:10)
    at Console.log (C:\Users\xioas\AppData\Roaming\npm\node_modules\firebase-tools\node_modules\winston\lib\winston\transports\console.js:87:23)
    at Console._write (C:\Users\xioas\AppData\Roaming\npm\node_modules\firebase-tools\node_modules\winston-transport\modern.js:103:17)
    at doWrite (C:\Users\xioas\AppData\Roaming\npm\node_modules\firebase-tools\node_modules\winston-transport\node_modules\readable-stream\lib\_stream_writable.js:390:139)
    at writeOrBuffer (C:\Users\xioas\AppData\Roaming\npm\node_modules\firebase-tools\node_modules\winston-transport\node_modules\readable-stream\lib\_stream_writable.js:381:5)
    at Writable.write (C:\Users\xioas\AppData\Roaming\npm\node_modules\firebase-tools\node_modules\winston-transport\node_modules\readable-stream\lib\_stream_writable.js:302:11)
    at DerivedLogger.ondata (C:\Users\xioas\AppData\Roaming\npm\node_modules\firebase-tools\node_modules\winston\node_modules\readable-stream\lib\_stream_readable.js:629:20)
[error] 
[error] Error: An unexpected error has occurred.
[debug] [2026-08-31T20:17:07.260Z] Error: EPIPE: broken pipe, write
    at Socket._write (node:internal/net:75:18)
    at writeOrBuffer (node:internal/streams/writable:570:12)
    at _write (node:internal/streams/writable:499:10)
    at Writable.write (node:internal/streams/writable:508:10)
    at Console.log (C:\Users\xioas\AppData\Roaming\npm\node_modules\firebase-tools\node_modules\winston\lib\winston\transports\console.js:87:23)
    at Console._write (C:\Users\xioas\AppData\Roaming\npm\node_modules\firebase-tools\node_modules\winston-transport\modern.js:103:17)
    at doWrite (C:\Users\xioas\AppData\Roaming\npm\node_modules\firebase-tools\node_modules\winston-transport\node_modules\readable-stream\lib\_stream_writable.js:390:139)
    at writeOrBuffer (C:\Users\xioas\AppData\Roaming\npm\node_modules\firebase-tools\node_modules\winston-transport\node_modules\readable-stream\lib\_stream_writable.js:381:5)
    at Writable.write (C:\Users\xioas\AppData\Roaming\npm\node_modules\firebase-tools\node_modules\winston-transport\node_modules\readable-stream\lib\_stream_writable.js:302:11)
    at DerivedLogger.ondata (C:\Users\xioas\AppData\Roaming\npm\node_modules\firebase-tools\node_modules\winston\node_modules\readable-stream\lib\_stream_readable.js:629:20)
[error] 
[error] Error: An unexpected error has occurred.
[debug] [2026-08-31T20:17:07.261Z] Error: EPIPE: broken pipe, write
    at Socket._write (node:internal/net:75:18)
    at writeOrBuffer (node:internal/streams/writable:570:12)
    at _write (node:internal/streams/writable:499:10)
    at Writable.write (node:internal/streams/writable:508:10)
    at Console.log (C:\Users\xioas\AppData\Roaming\npm\node_modules\firebase-tools\node_modules\winston\lib\winston\transports\console.js:87:23)
    at Console._write (C:\Users\xioas\AppData\Roaming\npm\node_modules\firebase-tools\node_modules\winston-transport\modern.js:103:17)
    at doWrite (C:\Users\xioas\AppData\Roaming\npm\node_modules\firebase-tools\node_modules\winston-transport\node_modules\readable-stream\lib\_stream_writable.js:390:139)
    at writeOrBuffer (C:\Users\xioas\AppData\Roaming\npm\node_modules\firebase-tools\node_modules\winston-transport\node_modules\readable-stream\lib\_stream_writable.js:381:5)
    at Writable.write (C:\Users\xioas\AppData\Roaming\npm\node_modules\firebase-tools\node_modules\winston-transport\node_modules\readable-stream\lib\_stream_writable.js:302:11)
    at DerivedLogger.ondata (C:\Users\xioas\AppData\Roaming\npm\node_modules\firebase-tools\node_modules\winston\node_modules\readable-stream\lib\_stream_readable.js:629:20)
[error] 
[error] Error: An unexpected error has occurred.
[debug] [2026-08-31T20:17:07.262Z] Error: EPIPE: broken pipe, write
    at Socket._write (node:internal/net:75:18)
    at writeOrBuffer (node:internal/streams/writable:570:12)
    at _write (node:internal/streams/writable:499:10)
    at Writable.write (node:internal/streams/writable:508:10)
    at Console.log (C:\Users\xioas\AppData\Roaming\npm\node_modules\firebase-tools\node_modules\winston\lib\winston\transports\console.js:87:23)
    at Console._write (C:\Users\xioas\AppData\Roaming\npm\node_modules\firebase-tools\node_modules\winston-transport\modern.js:103:17)
    at doWrite (C:\Users\xioas\AppData\Roaming\npm\node_modules\firebase-tools\node_modules\winston-transport\node_modules\readable-stream\lib\_stream_writable.js:390:139)
    at writeOrBuffer (C:\Users\xioas\AppData\Roaming\npm\node_modules\firebase-tools\node_modules\winston-transport\node_modules\readable-stream\lib\_stream_writable.js:381:5)
    at Writable.write (C:\Users\xioas\AppData\Roaming\npm\node_modules\firebase-tools\node_modules\winston-transport\node_modules\readable-stream\lib\_stream_writable.js:302:11)
    at DerivedLogger.ondata (C:\Users\xioas\AppData\Roaming\npm\node_modules\firebase-tools\node_modules\winston\node_modules\readable-stream\lib\_stream_readable.js:629:20)
[error] 
[error] Error: An unexpected error has occurred.
[debug] [2026-08-31T20:17:07.263Z] Error: EPIPE: broken pipe, write
    at Socket._write (node:internal/net:75:18)
    at writeOrBuffer (node:internal/streams/writable:570:12)
    at _write (node:internal/streams/writable:499:10)
    at Writable.write (node:internal/streams/writable:508:10)
    at Console.log (C:\Users\xioas\AppData\Roaming\npm\node_modules\firebase-tools\node_modules\winston\lib\winston\transports\console.js:87:23)
    at Console._write (C:\Users\xioas\AppData\Roaming\npm\node_modules\firebase-tools\node_modules\winston-transport\modern.js:103:17)
    at doWrite (C:\Users\xioas\AppData\Roaming\npm\node_modules\firebase-tools\node_modules\winston-transport\node_modules\readable-stream\lib\_stream_writable.js:390:139)
    at writeOrBuffer (C:\Users\xioas\AppData\Roaming\npm\node_modules\firebase-tools\node_modules\winston-transport\node_modules\readable-stream\lib\_stream_writable.js:381:5)
    at Writable.write (C:\Users\xioas\AppData\Roaming\npm\node_modules\firebase-tools\node_modules\winston-transport\node_modules\readable-stream\lib\_stream_writable.js:302:11)
    at DerivedLogger.ondata (C:\Users\xioas\AppData\Roaming\npm\node_modules\firebase-tools\node_modules\winston\node_modules\readable-stream\lib\_stream_readable.js:629:20)
[error] 
[error] Error: An unexpected error has occurred.
[debug] [2026-08-31T20:17:07.263Z] Error: EPIPE: broken pipe, write
    at Socket._write (node:internal/net:75:18)
    at writeOrBuffer (node:internal/streams/writable:570:12)
    at _write (node:internal/streams/writable:499:10)
    at Writable.write (node:internal/streams/writable:508:10)
    at Console.log (C:\Users\xioas\AppData\Roaming\npm\node_modules\firebase-tools\node_modules\winston\lib\winston\transports\console.js:87:23)
    at Console._write (C:\Users\xioas\AppData\Roaming\npm\node_modules\firebase-tools\node_modules\winston-transport\modern.js:103:17)
    at doWrite (C:\Users\xioas\AppData\Roaming\npm\node_modules\firebase-tools\node_modules\winston-transport\node_modules\readable-stream\lib\_stream_writable.js:390:139)
    at writeOrBuffer (C:\Users\xioas\AppData\Roaming\npm\node_modules\firebase-tools\node_modules\winston-transport\node_modules\readable-stream\lib\_stream_writable.js:381:5)
    at Writable.write (C:\Users\xioas\AppData\Roaming\npm\node_modules\firebase-tools\node_modules\winston-transport\node_modules\readable-stream\lib\_stream_writable.js:302:11)
    at DerivedLogger.ondata (C:\Users\xioas\AppData\Roaming\npm\node_modules\firebase-tools\node_modules\winston\node_modules\readable-stream\lib\_stream_readable.js:629:20)
[error] 
[error] Error: An unexpected error has occurred.
[debug] [2026-08-31T20:17:07.264Z] Error: EPIPE: broken pipe, write
    at Socket._write (node:internal/net:75:18)
    at writeOrBuffer (node:internal/streams/writable:570:12)
    at _write (node:internal/streams/writable:499:10)
    at Writable.write (node:internal/streams/writable:508:10)
    at Console.log (C:\Users\xioas\AppData\Roaming\npm\node_modules\firebase-tools\node_modules\winston\lib\winston\transports\console.js:87:23)
    at Console._write (C:\Users\xioas\AppData\Roaming\npm\node_modules\firebase-tools\node_modules\winston-transport\modern.js:103:17)
    at doWrite (C:\Users\xioas\AppData\Roaming\npm\node_modules\firebase-tools\node_modules\winston-transport\node_modules\readable-stream\lib\_stream_writable.js:390:139)
    at writeOrBuffer (C:\Users\xioas\AppData\Roaming\npm\node_modules\firebase-tools\node_modules\winston-transport\node_modules\readable-stream\lib\_stream_writable.js:381:5)
    at Writable.write (C:\Users\xioas\AppData\Roaming\npm\node_modules\firebase-tools\node_modules\winston-transport\node_modules\readable-stream\lib\_stream_writable.js:302:11)
    at DerivedLogger.ondata (C:\Users\xioas\AppData\Roaming\npm\node_modules\firebase-tools\node_modules\winston\node_modules\readable-stream\lib\_stream_readable.js:629:20)
[error] 
[error] Error: An unexpected error has occurred.
[debug] [2026-08-31T20:17:07.265Z] Error: EPIPE: broken pipe, write
    at Socket._write (node:internal/net:75:18)
    at writeOrBuffer (node:internal/streams/writable:570:12)
    at _write (node:internal/streams/writable:499:10)
    at Writable.write (node:internal/streams/writable:508:10)
    at Console.log (C:\Users\xioas\AppData\Roaming\npm\node_modules\firebase-tools\node_modules\winston\lib\winston\transports\console.js:87:23)
    at Console._write (C:\Users\xioas\AppData\Roaming\npm\node_modules\firebase-tools\node_modules\winston-transport\modern.js:103:17)
    at doWrite (C:\Users\xioas\AppData\Roaming\npm\node_modules\firebase-tools\node_modules\winston-transport\node_modules\readable-stream\lib\_stream_writable.js:390:139)
    at writeOrBuffer (C:\Users\xioas\AppData\Roaming\npm\node_modules\firebase-tools\node_modules\winston-transport\node_modules\readable-stream\lib\_stream_writable.js:381:5)
    at Writable.write (C:\Users\xioas\AppData\Roaming\npm\node_modules\firebase-tools\node_modules\winston-transport\node_modules\readable-stream\lib\_stream_writable.js:302:11)
    at DerivedLogger.ondata (C:\Users\xioas\AppData\Roaming\npm\node_modules\firebase-tools\node_modules\winston\node_modules\readable-stream\lib\_stream_readable.js:629:20)
[error] 
[error] Error: An unexpected error has occurred.
[debug] [2026-08-31T20:17:07.266Z] Error: EPIPE: broken pipe, write
    at Socket._write (node:internal/net:75:18)
    at writeOrBuffer (node:internal/streams/writable:570:12)
    at _write (node:internal/streams/writable:499:10)
    at Writable.write (node:internal/streams/writable:508:10)
    at Console.log (C:\Users\xioas\AppData\Roaming\npm\node_modules\firebase-tools\node_modules\winston\lib\winston\transports\console.js:87:23)
    at Console._write (C:\Users\xioas\AppData\Roaming\npm\node_modules\firebase-tools\node_modules\winston-transport\modern.js:103:17)
    at doWrite (C:\Users\xioas\AppData\Roaming\npm\node_modules\firebase-tools\node_modules\winston-transport\node_modules\readable-stream\lib\_stream_writable.js:390:139)
    at writeOrBuffer (C:\Users\xioas\AppData\Roaming\npm\node_modules\firebase-tools\node_modules\winston-transport\node_modules\readable-stream\lib\_stream_writable.js:381:5)
    at Writable.write (C:\Users\xioas\AppData\Roaming\npm\node_modules\firebase-tools\node_modules\winston-transport\node_modules\readable-stream\lib\_stream_writable.js:302:11)
    at DerivedLogger.ondata (C:\Users\xioas\AppData\Roaming\npm\node_modules\firebase-tools\node_modules\winston\node_modules\readable-stream\lib\_stream_readable.js:629:20)
[error] 
[error] Error: An unexpected error has occurred.
[debug] [2026-08-31T20:17:07.268Z] Error: EPIPE: broken pipe, write
    at Socket._write (node:internal/net:75:18)
    at writeOrBuffer (node:internal/streams/writable:570:12)
    at _write (node:internal/streams/writable:499:10)
    at Writable.write (node:internal/streams/writable:508:10)
    at Console.log (C:\Users\xioas\AppData\Roaming\npm\node_modules\firebase-tools\node_modules\winston\lib\winston\transports\console.js:87:23)
    at Console._write (C:\Users\xioas\AppData\Roaming\npm\node_modules\firebase-tools\node_modules\winston-transport\modern.js:103:17)
    at doWrite (C:\Users\xioas\AppData\Roaming\npm\node_modules\firebase-tools\node_modules\winston-transport\node_modules\readable-stream\lib\_stream_writable.js:390:139)
    at writeOrBuffer (C:\Users\xioas\AppData\Roaming\npm\node_modules\firebase-tools\node_modules\winston-transport\node_modules\readable-stream\lib\_stream_writable.js:381:5)
    at Writable.write (C:\Users\xioas\AppData\Roaming\npm\node_modules\firebase-tools\node_modules\winston-transport\node_modules\readable-stream\lib\_stream_writable.js:302:11)
    at DerivedLogger.ondata (C:\Users\xioas\AppData\Roaming\npm\node_modules\firebase-tools\node_modules\winston\node_modules\readable-stream\lib\_stream_readable.js:629:20)
[error] 
[error] Error: An unexpected error has occurred.
[debug] [2026-08-31T20:17:07.270Z] Error: EPIPE: broken pipe, write
    at Socket._write (node:internal/net:75:18)
    at writeOrBuffer (node:internal/streams/writable:570:12)
    at _write (node:internal/streams/writable:499:10)
    at Writable.write (node:internal/streams/writable:508:10)
    at Console.log (C:\Users\xioas\AppData\Roaming\npm\node_modules\firebase-tools\node_modules\winston\lib\winston\transports\console.js:87:23)
    at Console._write (C:\Users\xioas\AppData\Roaming\npm\node_modules\firebase-tools\node_modules\winston-transport\modern.js:103:17)
    at doWrite (C:\Users\xioas\AppData\Roaming\npm\node_modules\firebase-tools\node_modules\winston-transport\node_modules\readable-stream\lib\_stream_writable.js:390:139)
    at writeOrBuffer (C:\Users\xioas\AppData\Roaming\npm\node_modules\firebase-tools\node_modules\winston-transport\node_modules\readable-stream\lib\_stream_writable.js:381:5)
    at Writable.write (C:\Users\xioas\AppData\Roaming\npm\node_modules\firebase-tools\node_modules\winston-transport\node_modules\readable-stream\lib\_stream_writable.js:302:11)
    at DerivedLogger.ondata (C:\Users\xioas\AppData\Roaming\npm\node_modules\firebase-tools\node_modules\winston\node_modules\readable-stream\lib\_stream_readable.js:629:20)
[error] 
[error] Error: An unexpected error has occurred.
[debug] [2026-08-31T20:17:07.272Z] Error: EPIPE: broken pipe, write
    at Socket._write (node:internal/net:75:18)
    at writeOrBuffer (node:internal/streams/writable:570:12)
    at _write (node:internal/streams/writable:499:10)
    at Writable.write (node:internal/streams/writable:508:10)
    at Console.log (C:\Users\xioas\AppData\Roaming\npm\node_modules\firebase-tools\node_modules\winston\lib\winston\transports\console.js:87:23)
    at Console._write (C:\Users\xioas\AppData\Roaming\npm\node_modules\firebase-tools\node_modules\winston-transport\modern.js:103:17)
    at doWrite (C:\Users\xioas\AppData\Roaming\npm\node_modules\firebase-tools\node_modules\winston-transport\node_modules\readable-stream\lib\_stream_writable.js:390:139)
    at writeOrBuffer (C:\Users\xioas\AppData\Roaming\npm\node_modules\firebase-tools\node_modules\winston-transport\node_modules\readable-stream\lib\_stream_writable.js:381:5)
    at Writable.write (C:\Users\xioas\AppData\Roaming\npm\node_modules\firebase-tools\node_modules\winston-transport\node_modules\readable-stream\lib\_stream_writable.js:302:11)
    at DerivedLogger.ondata (C:\Users\xioas\AppData\Roaming\npm\node_modules\firebase-tools\node_modules\winston\node_modules\readable-stream\lib\_stream_readable.js:629:20)
[error] 
[error] Error: An unexpected error has occurred.
[debug] [2026-08-31T20:17:07.272Z] Error: EPIPE: broken pipe, write
    at Socket._write (node:internal/net:75:18)
    at writeOrBuffer (node:internal/streams/writable:570:12)
    at _write (node:internal/streams/writable:499:10)
    at Writable.write (node:internal/streams/writable:508:10)
    at Console.log (C:\Users\xioas\AppData\Roaming\npm\node_modules\firebase-tools\node_modules\winston\lib\winston\transports\console.js:87:23)
    at Console._write (C:\Users\xioas\AppData\Roaming\npm\node_modules\firebase-tools\node_modules\winston-transport\modern.js:103:17)
    at doWrite (C:\Users\xioas\AppData\Roaming\npm\node_modules\firebase-tools\node_modules\winston-transport\node_modules\readable-stream\lib\_stream_writable.js:390:139)
    at writeOrBuffer (C:\Users\xioas\AppData\Roaming\npm\node_modules\firebase-tools\node_modules\winston-transport\node_modules\readable-stream\lib\_stream_writable.js:381:5)
    at Writable.write (C:\Users\xioas\AppData\Roaming\npm\node_modules\firebase-tools\node_modules\winston-transport\node_modules\readable-stream\lib\_stream_writable.js:302:11)
    at DerivedLogger.ondata (C:\Users\xioas\AppData\Roaming\npm\node_modules\firebase-tools\node_modules\winston\node_modules\readable-stream\lib\_stream_readable.js:629:20)
[error] 
[error] Error: An unexpected error has occurred.
[debug] [2026-08-31T20:17:07.273Z] Error: EPIPE: broken pipe, write
    at Socket._write (node:internal/net:75:18)
    at writeOrBuffer (node:internal/streams/writable:570:12)
    at _write (node:internal/streams/writable:499:10)
    at Writable.write (node:internal/streams/writable:508:10)
    at Console.log (C:\Users\xioas\AppData\Roaming\npm\node_modules\firebase-tools\node_modules\winston\lib\winston\transports\console.js:87:23)
    at Console._write (C:\Users\xioas\AppData\Roaming\npm\node_modules\firebase-tools\node_modules\winston-transport\modern.js:103:17)
    at doWrite (C:\Users\xioas\AppData\Roaming\npm\node_modules\firebase-tools\node_modules\winston-transport\node_modules\readable-stream\lib\_stream_writable.js:390:139)
    at writeOrBuffer (C:\Users\xioas\AppData\Roaming\npm\node_modules\firebase-tools\node_modules\winston-transport\node_modules\readable-stream\lib\_stream_writable.js:381:5)
    at Writable.write (C:\Users\xioas\AppData\Roaming\npm\node_modules\firebase-tools\node_modules\winston-transport\node_modules\readable-stream\lib\_stream_writable.js:302:11)
    at DerivedLogger.ondata (C:\Users\xioas\AppData\Roaming\npm\node_modules\firebase-tools\node_modules\winston\node_modules\readable-stream\lib\_stream_readable.js:629:20)
[error] 
[error] Error: An unexpected error has occurred.
[debug] [2026-08-31T20:17:07.274Z] Error: EPIPE: broken pipe, write
    at Socket._write (node:internal/net:75:18)
    at writeOrBuffer (node:internal/streams/writable:570:12)
    at _write (node:internal/streams/writable:499:10)
    at Writable.write (node:internal/streams/writable:508:10)
    at Console.log (C:\Users\xioas\AppData\Roaming\npm\node_modules\firebase-tools\node_modules\winston\lib\winston\transports\console.js:87:23)
    at Console._write (C:\Users\xioas\AppData\Roaming\npm\node_modules\firebase-tools\node_modules\winston-transport\modern.js:103:17)
    at doWrite (C:\Users\xioas\AppData\Roaming\npm\node_modules\firebase-tools\node_modules\winston-transport\node_modules\readable-stream\lib\_stream_writable.js:390:139)
    at writeOrBuffer (C:\Users\xioas\AppData\Roaming\npm\node_modules\firebase-tools\node_modules\winston-transport\node_modules\readable-stream\lib\_stream_writable.js:381:5)
    at Writable.write (C:\Users\xioas\AppData\Roaming\npm\node_modules\firebase-tools\node_modules\winston-transport\node_modules\readable-stream\lib\_stream_writable.js:302:11)
    at DerivedLogger.ondata (C:\Users\xioas\AppData\Roaming\npm\node_modules\firebase-tools\node_modules\winston\node_modules\readable-stream\lib\_stream_readable.js:629:20)
[error] 
[error] Error: An unexpected error has occurred.
[debug] [2026-08-31T20:17:07.275Z] Error: EPIPE: broken pipe, write
    at Socket._write (node:internal/net:75:18)
    at writeOrBuffer (node:internal/streams/writable:570:12)
    at _write (node:internal/streams/writable:499:10)
    at Writable.write (node:internal/streams/writable:508:10)
    at Console.log (C:\Users\xioas\AppData\Roaming\npm\node_modules\firebase-tools\node_modules\winston\lib\winston\transports\console.js:87:23)
    at Console._write (C:\Users\xioas\AppData\Roaming\npm\node_modules\firebase-tools\node_modules\winston-transport\modern.js:103:17)
    at doWrite (C:\Users\xioas\AppData\Roaming\npm\node_modules\firebase-tools\node_modules\winston-transport\node_modules\readable-stream\lib\_stream_writable.js:390:139)
    at writeOrBuffer (C:\Users\xioas\AppData\Roaming\npm\node_modules\firebase-tools\node_modules\winston-transport\node_modules\readable-stream\lib\_stream_writable.js:381:5)
    at Writable.write (C:\Users\xioas\AppData\Roaming\npm\node_modules\firebase-tools\node_modules\winston-transport\node_modules\readable-stream\lib\_stream_writable.js:302:11)
    at DerivedLogger.ondata (C:\Users\xioas\AppData\Roaming\npm\node_modules\firebase-tools\node_modules\winston\node_modules\readable-stream\lib\_stream_readable.js:629:20)
[error] 
[error] Error: An unexpected error has occurred.
[debug] [2026-08-31T20:17:07.276Z] Error: EPIPE: broken pipe, write
    at Socket._write (node:internal/net:75:18)
    at writeOrBuffer (node:internal/streams/writable:570:12)
    at _write (node:internal/streams/writable:499:10)
    at Writable.write (node:internal/streams/writable:508:10)
    at Console.log (C:\Users\xioas\AppData\Roaming\npm\node_modules\firebase-tools\node_modules\winston\lib\winston\transports\console.js:87:23)
    at Console._write (C:\Users\xioas\AppData\Roaming\npm\node_modules\firebase-tools\node_modules\winston-transport\modern.js:103:17)
    at doWrite (C:\Users\xioas\AppData\Roaming\npm\node_modules\firebase-tools\node_modules\winston-transport\node_modules\readable-stream\lib\_stream_writable.js:390:139)
    at writeOrBuffer (C:\Users\xioas\AppData\Roaming\npm\node_modules\firebase-tools\node_modules\winston-transport\node_modules\readable-stream\lib\_stream_writable.js:381:5)
    at Writable.write (C:\Users\xioas\AppData\Roaming\npm\node_modules\firebase-tools\node_modules\winston-transport\node_modules\readable-stream\lib\_stream_writable.js:302:11)
    at DerivedLogger.ondata (C:\Users\xioas\AppData\Roaming\npm\node_modules\firebase-tools\node_modules\winston\node_modules\readable-stream\lib\_stream_readable.js:629:20)
[error] 
[error] Error: An unexpected error has occurred.
[debug] [2026-08-31T20:17:07.277Z] Error: EPIPE: broken pipe, write
    at Socket._write (node:internal/net:75:18)
    at writeOrBuffer (node:internal/streams/writable:570:12)
    at _write (node:internal/streams/writable:499:10)
    at Writable.write (node:internal/streams/writable:508:10)
    at Console.log (C:\Users\xioas\AppData\Roaming\npm\node_modules\firebase-tools\node_modules\winston\lib\winston\transports\console.js:87:23)
    at Console._write (C:\Users\xioas\AppData\Roaming\npm\node_modules\firebase-tools\node_modules\winston-transport\modern.js:103:17)
    at doWrite (C:\Users\xioas\AppData\Roaming\npm\node_modules\firebase-tools\node_modules\winston-transport\node_modules\readable-stream\lib\_stream_writable.js:390:139)
    at writeOrBuffer (C:\Users\xioas\AppData\Roaming\npm\node_modules\firebase-tools\node_modules\winston-transport\node_modules\readable-stream\lib\_stream_writable.js:381:5)
    at Writable.write (C:\Users\xioas\AppData\Roaming\npm\node_modules\firebase-tools\node_modules\winston-transport\node_modules\readable-stream\lib\_stream_writable.js:302:11)
    at DerivedLogger.ondata (C:\Users\xioas\AppData\Roaming\npm\node_modules\firebase-tools\node_modules\winston\node_modules\readable-stream\lib\_stream_readable.js:629:20)
[error] 
[error] Error: An unexpected error has occurred.
[debug] [2026-08-31T20:17:07.278Z] Error: EPIPE: broken pipe, write
    at Socket._write (node:internal/net:75:18)
    at writeOrBuffer (node:internal/streams/writable:570:12)
    at _write (node:internal/streams/writable:499:10)
    at Writable.write (node:internal/streams/writable:508:10)
    at Console.log (C:\Users\xioas\AppData\Roaming\npm\node_modules\firebase-tools\node_modules\winston\lib\winston\transports\console.js:87:23)
    at Console._write (C:\Users\xioas\AppData\Roaming\npm\node_modules\firebase-tools\node_modules\winston-transport\modern.js:103:17)
    at doWrite (C:\Users\xioas\AppData\Roaming\npm\node_modules\firebase-tools\node_modules\winston-transport\node_modules\readable-stream\lib\_stream_writable.js:390:139)
    at writeOrBuffer (C:\Users\xioas\AppData\Roaming\npm\node_modules\firebase-tools\node_modules\winston-transport\node_modules\readable-stream\lib\_stream_writable.js:381:5)
    at Writable.write (C:\Users\xioas\AppData\Roaming\npm\node_modules\firebase-tools\node_modules\winston-transport\node_modules\readable-stream\lib\_stream_writable.js:302:11)
    at DerivedLogger.ondata (C:\Users\xioas\AppData\Roaming\npm\node_modules\firebase-tools\node_modules\winston\node_modules\readable-stream\lib\_stream_readable.js:629:20)
[error] 
[error] Error: An unexpected error has occurred.
[debug] [2026-08-31T20:17:07.279Z] Error: EPIPE: broken pipe, write
    at Socket._write (node:internal/net:75:18)
    at writeOrBuffer (node:internal/streams/writable:570:12)
    at _write (node:internal/streams/writable:499:10)
    at Writable.write (node:internal/streams/writable:508:10)
    at Console.log (C:\Users\xioas\AppData\Roaming\npm\node_modules\firebase-tools\node_modules\winston\lib\winston\transports\console.js:87:23)
    at Console._write (C:\Users\xioas\AppData\Roaming\npm\node_modules\firebase-tools\node_modules\winston-transport\modern.js:103:17)
    at doWrite (C:\Users\xioas\AppData\Roaming\npm\node_modules\firebase-tools\node_modules\winston-transport\node_modules\readable-stream\lib\_stream_writable.js:390:139)
    at writeOrBuffer (C:\Users\xioas\AppData\Roaming\npm\node_modules\firebase-tools\node_modules\winston-transport\node_modules\readable-stream\lib\_stream_writable.js:381:5)
    at Writable.write (C:\Users\xioas\AppData\Roaming\npm\node_modules\firebase-tools\node_modules\winston-transport\node_modules\readable-stream\lib\_stream_writable.js:302:11)
    at DerivedLogger.ondata (C:\Users\xioas\AppData\Roaming\npm\node_modules\firebase-tools\node_modules\winston\node_modules\readable-stream\lib\_stream_readable.js:629:20)
[error] 
[error] Error: An unexpected error has occurred.
[debug] [2026-08-31T20:17:07.280Z] Error: EPIPE: broken pipe, write
    at Socket._write (node:internal/net:75:18)
    at writeOrBuffer (node:internal/streams/writable:570:12)
    at _write (node:internal/streams/writable:499:10)
    at Writable.write (node:internal/streams/writable:508:10)
    at Console.log (C:\Users\xioas\AppData\Roaming\npm\node_modules\firebase-tools\node_modules\winston\lib\winston\transports\console.js:87:23)
    at Console._write (C:\Users\xioas\AppData\Roaming\npm\node_modules\firebase-tools\node_modules\winston-transport\modern.js:103:17)
    at doWrite (C:\Users\xioas\AppData\Roaming\npm\node_modules\firebase-tools\node_modules\winston-transport\node_modules\readable-stream\lib\_stream_writable.js:390:139)
    at writeOrBuffer (C:\Users\xioas\AppData\Roaming\npm\node_modules\firebase-tools\node_modules\winston-transport\node_modules\readable-stream\lib\_stream_writable.js:381:5)
    at Writable.write (C:\Users\xioas\AppData\Roaming\npm\node_modules\firebase-tools\node_modules\winston-transport\node_modules\readable-stream\lib\_stream_writable.js:302:11)
    at DerivedLogger.ondata (C:\Users\xioas\AppData\Roaming\npm\node_modules\firebase-tools\node_modules\winston\node_modules\readable-stream\lib\_stream_readable.js:629:20)
[error] 
[error] Error: An unexpected error has occurred.
[debug] [2026-08-31T20:17:07.280Z] Error: EPIPE: broken pipe, write
    at Socket._write (node:internal/net:75:18)
    at writeOrBuffer (node:internal/streams/writable:570:12)
    at _write (node:internal/streams/writable:499:10)
    at Writable.write (node:internal/streams/writable:508:10)
    at Console.log (C:\Users\xioas\AppData\Roaming\npm\node_modules\firebase-tools\node_modules\winston\lib\winston\transports\console.js:87:23)
    at Console._write (C:\Users\xioas\AppData\Roaming\npm\node_modules\firebase-tools\node_modules\winston-transport\modern.js:103:17)
    at doWrite (C:\Users\xioas\AppData\Roaming\npm\node_modules\firebase-tools\node_modules\winston-transport\node_modules\readable-stream\lib\_stream_writable.js:390:139)
    at writeOrBuffer (C:\Users\xioas\AppData\Roaming\npm\node_modules\firebase-tools\node_modules\winston-transport\node_modules\readable-stream\lib\_stream_writable.js:381:5)
    at Writable.write (C:\Users\xioas\AppData\Roaming\npm\node_modules\firebase-tools\node_modules\winston-transport\node_modules\readable-stream\lib\_stream_writable.js:302:11)
    at DerivedLogger.ondata (C:\Users\xioas\AppData\Roaming\npm\node_modules\firebase-tools\node_modules\winston\node_modules\readable-stream\lib\_stream_readable.js:629:20)
[error] 
[error] Error: An unexpected error has occurred.
[debug] [2026-08-31T20:17:07.281Z] Error: EPIPE: broken pipe, write
    at Socket._write (node:internal/net:75:18)
    at writeOrBuffer (node:internal/streams/writable:570:12)
    at _write (node:internal/streams/writable:499:10)
    at Writable.write (node:internal/streams/writable:508:10)
    at Console.log (C:\Users\xioas\AppData\Roaming\npm\node_modules\firebase-tools\node_modules\winston\lib\winston\transports\console.js:87:23)
    at Console._write (C:\Users\xioas\AppData\Roaming\npm\node_modules\firebase-tools\node_modules\winston-transport\modern.js:103:17)
    at doWrite (C:\Users\xioas\AppData\Roaming\npm\node_modules\firebase-tools\node_modules\winston-transport\node_modules\readable-stream\lib\_stream_writable.js:390:139)
    at writeOrBuffer (C:\Users\xioas\AppData\Roaming\npm\node_modules\firebase-tools\node_modules\winston-transport\node_modules\readable-stream\lib\_stream_writable.js:381:5)
    at Writable.write (C:\Users\xioas\AppData\Roaming\npm\node_modules\firebase-tools\node_modules\winston-transport\node_modules\readable-stream\lib\_stream_writable.js:302:11)
    at DerivedLogger.ondata (C:\Users\xioas\AppData\Roaming\npm\node_modules\firebase-tools\node_modules\winston\node_modules\readable-stream\lib\_stream_readable.js:629:20)
[error] 
[error] Error: An unexpected error has occurred.
[debug] [2026-08-31T20:17:07.282Z] Error: EPIPE: broken pipe, write
    at Socket._write (node:internal/net:75:18)
    at writeOrBuffer (node:internal/streams/writable:570:12)
    at _write (node:internal/streams/writable:499:10)
    at Writable.write (node:internal/streams/writable:508:10)
    at Console.log (C:\Users\xioas\AppData\Roaming\npm\node_modules\firebase-tools\node_modules\winston\lib\winston\transports\console.js:87:23)
    at Console._write (C:\Users\xioas\AppData\Roaming\npm\node_modules\firebase-tools\node_modules\winston-transport\modern.js:103:17)
    at doWrite (C:\Users\xioas\AppData\Roaming\npm\node_modules\firebase-tools\node_modules\winston-transport\node_modules\readable-stream\lib\_stream_writable.js:390:139)
    at writeOrBuffer (C:\Users\xioas\AppData\Roaming\npm\node_modules\firebase-tools\node_modules\winston-transport\node_modules\readable-stream\lib\_stream_writable.js:381:5)
    at Writable.write (C:\Users\xioas\AppData\Roaming\npm\node_modules\firebase-tools\node_modules\winston-transport\node_modules\readable-stream\lib\_stream_writable.js:302:11)
    at DerivedLogger.ondata (C:\Users\xioas\AppData\Roaming\npm\node_modules\firebase-tools\node_modules\winston\node_modules\readable-stream\lib\_stream_readable.js:629:20)
[error] 
[error] Error: An unexpected error has occurred.
[debug] [2026-08-31T20:17:07.283Z] Error: EPIPE: broken pipe, write
    at Socket._write (node:internal/net:75:18)
    at writeOrBuffer (node:internal/streams/writable:570:12)
    at _write (node:internal/streams/writable:499:10)
    at Writable.write (node:internal/streams/writable:508:10)
    at Console.log (C:\Users\xioas\AppData\Roaming\npm\node_modules\firebase-tools\node_modules\winston\lib\winston\transports\console.js:87:23)
    at Console._write (C:\Users\xioas\AppData\Roaming\npm\node_modules\firebase-tools\node_modules\winston-transport\modern.js:103:17)
    at doWrite (C:\Users\xioas\AppData\Roaming\npm\node_modules\firebase-tools\node_modules\winston-transport\node_modules\readable-stream\lib\_stream_writable.js:390:139)
    at writeOrBuffer (C:\Users\xioas\AppData\Roaming\npm\node_modules\firebase-tools\node_modules\winston-transport\node_modules\readable-stream\lib\_stream_writable.js:381:5)
    at Writable.write (C:\Users\xioas\AppData\Roaming\npm\node_modules\firebase-tools\node_modules\winston-transport\node_modules\readable-stream\lib\_stream_writable.js:302:11)
    at DerivedLogger.ondata (C:\Users\xioas\AppData\Roaming\npm\node_modules\firebase-tools\node_modules\winston\node_modules\readable-stream\lib\_stream_readable.js:629:20)
[error] 
[error] Error: An unexpected error has occurred.
[debug] [2026-08-31T20:17:07.284Z] Error: EPIPE: broken pipe, write
    at Socket._write (node:internal/net:75:18)
    at writeOrBuffer (node:internal/streams/writable:570:12)
    at _write (node:internal/streams/writable:499:10)
    at Writable.write (node:internal/streams/writable:508:10)
    at Console.log (C:\Users\xioas\AppData\Roaming\npm\node_modules\firebase-tools\node_modules\winston\lib\winston\transports\console.js:87:23)
    at Console._write (C:\Users\xioas\AppData\Roaming\npm\node_modules\firebase-tools\node_modules\winston-transport\modern.js:103:17)
    at doWrite (C:\Users\xioas\AppData\Roaming\npm\node_modules\firebase-tools\node_modules\winston-transport\node_modules\readable-stream\lib\_stream_writable.js:390:139)
    at writeOrBuffer (C:\Users\xioas\AppData\Roaming\npm\node_modules\firebase-tools\node_modules\winston-transport\node_modules\readable-stream\lib\_stream_writable.js:381:5)
    at Writable.write (C:\Users\xioas\AppData\Roaming\npm\node_modules\firebase-tools\node_modules\winston-transport\node_modules\readable-stream\lib\_stream_writable.js:302:11)
    at DerivedLogger.ondata (C:\Users\xioas\AppData\Roaming\npm\node_modules\firebase-tools\node_modules\winston\node_modules\readable-stream\lib\_stream_readable.js:629:20)
[error] 
[error] Error: An unexpected error has occurred.
[debug] [2026-08-31T20:17:07.285Z] Error: EPIPE: broken pipe, write
    at Socket._write (node:internal/net:75:18)
    at writeOrBuffer (node:internal/streams/writable:570:12)
    at _write (node:internal/streams/writable:499:10)
    at Writable.write (node:internal/streams/writable:508:10)
    at Console.log (C:\Users\xioas\AppData\Roaming\npm\node_modules\firebase-tools\node_modules\winston\lib\winston\transports\console.js:87:23)
    at Console._write (C:\Users\xioas\AppData\Roaming\npm\node_modules\firebase-tools\node_modules\winston-transport\modern.js:103:17)
    at doWrite (C:\Users\xioas\AppData\Roaming\npm\node_modules\firebase-tools\node_modules\winston-transport\node_modules\readable-stream\lib\_stream_writable.js:390:139)
    at writeOrBuffer (C:\Users\xioas\AppData\Roaming\npm\node_modules\firebase-tools\node_modules\winston-transport\node_modules\readable-stream\lib\_stream_writable.js:381:5)
    at Writable.write (C:\Users\xioas\AppData\Roaming\npm\node_modules\firebase-tools\node_modules\winston-transport\node_modules\readable-stream\lib\_stream_writable.js:302:11)
    at DerivedLogger.ondata (C:\Users\xioas\AppData\Roaming\npm\node_modules\firebase-tools\node_modules\winston\node_modules\readable-stream\lib\_stream_readable.js:629:20)
[error] 
[error] Error: An unexpected error has occurred.
[debug] [2026-08-31T20:17:07.285Z] Error: EPIPE: broken pipe, write
    at Socket._write (node:internal/net:75:18)
    at writeOrBuffer (node:internal/streams/writable:570:12)
    at _write (node:internal/streams/writable:499:10)
    at Writable.write (node:internal/streams/writable:508:10)
    at Console.log (C:\Users\xioas\AppData\Roaming\npm\node_modules\firebase-tools\node_modules\winston\lib\winston\transports\console.js:87:23)
    at Console._write (C:\Users\xioas\AppData\Roaming\npm\node_modules\firebase-tools\node_modules\winston-transport\modern.js:103:17)
    at doWrite (C:\Users\xioas\AppData\Roaming\npm\node_modules\firebase-tools\node_modules\winston-transport\node_modules\readable-stream\lib\_stream_writable.js:390:139)
    at writeOrBuffer (C:\Users\xioas\AppData\Roaming\npm\node_modules\firebase-tools\node_modules\winston-transport\node_modules\readable-stream\lib\_stream_writable.js:381:5)
    at Writable.write (C:\Users\xioas\AppData\Roaming\npm\node_modules\firebase-tools\node_modules\winston-transport\node_modules\readable-stream\lib\_stream_writable.js:302:11)
    at DerivedLogger.ondata (C:\Users\xioas\AppData\Roaming\npm\node_modules\firebase-tools\node_modules\winston\node_modules\readable-stream\lib\_stream_readable.js:629:20)
[error] 
[error] Error: An unexpected error has occurred.
[debug] [2026-08-31T20:17:07.285Z] Error: EPIPE: broken pipe, write
    at Socket._write (node:internal/net:75:18)
    at writeOrBuffer (node:internal/streams/writable:570:12)
    at _write (node:internal/streams/writable:499:10)
    at Writable.write (node:internal/streams/writable:508:10)
    at Console.log (C:\Users\xioas\AppData\Roaming\npm\node_modules\firebase-tools\node_modules\winston\lib\winston\transports\console.js:87:23)
    at Console._write (C:\Users\xioas\AppData\Roaming\npm\node_modules\firebase-tools\node_modules\winston-transport\modern.js:103:17)
    at doWrite (C:\Users\xioas\AppData\Roaming\npm\node_modules\firebase-tools\node_modules\winston-transport\node_modules\readable-stream\lib\_stream_writable.js:390:139)
    at writeOrBuffer (C:\Users\xioas\AppData\Roaming\npm\node_modules\firebase-tools\node_modules\winston-transport\node_modules\readable-stream\lib\_stream_writable.js:381:5)
    at Writable.write (C:\Users\xioas\AppData\Roaming\npm\node_modules\firebase-tools\node_modules\winston-transport\node_modules\readable-stream\lib\_stream_writable.js:302:11)
    at DerivedLogger.ondata (C:\Users\xioas\AppData\Roaming\npm\node_modules\firebase-tools\node_modules\winston\node_modules\readable-stream\lib\_stream_readable.js:629:20)
[error] 
[error] Error: An unexpected error has occurred.
[debug] [2026-08-31T20:17:07.286Z] Error: EPIPE: broken pipe, write
    at Socket._write (node:internal/net:75:18)
    at writeOrBuffer (node:internal/streams/writable:570:12)
    at _write (node:internal/streams/writable:499:10)
    at Writable.write (node:internal/streams/writable:508:10)
    at Console.log (C:\Users\xioas\AppData\Roaming\npm\node_modules\firebase-tools\node_modules\winston\lib\winston\transports\console.js:87:23)
    at Console._write (C:\Users\xioas\AppData\Roaming\npm\node_modules\firebase-tools\node_modules\winston-transport\modern.js:103:17)
    at doWrite (C:\Users\xioas\AppData\Roaming\npm\node_modules\firebase-tools\node_modules\winston-transport\node_modules\readable-stream\lib\_stream_writable.js:390:139)
    at writeOrBuffer (C:\Users\xioas\AppData\Roaming\npm\node_modules\firebase-tools\node_modules\winston-transport\node_modules\readable-stream\lib\_stream_writable.js:381:5)
    at Writable.write (C:\Users\xioas\AppData\Roaming\npm\node_modules\firebase-tools\node_modules\winston-transport\node_modules\readable-stream\lib\_stream_writable.js:302:11)
    at DerivedLogger.ondata (C:\Users\xioas\AppData\Roaming\npm\node_modules\firebase-tools\node_modules\winston\node_modules\readable-stream\lib\_stream_readable.js:629:20)
[error] 
[error] Error: An unexpected error has occurred.
[debug] [2026-08-31T20:17:07.286Z] Error: EPIPE: broken pipe, write
    at Socket._write (node:internal/net:75:18)
    at writeOrBuffer (node:internal/streams/writable:570:12)
    at _write (node:internal/streams/writable:499:10)
    at Writable.write (node:internal/streams/writable:508:10)
    at Console.log (C:\Users\xioas\AppData\Roaming\npm\node_modules\firebase-tools\node_modules\winston\lib\winston\transports\console.js:87:23)
    at Console._write (C:\Users\xioas\AppData\Roaming\npm\node_modules\firebase-tools\node_modules\winston-transport\modern.js:103:17)
    at doWrite (C:\Users\xioas\AppData\Roaming\npm\node_modules\firebase-tools\node_modules\winston-transport\node_modules\readable-stream\lib\_stream_writable.js:390:139)
    at writeOrBuffer (C:\Users\xioas\AppData\Roaming\npm\node_modules\firebase-tools\node_modules\winston-transport\node_modules\readable-stream\lib\_stream_writable.js:381:5)
    at Writable.write (C:\Users\xioas\AppData\Roaming\npm\node_modules\firebase-tools\node_modules\winston-transport\node_modules\readable-stream\lib\_stream_writable.js:302:11)
    at DerivedLogger.ondata (C:\Users\xioas\AppData\Roaming\npm\node_modules\firebase-tools\node_modules\winston\node_modules\readable-stream\lib\_stream_readable.js:629:20)
[error] 
[error] Error: An unexpected error has occurred.
[debug] [2026-08-31T20:17:07.287Z] Error: EPIPE: broken pipe, write
    at Socket._write (node:internal/net:75:18)
    at writeOrBuffer (node:internal/streams/writable:570:12)
    at _write (node:internal/streams/writable:499:10)
    at Writable.write (node:internal/streams/writable:508:10)
    at Console.log (C:\Users\xioas\AppData\Roaming\npm\node_modules\firebase-tools\node_modules\winston\lib\winston\transports\console.js:87:23)
    at Console._write (C:\Users\xioas\AppData\Roaming\npm\node_modules\firebase-tools\node_modules\winston-transport\modern.js:103:17)
    at doWrite (C:\Users\xioas\AppData\Roaming\npm\node_modules\firebase-tools\node_modules\winston-transport\node_modules\readable-stream\lib\_stream_writable.js:390:139)
    at writeOrBuffer (C:\Users\xioas\AppData\Roaming\npm\node_modules\firebase-tools\node_modules\winston-transport\node_modules\readable-stream\lib\_stream_writable.js:381:5)
    at Writable.write (C:\Users\xioas\AppData\Roaming\npm\node_modules\firebase-tools\node_modules\winston-transport\node_modules\readable-stream\lib\_stream_writable.js:302:11)
    at DerivedLogger.ondata (C:\Users\xioas\AppData\Roaming\npm\node_modules\firebase-tools\node_modules\winston\node_modules\readable-stream\lib\_stream_readable.js:629:20)
[error] 
[error] Error: An unexpected error has occurred.
[debug] [2026-08-31T20:17:07.288Z] Error: EPIPE: broken pipe, write
    at Socket._write (node:internal/net:75:18)
    at writeOrBuffer (node:internal/streams/writable:570:12)
    at _write (node:internal/streams/writable:499:10)
    at Writable.write (node:internal/streams/writable:508:10)
    at Console.log (C:\Users\xioas\AppData\Roaming\npm\node_modules\firebase-tools\node_modules\winston\lib\winston\transports\console.js:87:23)
    at Console._write (C:\Users\xioas\AppData\Roaming\npm\node_modules\firebase-tools\node_modules\winston-transport\modern.js:103:17)
    at doWrite (C:\Users\xioas\AppData\Roaming\npm\node_modules\firebase-tools\node_modules\winston-transport\node_modules\readable-stream\lib\_stream_writable.js:390:139)
    at writeOrBuffer (C:\Users\xioas\AppData\Roaming\npm\node_modules\firebase-tools\node_modules\winston-transport\node_modules\readable-stream\lib\_stream_writable.js:381:5)
    at Writable.write (C:\Users\xioas\AppData\Roaming\npm\node_modules\firebase-tools\node_modules\winston-transport\node_modules\readable-stream\lib\_stream_writable.js:302:11)
    at DerivedLogger.ondata (C:\Users\xioas\AppData\Roaming\npm\node_modules\firebase-tools\node_modules\winston\node_modules\readable-stream\lib\_stream_readable.js:629:20)
[error] 
[error] Error: An unexpected error has occurred.
[debug] [2026-08-31T20:17:07.288Z] Error: EPIPE: broken pipe, write
    at Socket._write (node:internal/net:75:18)
    at writeOrBuffer (node:internal/streams/writable:570:12)
    at _write (node:internal/streams/writable:499:10)
    at Writable.write (node:internal/streams/writable:508:10)
    at Console.log (C:\Users\xioas\AppData\Roaming\npm\node_modules\firebase-tools\node_modules\winston\lib\winston\transports\console.js:87:23)
    at Console._write (C:\Users\xioas\AppData\Roaming\npm\node_modules\firebase-tools\node_modules\winston-transport\modern.js:103:17)
    at doWrite (C:\Users\xioas\AppData\Roaming\npm\node_modules\firebase-tools\node_modules\winston-transport\node_modules\readable-stream\lib\_stream_writable.js:390:139)
    at writeOrBuffer (C:\Users\xioas\AppData\Roaming\npm\node_modules\firebase-tools\node_modules\winston-transport\node_modules\readable-stream\lib\_stream_writable.js:381:5)
    at Writable.write (C:\Users\xioas\AppData\Roaming\npm\node_modules\firebase-tools\node_modules\winston-transport\node_modules\readable-stream\lib\_stream_writable.js:302:11)
    at DerivedLogger.ondata (C:\Users\xioas\AppData\Roaming\npm\node_modules\firebase-tools\node_modules\winston\node_modules\readable-stream\lib\_stream_readable.js:629:20)
[error] 
[error] Error: An unexpected error has occurred.
[debug] [2026-08-31T20:17:07.294Z] Error: EPIPE: broken pipe, write
    at Socket._write (node:internal/net:75:18)
    at writeOrBuffer (node:internal/streams/writable:570:12)
    at _write (node:internal/streams/writable:499:10)
    at Writable.write (node:internal/streams/writable:508:10)
    at Console.log (C:\Users\xioas\AppData\Roaming\npm\node_modules\firebase-tools\node_modules\winston\lib\winston\transports\console.js:87:23)
    at Console._write (C:\Users\xioas\AppData\Roaming\npm\node_modules\firebase-tools\node_modules\winston-transport\modern.js:103:17)
    at doWrite (C:\Users\xioas\AppData\Roaming\npm\node_modules\firebase-tools\node_modules\winston-transport\node_modules\readable-stream\lib\_stream_writable.js:390:139)
    at writeOrBuffer (C:\Users\xioas\AppData\Roaming\npm\node_modules\firebase-tools\node_modules\winston-transport\node_modules\readable-stream\lib\_stream_writable.js:381:5)
    at Writable.write (C:\Users\xioas\AppData\Roaming\npm\node_modules\firebase-tools\node_modules\winston-transport\node_modules\readable-stream\lib\_stream_writable.js:302:11)
    at DerivedLogger.ondata (C:\Users\xioas\AppData\Roaming\npm\node_modules\firebase-tools\node_modules\winston\node_modules\readable-stream\lib\_stream_readable.js:629:20)
[error] 
[error] Error: An unexpected error has occurred.
[debug] [2026-08-31T20:17:07.295Z] Error: EPIPE: broken pipe, write
    at Socket._write (node:internal/net:75:18)
    at writeOrBuffer (node:internal/streams/writable:570:12)
    at _write (node:internal/streams/writable:499:10)
    at Writable.write (node:internal/streams/writable:508:10)
    at Console.log (C:\Users\xioas\AppData\Roaming\npm\node_modules\firebase-tools\node_modules\winston\lib\winston\transports\console.js:87:23)
    at Console._write (C:\Users\xioas\AppData\Roaming\npm\node_modules\firebase-tools\node_modules\winston-transport\modern.js:103:17)
    at doWrite (C:\Users\xioas\AppData\Roaming\npm\node_modules\firebase-tools\node_modules\winston-transport\node_modules\readable-stream\lib\_stream_writable.js:390:139)
    at writeOrBuffer (C:\Users\xioas\AppData\Roaming\npm\node_modules\firebase-tools\node_modules\winston-transport\node_modules\readable-stream\lib\_stream_writable.js:381:5)
    at Writable.write (C:\Users\xioas\AppData\Roaming\npm\node_modules\firebase-tools\node_modules\winston-transport\node_modules\readable-stream\lib\_stream_writable.js:302:11)
    at DerivedLogger.ondata (C:\Users\xioas\AppData\Roaming\npm\node_modules\firebase-tools\node_modules\winston\node_modules\readable-stream\lib\_stream_readable.js:629:20)
[error] 
[error] Error: An unexpected error has occurred.
[debug] [2026-08-31T20:17:07.296Z] Error: EPIPE: broken pipe, write
    at Socket._write (node:internal/net:75:18)
    at writeOrBuffer (node:internal/streams/writable:570:12)
    at _write (node:internal/streams/writable:499:10)
    at Writable.write (node:internal/streams/writable:508:10)
    at Console.log (C:\Users\xioas\AppData\Roaming\npm\node_modules\firebase-tools\node_modules\winston\lib\winston\transports\console.js:87:23)
    at Console._write (C:\Users\xioas\AppData\Roaming\npm\node_modules\firebase-tools\node_modules\winston-transport\modern.js:103:17)
    at doWrite (C:\Users\xioas\AppData\Roaming\npm\node_modules\firebase-tools\node_modules\winston-transport\node_modules\readable-stream\lib\_stream_writable.js:390:139)
    at writeOrBuffer (C:\Users\xioas\AppData\Roaming\npm\node_modules\firebase-tools\node_modules\winston-transport\node_modules\readable-stream\lib\_stream_writable.js:381:5)
    at Writable.write (C:\Users\xioas\AppData\Roaming\npm\node_modules\firebase-tools\node_modules\winston-transport\node_modules\readable-stream\lib\_stream_writable.js:302:11)
    at DerivedLogger.ondata (C:\Users\xioas\AppData\Roaming\npm\node_modules\firebase-tools\node_modules\winston\node_modules\readable-stream\lib\_stream_readable.js:629:20)
[error] 
[error] Error: An unexpected error has occurred.
[debug] [2026-08-31T20:17:07.296Z] Error: EPIPE: broken pipe, write
    at Socket._write (node:internal/net:75:18)
    at writeOrBuffer (node:internal/streams/writable:570:12)
    at _write (node:internal/streams/writable:499:10)
    at Writable.write (node:internal/streams/writable:508:10)
    at Console.log (C:\Users\xioas\AppData\Roaming\npm\node_modules\firebase-tools\node_modules\winston\lib\winston\transports\console.js:87:23)
    at Console._write (C:\Users\xioas\AppData\Roaming\npm\node_modules\firebase-tools\node_modules\winston-transport\modern.js:103:17)
    at doWrite (C:\Users\xioas\AppData\Roaming\npm\node_modules\firebase-tools\node_modules\winston-transport\node_modules\readable-stream\lib\_stream_writable.js:390:139)
    at writeOrBuffer (C:\Users\xioas\AppData\Roaming\npm\node_modules\firebase-tools\node_modules\winston-transport\node_modules\readable-stream\lib\_stream_writable.js:381:5)
    at Writable.write (C:\Users\xioas\AppData\Roaming\npm\node_modules\firebase-tools\node_modules\winston-transport\node_modules\readable-stream\lib\_stream_writable.js:302:11)
    at DerivedLogger.ondata (C:\Users\xioas\AppData\Roaming\npm\node_modules\firebase-tools\node_modules\winston\node_modules\readable-stream\lib\_stream_readable.js:629:20)
[error] 
[error] Error: An unexpected error has occurred.
[debug] [2026-08-31T20:17:07.297Z] Error: EPIPE: broken pipe, write
    at Socket._write (node:internal/net:75:18)
    at writeOrBuffer (node:internal/streams/writable:570:12)
    at _write (node:internal/streams/writable:499:10)
    at Writable.write (node:internal/streams/writable:508:10)
    at Console.log (C:\Users\xioas\AppData\Roaming\npm\node_modules\firebase-tools\node_modules\winston\lib\winston\transports\console.js:87:23)
    at Console._write (C:\Users\xioas\AppData\Roaming\npm\node_modules\firebase-tools\node_modules\winston-transport\modern.js:103:17)
    at doWrite (C:\Users\xioas\AppData\Roaming\npm\node_modules\firebase-tools\node_modules\winston-transport\node_modules\readable-stream\lib\_stream_writable.js:390:139)
    at writeOrBuffer (C:\Users\xioas\AppData\Roaming\npm\node_modules\firebase-tools\node_modules\winston-transport\node_modules\readable-stream\lib\_stream_writable.js:381:5)
    at Writable.write (C:\Users\xioas\AppData\Roaming\npm\node_modules\firebase-tools\node_modules\winston-transport\node_modules\readable-stream\lib\_stream_writable.js:302:11)
    at DerivedLogger.ondata (C:\Users\xioas\AppData\Roaming\npm\node_modules\firebase-tools\node_modules\winston\node_modules\readable-stream\lib\_stream_readable.js:629:20)
[error] 
[error] Error: An unexpected error has occurred.
[debug] [2026-08-31T20:17:07.297Z] Error: EPIPE: broken pipe, write
    at Socket._write (node:internal/net:75:18)
    at writeOrBuffer (node:internal/streams/writable:570:12)
    at _write (node:internal/streams/writable:499:10)
    at Writable.write (node:internal/streams/writable:508:10)
    at Console.log (C:\Users\xioas\AppData\Roaming\npm\node_modules\firebase-tools\node_modules\winston\lib\winston\transports\console.js:87:23)
    at Console._write (C:\Users\xioas\AppData\Roaming\npm\node_modules\firebase-tools\node_modules\winston-transport\modern.js:103:17)
    at doWrite (C:\Users\xioas\AppData\Roaming\npm\node_modules\firebase-tools\node_modules\winston-transport\node_modules\readable-stream\lib\_stream_writable.js:390:139)
    at writeOrBuffer (C:\Users\xioas\AppData\Roaming\npm\node_modules\firebase-tools\node_modules\winston-transport\node_modules\readable-stream\lib\_stream_writable.js:381:5)
    at Writable.write (C:\Users\xioas\AppData\Roaming\npm\node_modules\firebase-tools\node_modules\winston-transport\node_modules\readable-stream\lib\_stream_writable.js:302:11)
    at DerivedLogger.ondata (C:\Users\xioas\AppData\Roaming\npm\node_modules\firebase-tools\node_modules\winston\node_modules\readable-stream\lib\_stream_readable.js:629:20)
[error] 
[error] Error: An unexpected error has occurred.
[debug] [2026-08-31T20:17:07.300Z] Error: EPIPE: broken pipe, write
    at Socket._write (node:internal/net:75:18)
    at writeOrBuffer (node:internal/streams/writable:570:12)
    at _write (node:internal/streams/writable:499:10)
    at Writable.write (node:internal/streams/writable:508:10)
    at Console.log (C:\Users\xioas\AppData\Roaming\npm\node_modules\firebase-tools\node_modules\winston\lib\winston\transports\console.js:87:23)
    at Console._write (C:\Users\xioas\AppData\Roaming\npm\node_modules\firebase-tools\node_modules\winston-transport\modern.js:103:17)
    at doWrite (C:\Users\xioas\AppData\Roaming\npm\node_modules\firebase-tools\node_modules\winston-transport\node_modules\readable-stream\lib\_stream_writable.js:390:139)
    at writeOrBuffer (C:\Users\xioas\AppData\Roaming\npm\node_modules\firebase-tools\node_modules\winston-transport\node_modules\readable-stream\lib\_stream_writable.js:381:5)
    at Writable.write (C:\Users\xioas\AppData\Roaming\npm\node_modules\firebase-tools\node_modules\winston-transport\node_modules\readable-stream\lib\_stream_writable.js:302:11)
    at DerivedLogger.ondata (C:\Users\xioas\AppData\Roaming\npm\node_modules\firebase-tools\node_modules\winston\node_modules\readable-stream\lib\_stream_readable.js:629:20)
[error] 
[error] Error: An unexpected error has occurred.
[debug] [2026-08-31T20:17:07.300Z] Error: EPIPE: broken pipe, write
    at Socket._write (node:internal/net:75:18)
    at writeOrBuffer (node:internal/streams/writable:570:12)
    at _write (node:internal/streams/writable:499:10)
    at Writable.write (node:internal/streams/writable:508:10)
    at Console.log (C:\Users\xioas\AppData\Roaming\npm\node_modules\firebase-tools\node_modules\winston\lib\winston\transports\console.js:87:23)
    at Console._write (C:\Users\xioas\AppData\Roaming\npm\node_modules\firebase-tools\node_modules\winston-transport\modern.js:103:17)
    at doWrite (C:\Users\xioas\AppData\Roaming\npm\node_modules\firebase-tools\node_modules\winston-transport\node_modules\readable-stream\lib\_stream_writable.js:390:139)
    at writeOrBuffer (C:\Users\xioas\AppData\Roaming\npm\node_modules\firebase-tools\node_modules\winston-transport\node_modules\readable-stream\lib\_stream_writable.js:381:5)
    at Writable.write (C:\Users\xioas\AppData\Roaming\npm\node_modules\firebase-tools\node_modules\winston-transport\node_modules\readable-stream\lib\_stream_writable.js:302:11)
    at DerivedLogger.ondata (C:\Users\xioas\AppData\Roaming\npm\node_modules\firebase-tools\node_modules\winston\node_modules\readable-stream\lib\_stream_readable.js:629:20)
[error] 
[error] Error: An unexpected error has occurred.
[debug] [2026-08-31T20:17:07.301Z] Error: EPIPE: broken pipe, write
    at Socket._write (node:internal/net:75:18)
    at writeOrBuffer (node:internal/streams/writable:570:12)
    at _write (node:internal/streams/writable:499:10)
    at Writable.write (node:internal/streams/writable:508:10)
    at Console.log (C:\Users\xioas\AppData\Roaming\npm\node_modules\firebase-tools\node_modules\winston\lib\winston\transports\console.js:87:23)
    at Console._write (C:\Users\xioas\AppData\Roaming\npm\node_modules\firebase-tools\node_modules\winston-transport\modern.js:103:17)
    at doWrite (C:\Users\xioas\AppData\Roaming\npm\node_modules\firebase-tools\node_modules\winston-transport\node_modules\readable-stream\lib\_stream_writable.js:390:139)
    at writeOrBuffer (C:\Users\xioas\AppData\Roaming\npm\node_modules\firebase-tools\node_modules\winston-transport\node_modules\readable-stream\lib\_stream_writable.js:381:5)
    at Writable.write (C:\Users\xioas\AppData\Roaming\npm\node_modules\firebase-tools\node_modules\winston-transport\node_modules\readable-stream\lib\_stream_writable.js:302:11)
    at DerivedLogger.ondata (C:\Users\xioas\AppData\Roaming\npm\node_modules\firebase-tools\node_modules\winston\node_modules\readable-stream\lib\_stream_readable.js:629:20)
[error] 
[error] Error: An unexpected error has occurred.
[debug] [2026-08-31T20:17:07.301Z] Error: EPIPE: broken pipe, write
    at Socket._write (node:internal/net:75:18)
    at writeOrBuffer (node:internal/streams/writable:570:12)
    at _write (node:internal/streams/writable:499:10)
    at Writable.write (node:internal/streams/writable:508:10)
    at Console.log (C:\Users\xioas\AppData\Roaming\npm\node_modules\firebase-tools\node_modules\winston\lib\winston\transports\console.js:87:23)
    at Console._write (C:\Users\xioas\AppData\Roaming\npm\node_modules\firebase-tools\node_modules\winston-transport\modern.js:103:17)
    at doWrite (C:\Users\xioas\AppData\Roaming\npm\node_modules\firebase-tools\node_modules\winston-transport\node_modules\readable-stream\lib\_stream_writable.js:390:139)
    at writeOrBuffer (C:\Users\xioas\AppData\Roaming\npm\node_modules\firebase-tools\node_modules\winston-transport\node_modules\readable-stream\lib\_stream_writable.js:381:5)
    at Writable.write (C:\Users\xioas\AppData\Roaming\npm\node_modules\firebase-tools\node_modules\winston-transport\node_modules\readable-stream\lib\_stream_writable.js:302:11)
    at DerivedLogger.ondata (C:\Users\xioas\AppData\Roaming\npm\node_modules\firebase-tools\node_modules\winston\node_modules\readable-stream\lib\_stream_readable.js:629:20)
[error] 
[error] Error: An unexpected error has occurred.
[debug] [2026-08-31T20:17:07.302Z] Error: EPIPE: broken pipe, write
    at Socket._write (node:internal/net:75:18)
    at writeOrBuffer (node:internal/streams/writable:570:12)
    at _write (node:internal/streams/writable:499:10)
    at Writable.write (node:internal/streams/writable:508:10)
    at Console.log (C:\Users\xioas\AppData\Roaming\npm\node_modules\firebase-tools\node_modules\winston\lib\winston\transports\console.js:87:23)
    at Console._write (C:\Users\xioas\AppData\Roaming\npm\node_modules\firebase-tools\node_modules\winston-transport\modern.js:103:17)
    at doWrite (C:\Users\xioas\AppData\Roaming\npm\node_modules\firebase-tools\node_modules\winston-transport\node_modules\readable-stream\lib\_stream_writable.js:390:139)
    at writeOrBuffer (C:\Users\xioas\AppData\Roaming\npm\node_modules\firebase-tools\node_modules\winston-transport\node_modules\readable-stream\lib\_stream_writable.js:381:5)
    at Writable.write (C:\Users\xioas\AppData\Roaming\npm\node_modules\firebase-tools\node_modules\winston-transport\node_modules\readable-stream\lib\_stream_writable.js:302:11)
    at DerivedLogger.ondata (C:\Users\xioas\AppData\Roaming\npm\node_modules\firebase-tools\node_modules\winston\node_modules\readable-stream\lib\_stream_readable.js:629:20)
[error] 
[error] Error: An unexpected error has occurred.
[debug] [2026-08-31T20:17:07.302Z] Error: EPIPE: broken pipe, write
    at Socket._write (node:internal/net:75:18)
    at writeOrBuffer (node:internal/streams/writable:570:12)
    at _write (node:internal/streams/writable:499:10)
    at Writable.write (node:internal/streams/writable:508:10)
    at Console.log (C:\Users\xioas\AppData\Roaming\npm\node_modules\firebase-tools\node_modules\winston\lib\winston\transports\console.js:87:23)
    at Console._write (C:\Users\xioas\AppData\Roaming\npm\node_modules\firebase-tools\node_modules\winston-transport\modern.js:103:17)
    at doWrite (C:\Users\xioas\AppData\Roaming\npm\node_modules\firebase-tools\node_modules\winston-transport\node_modules\readable-stream\lib\_stream_writable.js:390:139)
    at writeOrBuffer (C:\Users\xioas\AppData\Roaming\npm\node_modules\firebase-tools\node_modules\winston-transport\node_modules\readable-stream\lib\_stream_writable.js:381:5)
    at Writable.write (C:\Users\xioas\AppData\Roaming\npm\node_modules\firebase-tools\node_modules\winston-transport\node_modules\readable-stream\lib\_stream_writable.js:302:11)
    at DerivedLogger.ondata (C:\Users\xioas\AppData\Roaming\npm\node_modules\firebase-tools\node_modules\winston\node_modules\readable-stream\lib\_stream_readable.js:629:20)
[error] 
[error] Error: An unexpected error has occurred.
[debug] [2026-08-31T20:17:07.303Z] Error: EPIPE: broken pipe, write
    at Socket._write (node:internal/net:75:18)
    at writeOrBuffer (node:internal/streams/writable:570:12)
    at _write (node:internal/streams/writable:499:10)
    at Writable.write (node:internal/streams/writable:508:10)
    at Console.log (C:\Users\xioas\AppData\Roaming\npm\node_modules\firebase-tools\node_modules\winston\lib\winston\transports\console.js:87:23)
    at Console._write (C:\Users\xioas\AppData\Roaming\npm\node_modules\firebase-tools\node_modules\winston-transport\modern.js:103:17)
    at doWrite (C:\Users\xioas\AppData\Roaming\npm\node_modules\firebase-tools\node_modules\winston-transport\node_modules\readable-stream\lib\_stream_writable.js:390:139)
    at writeOrBuffer (C:\Users\xioas\AppData\Roaming\npm\node_modules\firebase-tools\node_modules\winston-transport\node_modules\readable-stream\lib\_stream_writable.js:381:5)
    at Writable.write (C:\Users\xioas\AppData\Roaming\npm\node_modules\firebase-tools\node_modules\winston-transport\node_modules\readable-stream\lib\_stream_writable.js:302:11)
    at DerivedLogger.ondata (C:\Users\xioas\AppData\Roaming\npm\node_modules\firebase-tools\node_modules\winston\node_modules\readable-stream\lib\_stream_readable.js:629:20)
[error] 
[error] Error: An unexpected error has occurred.
[debug] [2026-08-31T20:17:07.304Z] Error: EPIPE: broken pipe, write
    at Socket._write (node:internal/net:75:18)
    at writeOrBuffer (node:internal/streams/writable:570:12)
    at _write (node:internal/streams/writable:499:10)
    at Writable.write (node:internal/streams/writable:508:10)
    at Console.log (C:\Users\xioas\AppData\Roaming\npm\node_modules\firebase-tools\node_modules\winston\lib\winston\transports\console.js:87:23)
    at Console._write (C:\Users\xioas\AppData\Roaming\npm\node_modules\firebase-tools\node_modules\winston-transport\modern.js:103:17)
    at doWrite (C:\Users\xioas\AppData\Roaming\npm\node_modules\firebase-tools\node_modules\winston-transport\node_modules\readable-stream\lib\_stream_writable.js:390:139)
    at writeOrBuffer (C:\Users\xioas\AppData\Roaming\npm\node_modules\firebase-tools\node_modules\winston-transport\node_modules\readable-stream\lib\_stream_writable.js:381:5)
    at Writable.write (C:\Users\xioas\AppData\Roaming\npm\node_modules\firebase-tools\node_modules\winston-transport\node_modules\readable-stream\lib\_stream_writable.js:302:11)
    at DerivedLogger.ondata (C:\Users\xioas\AppData\Roaming\npm\node_modules\firebase-tools\node_modules\winston\node_modules\readable-stream\lib\_stream_readable.js:629:20)
[error] 
[error] Error: An unexpected error has occurred.
[debug] [2026-08-31T20:17:07.305Z] Error: EPIPE: broken pipe, write
    at Socket._write (node:internal/net:75:18)
    at writeOrBuffer (node:internal/streams/writable:570:12)
    at _write (node:internal/streams/writable:499:10)
    at Writable.write (node:internal/streams/writable:508:10)
    at Console.log (C:\Users\xioas\AppData\Roaming\npm\node_modules\firebase-tools\node_modules\winston\lib\winston\transports\console.js:87:23)
    at Console._write (C:\Users\xioas\AppData\Roaming\npm\node_modules\firebase-tools\node_modules\winston-transport\modern.js:103:17)
    at doWrite (C:\Users\xioas\AppData\Roaming\npm\node_modules\firebase-tools\node_modules\winston-transport\node_modules\readable-stream\lib\_stream_writable.js:390:139)
    at writeOrBuffer (C:\Users\xioas\AppData\Roaming\npm\node_modules\firebase-tools\node_modules\winston-transport\node_modules\readable-stream\lib\_stream_writable.js:381:5)
    at Writable.write (C:\Users\xioas\AppData\Roaming\npm\node_modules\firebase-tools\node_modules\winston-transport\node_modules\readable-stream\lib\_stream_writable.js:302:11)
    at DerivedLogger.ondata (C:\Users\xioas\AppData\Roaming\npm\node_modules\firebase-tools\node_modules\winston\node_modules\readable-stream\lib\_stream_readable.js:629:20)
[error] 
[error] Error: An unexpected error has occurred.
[debug] [2026-08-31T20:17:07.306Z] Error: EPIPE: broken pipe, write
    at Socket._write (node:internal/net:75:18)
    at writeOrBuffer (node:internal/streams/writable:570:12)
    at _write (node:internal/streams/writable:499:10)
    at Writable.write (node:internal/streams/writable:508:10)
    at Console.log (C:\Users\xioas\AppData\Roaming\npm\node_modules\firebase-tools\node_modules\winston\lib\winston\transports\console.js:87:23)
    at Console._write (C:\Users\xioas\AppData\Roaming\npm\node_modules\firebase-tools\node_modules\winston-transport\modern.js:103:17)
    at doWrite (C:\Users\xioas\AppData\Roaming\npm\node_modules\firebase-tools\node_modules\winston-transport\node_modules\readable-stream\lib\_stream_writable.js:390:139)
    at writeOrBuffer (C:\Users\xioas\AppData\Roaming\npm\node_modules\firebase-tools\node_modules\winston-transport\node_modules\readable-stream\lib\_stream_writable.js:381:5)
    at Writable.write (C:\Users\xioas\AppData\Roaming\npm\node_modules\firebase-tools\node_modules\winston-transport\node_modules\readable-stream\lib\_stream_writable.js:302:11)
    at DerivedLogger.ondata (C:\Users\xioas\AppData\Roaming\npm\node_modules\firebase-tools\node_modules\winston\node_modules\readable-stream\lib\_stream_readable.js:629:20)
[error] 
[error] Error: An unexpected error has occurred.
[debug] [2026-08-31T20:17:07.306Z] Error: EPIPE: broken pipe, write
    at Socket._write (node:internal/net:75:18)
    at writeOrBuffer (node:internal/streams/writable:570:12)
    at _write (node:internal/streams/writable:499:10)
    at Writable.write (node:internal/streams/writable:508:10)
    at Console.log (C:\Users\xioas\AppData\Roaming\npm\node_modules\firebase-tools\node_modules\winston\lib\winston\transports\console.js:87:23)
    at Console._write (C:\Users\xioas\AppData\Roaming\npm\node_modules\firebase-tools\node_modules\winston-transport\modern.js:103:17)
    at doWrite (C:\Users\xioas\AppData\Roaming\npm\node_modules\firebase-tools\node_modules\winston-transport\node_modules\readable-stream\lib\_stream_writable.js:390:139)
    at writeOrBuffer (C:\Users\xioas\AppData\Roaming\npm\node_modules\firebase-tools\node_modules\winston-transport\node_modules\readable-stream\lib\_stream_writable.js:381:5)
    at Writable.write (C:\Users\xioas\AppData\Roaming\npm\node_modules\firebase-tools\node_modules\winston-transport\node_modules\readable-stream\lib\_stream_writable.js:302:11)
    at DerivedLogger.ondata (C:\Users\xioas\AppData\Roaming\npm\node_modules\firebase-tools\node_modules\winston\node_modules\readable-stream\lib\_stream_readable.js:629:20)
[error] 
[error] Error: An unexpected error has occurred.
[debug] [2026-08-31T20:17:07.307Z] Error: EPIPE: broken pipe, write
    at Socket._write (node:internal/net:75:18)
    at writeOrBuffer (node:internal/streams/writable:570:12)
    at _write (node:internal/streams/writable:499:10)
    at Writable.write (node:internal/streams/writable:508:10)
    at Console.log (C:\Users\xioas\AppData\Roaming\npm\node_modules\firebase-tools\node_modules\winston\lib\winston\transports\console.js:87:23)
    at Console._write (C:\Users\xioas\AppData\Roaming\npm\node_modules\firebase-tools\node_modules\winston-transport\modern.js:103:17)
    at doWrite (C:\Users\xioas\AppData\Roaming\npm\node_modules\firebase-tools\node_modules\winston-transport\node_modules\readable-stream\lib\_stream_writable.js:390:139)
    at writeOrBuffer (C:\Users\xioas\AppData\Roaming\npm\node_modules\firebase-tools\node_modules\winston-transport\node_modules\readable-stream\lib\_stream_writable.js:381:5)
    at Writable.write (C:\Users\xioas\AppData\Roaming\npm\node_modules\firebase-tools\node_modules\winston-transport\node_modules\readable-stream\lib\_stream_writable.js:302:11)
    at DerivedLogger.ondata (C:\Users\xioas\AppData\Roaming\npm\node_modules\firebase-tools\node_modules\winston\node_modules\readable-stream\lib\_stream_readable.js:629:20)
[error] 
[error] Error: An unexpected error has occurred.
[debug] [2026-08-31T20:17:07.307Z] Error: EPIPE: broken pipe, write
    at Socket._write (node:internal/net:75:18)
    at writeOrBuffer (node:internal/streams/writable:570:12)
    at _write (node:internal/streams/writable:499:10)
    at Writable.write (node:internal/streams/writable:508:10)
    at Console.log (C:\Users\xioas\AppData\Roaming\npm\node_modules\firebase-tools\node_modules\winston\lib\winston\transports\console.js:87:23)
    at Console._write (C:\Users\xioas\AppData\Roaming\npm\node_modules\firebase-tools\node_modules\winston-transport\modern.js:103:17)
    at doWrite (C:\Users\xioas\AppData\Roaming\npm\node_modules\firebase-tools\node_modules\winston-transport\node_modules\readable-stream\lib\_stream_writable.js:390:139)
    at writeOrBuffer (C:\Users\xioas\AppData\Roaming\npm\node_modules\firebase-tools\node_modules\winston-transport\node_modules\readable-stream\lib\_stream_writable.js:381:5)
    at Writable.write (C:\Users\xioas\AppData\Roaming\npm\node_modules\firebase-tools\node_modules\winston-transport\node_modules\readable-stream\lib\_stream_writable.js:302:11)
    at DerivedLogger.ondata (C:\Users\xioas\AppData\Roaming\npm\node_modules\firebase-tools\node_modules\winston\node_modules\readable-stream\lib\_stream_readable.js:629:20)
[error] 
[error] Error: An unexpected error has occurred.
[debug] [2026-08-31T20:17:07.308Z] Error: EPIPE: broken pipe, write
    at Socket._write (node:internal/net:75:18)
    at writeOrBuffer (node:internal/streams/writable:570:12)
    at _write (node:internal/streams/writable:499:10)
    at Writable.write (node:internal/streams/writable:508:10)
    at Console.log (C:\Users\xioas\AppData\Roaming\npm\node_modules\firebase-tools\node_modules\winston\lib\winston\transports\console.js:87:23)
    at Console._write (C:\Users\xioas\AppData\Roaming\npm\node_modules\firebase-tools\node_modules\winston-transport\modern.js:103:17)
    at doWrite (C:\Users\xioas\AppData\Roaming\npm\node_modules\firebase-tools\node_modules\winston-transport\node_modules\readable-stream\lib\_stream_writable.js:390:139)
    at writeOrBuffer (C:\Users\xioas\AppData\Roaming\npm\node_modules\firebase-tools\node_modules\winston-transport\node_modules\readable-stream\lib\_stream_writable.js:381:5)
    at Writable.write (C:\Users\xioas\AppData\Roaming\npm\node_modules\firebase-tools\node_modules\winston-transport\node_modules\readable-stream\lib\_stream_writable.js:302:11)
    at DerivedLogger.ondata (C:\Users\xioas\AppData\Roaming\npm\node_modules\firebase-tools\node_modules\winston\node_modules\readable-stream\lib\_stream_readable.js:629:20)
[error] 
[error] Error: An unexpected error has occurred.
[debug] [2026-08-31T20:17:07.309Z] Error: EPIPE: broken pipe, write
    at Socket._write (node:internal/net:75:18)
    at writeOrBuffer (node:internal/streams/writable:570:12)
    at _write (node:internal/streams/writable:499:10)
    at Writable.write (node:internal/streams/writable:508:10)
    at Console.log (C:\Users\xioas\AppData\Roaming\npm\node_modules\firebase-tools\node_modules\winston\lib\winston\transports\console.js:87:23)
    at Console._write (C:\Users\xioas\AppData\Roaming\npm\node_modules\firebase-tools\node_modules\winston-transport\modern.js:103:17)
    at doWrite (C:\Users\xioas\AppData\Roaming\npm\node_modules\firebase-tools\node_modules\winston-transport\node_modules\readable-stream\lib\_stream_writable.js:390:139)
    at writeOrBuffer (C:\Users\xioas\AppData\Roaming\npm\node_modules\firebase-tools\node_modules\winston-transport\node_modules\readable-stream\lib\_stream_writable.js:381:5)
    at Writable.write (C:\Users\xioas\AppData\Roaming\npm\node_modules\firebase-tools\node_modules\winston-transport\node_modules\readable-stream\lib\_stream_writable.js:302:11)
    at DerivedLogger.ondata (C:\Users\xioas\AppData\Roaming\npm\node_modules\firebase-tools\node_modules\winston\node_modules\readable-stream\lib\_stream_readable.js:629:20)
[error] 
[error] Error: An unexpected error has occurred.
[debug] [2026-08-31T20:17:07.309Z] Error: EPIPE: broken pipe, write
    at Socket._write (node:internal/net:75:18)
    at writeOrBuffer (node:internal/streams/writable:570:12)
    at _write (node:internal/streams/writable:499:10)
    at Writable.write (node:internal/streams/writable:508:10)
    at Console.log (C:\Users\xioas\AppData\Roaming\npm\node_modules\firebase-tools\node_modules\winston\lib\winston\transports\console.js:87:23)
    at Console._write (C:\Users\xioas\AppData\Roaming\npm\node_modules\firebase-tools\node_modules\winston-transport\modern.js:103:17)
    at doWrite (C:\Users\xioas\AppData\Roaming\npm\node_modules\firebase-tools\node_modules\winston-transport\node_modules\readable-stream\lib\_stream_writable.js:390:139)
    at writeOrBuffer (C:\Users\xioas\AppData\Roaming\npm\node_modules\firebase-tools\node_modules\winston-transport\node_modules\readable-stream\lib\_stream_writable.js:381:5)
    at Writable.write (C:\Users\xioas\AppData\Roaming\npm\node_modules\firebase-tools\node_modules\winston-transport\node_modules\readable-stream\lib\_stream_writable.js:302:11)
    at DerivedLogger.ondata (C:\Users\xioas\AppData\Roaming\npm\node_modules\firebase-tools\node_modules\winston\node_modules\readable-stream\lib\_stream_readable.js:629:20)
[error] 
[error] Error: An unexpected error has occurred.
[debug] [2026-08-31T20:17:07.310Z] Error: EPIPE: broken pipe, write
    at Socket._write (node:internal/net:75:18)
    at writeOrBuffer (node:internal/streams/writable:570:12)
    at _write (node:internal/streams/writable:499:10)
    at Writable.write (node:internal/streams/writable:508:10)
    at Console.log (C:\Users\xioas\AppData\Roaming\npm\node_modules\firebase-tools\node_modules\winston\lib\winston\transports\console.js:87:23)
    at Console._write (C:\Users\xioas\AppData\Roaming\npm\node_modules\firebase-tools\node_modules\winston-transport\modern.js:103:17)
    at doWrite (C:\Users\xioas\AppData\Roaming\npm\node_modules\firebase-tools\node_modules\winston-transport\node_modules\readable-stream\lib\_stream_writable.js:390:139)
    at writeOrBuffer (C:\Users\xioas\AppData\Roaming\npm\node_modules\firebase-tools\node_modules\winston-transport\node_modules\readable-stream\lib\_stream_writable.js:381:5)
    at Writable.write (C:\Users\xioas\AppData\Roaming\npm\node_modules\firebase-tools\node_modules\winston-transport\node_modules\readable-stream\lib\_stream_writable.js:302:11)
    at DerivedLogger.ondata (C:\Users\xioas\AppData\Roaming\npm\node_modules\firebase-tools\node_modules\winston\node_modules\readable-stream\lib\_stream_readable.js:629:20)
[error] 
[error] Error: An unexpected error has occurred.
[debug] [2026-08-31T20:17:07.310Z] Error: EPIPE: broken pipe, write
    at Socket._write (node:internal/net:75:18)
    at writeOrBuffer (node:internal/streams/writable:570:12)
    at _write (node:internal/streams/writable:499:10)
    at Writable.write (node:internal/streams/writable:508:10)
    at Console.log (C:\Users\xioas\AppData\Roaming\npm\node_modules\firebase-tools\node_modules\winston\lib\winston\transports\console.js:87:23)
    at Console._write (C:\Users\xioas\AppData\Roaming\npm\node_modules\firebase-tools\node_modules\winston-transport\modern.js:103:17)
    at doWrite (C:\Users\xioas\AppData\Roaming\npm\node_modules\firebase-tools\node_modules\winston-transport\node_modules\readable-stream\lib\_stream_writable.js:390:139)
    at writeOrBuffer (C:\Users\xioas\AppData\Roaming\npm\node_modules\firebase-tools\node_modules\winston-transport\node_modules\readable-stream\lib\_stream_writable.js:381:5)
    at Writable.write (C:\Users\xioas\AppData\Roaming\npm\node_modules\firebase-tools\node_modules\winston-transport\node_modules\readable-stream\lib\_stream_writable.js:302:11)
    at DerivedLogger.ondata (C:\Users\xioas\AppData\Roaming\npm\node_modules\firebase-tools\node_modules\winston\node_modules\readable-stream\lib\_stream_readable.js:629:20)
[error] 
[error] Error: An unexpected error has occurred.
[debug] [2026-08-31T20:17:07.310Z] Error: EPIPE: broken pipe, write
    at Socket._write (node:internal/net:75:18)
    at writeOrBuffer (node:internal/streams/writable:570:12)
    at _write (node:internal/streams/writable:499:10)
    at Writable.write (node:internal/streams/writable:508:10)
    at Console.log (C:\Users\xioas\AppData\Roaming\npm\node_modules\firebase-tools\node_modules\winston\lib\winston\transports\console.js:87:23)
    at Console._write (C:\Users\xioas\AppData\Roaming\npm\node_modules\firebase-tools\node_modules\winston-transport\modern.js:103:17)
    at doWrite (C:\Users\xioas\AppData\Roaming\npm\node_modules\firebase-tools\node_modules\winston-transport\node_modules\readable-stream\lib\_stream_writable.js:390:139)
    at writeOrBuffer (C:\Users\xioas\AppData\Roaming\npm\node_modules\firebase-tools\node_modules\winston-transport\node_modules\readable-stream\lib\_stream_writable.js:381:5)
    at Writable.write (C:\Users\xioas\AppData\Roaming\npm\node_modules\firebase-tools\node_modules\winston-transport\node_modules\readable-stream\lib\_stream_writable.js:302:11)
    at DerivedLogger.ondata (C:\Users\xioas\AppData\Roaming\npm\node_modules\firebase-tools\node_modules\winston\node_modules\readable-stream\lib\_stream_readable.js:629:20)
[error] 
[error] Error: An unexpected error has occurred.
[debug] [2026-08-31T20:17:07.311Z] Error: EPIPE: broken pipe, write
    at Socket._write (node:internal/net:75:18)
    at writeOrBuffer (node:internal/streams/writable:570:12)
    at _write (node:internal/streams/writable:499:10)
    at Writable.write (node:internal/streams/writable:508:10)
    at Console.log (C:\Users\xioas\AppData\Roaming\npm\node_modules\firebase-tools\node_modules\winston\lib\winston\transports\console.js:87:23)
    at Console._write (C:\Users\xioas\AppData\Roaming\npm\node_modules\firebase-tools\node_modules\winston-transport\modern.js:103:17)
    at doWrite (C:\Users\xioas\AppData\Roaming\npm\node_modules\firebase-tools\node_modules\winston-transport\node_modules\readable-stream\lib\_stream_writable.js:390:139)
    at writeOrBuffer (C:\Users\xioas\AppData\Roaming\npm\node_modules\firebase-tools\node_modules\winston-transport\node_modules\readable-stream\lib\_stream_writable.js:381:5)
    at Writable.write (C:\Users\xioas\AppData\Roaming\npm\node_modules\firebase-tools\node_modules\winston-transport\node_modules\readable-stream\lib\_stream_writable.js:302:11)
    at DerivedLogger.ondata (C:\Users\xioas\AppData\Roaming\npm\node_modules\firebase-tools\node_modules\winston\node_modules\readable-stream\lib\_stream_readable.js:629:20)
[error] 
[error] Error: An unexpected error has occurred.
[debug] [2026-08-31T20:17:07.313Z] Error: EPIPE: broken pipe, write
    at Socket._write (node:internal/net:75:18)
    at writeOrBuffer (node:internal/streams/writable:570:12)
    at _write (node:internal/streams/writable:499:10)
    at Writable.write (node:internal/streams/writable:508:10)
    at Console.log (C:\Users\xioas\AppData\Roaming\npm\node_modules\firebase-tools\node_modules\winston\lib\winston\transports\console.js:87:23)
    at Console._write (C:\Users\xioas\AppData\Roaming\npm\node_modules\firebase-tools\node_modules\winston-transport\modern.js:103:17)
    at doWrite (C:\Users\xioas\AppData\Roaming\npm\node_modules\firebase-tools\node_modules\winston-transport\node_modules\readable-stream\lib\_stream_writable.js:390:139)
    at writeOrBuffer (C:\Users\xioas\AppData\Roaming\npm\node_modules\firebase-tools\node_modules\winston-transport\node_modules\readable-stream\lib\_stream_writable.js:381:5)
    at Writable.write (C:\Users\xioas\AppData\Roaming\npm\node_modules\firebase-tools\node_modules\winston-transport\node_modules\readable-stream\lib\_stream_writable.js:302:11)
    at DerivedLogger.ondata (C:\Users\xioas\AppData\Roaming\npm\node_modules\firebase-tools\node_modules\winston\node_modules\readable-stream\lib\_stream_readable.js:629:20)
[error] 
[error] Error: An unexpected error has occurred.
[debug] [2026-08-31T20:17:07.315Z] Error: EPIPE: broken pipe, write
    at Socket._write (node:internal/net:75:18)
    at writeOrBuffer (node:internal/streams/writable:570:12)
    at _write (node:internal/streams/writable:499:10)
    at Writable.write (node:internal/streams/writable:508:10)
    at Console.log (C:\Users\xioas\AppData\Roaming\npm\node_modules\firebase-tools\node_modules\winston\lib\winston\transports\console.js:87:23)
    at Console._write (C:\Users\xioas\AppData\Roaming\npm\node_modules\firebase-tools\node_modules\winston-transport\modern.js:103:17)
    at doWrite (C:\Users\xioas\AppData\Roaming\npm\node_modules\firebase-tools\node_modules\winston-transport\node_modules\readable-stream\lib\_stream_writable.js:390:139)
    at writeOrBuffer (C:\Users\xioas\AppData\Roaming\npm\node_modules\firebase-tools\node_modules\winston-transport\node_modules\readable-stream\lib\_stream_writable.js:381:5)
    at Writable.write (C:\Users\xioas\AppData\Roaming\npm\node_modules\firebase-tools\node_modules\winston-transport\node_modules\readable-stream\lib\_stream_writable.js:302:11)
    at DerivedLogger.ondata (C:\Users\xioas\AppData\Roaming\npm\node_modules\firebase-tools\node_modules\winston\node_modules\readable-stream\lib\_stream_readable.js:629:20)
[error] 
[error] Error: An unexpected error has occurred.
[debug] [2026-08-31T20:17:07.316Z] Error: EPIPE: broken pipe, write
    at Socket._write (node:internal/net:75:18)
    at writeOrBuffer (node:internal/streams/writable:570:12)
    at _write (node:internal/streams/writable:499:10)
    at Writable.write (node:internal/streams/writable:508:10)
    at Console.log (C:\Users\xioas\AppData\Roaming\npm\node_modules\firebase-tools\node_modules\winston\lib\winston\transports\console.js:87:23)
    at Console._write (C:\Users\xioas\AppData\Roaming\npm\node_modules\firebase-tools\node_modules\winston-transport\modern.js:103:17)
    at doWrite (C:\Users\xioas\AppData\Roaming\npm\node_modules\firebase-tools\node_modules\winston-transport\node_modules\readable-stream\lib\_stream_writable.js:390:139)
    at writeOrBuffer (C:\Users\xioas\AppData\Roaming\npm\node_modules\firebase-tools\node_modules\winston-transport\node_modules\readable-stream\lib\_stream_writable.js:381:5)
    at Writable.write (C:\Users\xioas\AppData\Roaming\npm\node_modules\firebase-tools\node_modules\winston-transport\node_modules\readable-stream\lib\_stream_writable.js:302:11)
    at DerivedLogger.ondata (C:\Users\xioas\AppData\Roaming\npm\node_modules\firebase-tools\node_modules\winston\node_modules\readable-stream\lib\_stream_readable.js:629:20)
[error] 
[error] Error: An unexpected error has occurred.
[debug] [2026-08-31T20:17:07.317Z] Error: EPIPE: broken pipe, write
    at Socket._write (node:internal/net:75:18)
    at writeOrBuffer (node:internal/streams/writable:570:12)
    at _write (node:internal/streams/writable:499:10)
    at Writable.write (node:internal/streams/writable:508:10)
    at Console.log (C:\Users\xioas\AppData\Roaming\npm\node_modules\firebase-tools\node_modules\winston\lib\winston\transports\console.js:87:23)
    at Console._write (C:\Users\xioas\AppData\Roaming\npm\node_modules\firebase-tools\node_modules\winston-transport\modern.js:103:17)
    at doWrite (C:\Users\xioas\AppData\Roaming\npm\node_modules\firebase-tools\node_modules\winston-transport\node_modules\readable-stream\lib\_stream_writable.js:390:139)
    at writeOrBuffer (C:\Users\xioas\AppData\Roaming\npm\node_modules\firebase-tools\node_modules\winston-transport\node_modules\readable-stream\lib\_stream_writable.js:381:5)
    at Writable.write (C:\Users\xioas\AppData\Roaming\npm\node_modules\firebase-tools\node_modules\winston-transport\node_modules\readable-stream\lib\_stream_writable.js:302:11)
    at DerivedLogger.ondata (C:\Users\xioas\AppData\Roaming\npm\node_modules\firebase-tools\node_modules\winston\node_modules\readable-stream\lib\_stream_readable.js:629:20)
[error] 
[error] Error: An unexpected error has occurred.
[debug] [2026-08-31T20:17:07.317Z] Error: EPIPE: broken pipe, write
    at Socket._write (node:internal/net:75:18)
    at writeOrBuffer (node:internal/streams/writable:570:12)
    at _write (node:internal/streams/writable:499:10)
    at Writable.write (node:internal/streams/writable:508:10)
    at Console.log (C:\Users\xioas\AppData\Roaming\npm\node_modules\firebase-tools\node_modules\winston\lib\winston\transports\console.js:87:23)
    at Console._write (C:\Users\xioas\AppData\Roaming\npm\node_modules\firebase-tools\node_modules\winston-transport\modern.js:103:17)
    at doWrite (C:\Users\xioas\AppData\Roaming\npm\node_modules\firebase-tools\node_modules\winston-transport\node_modules\readable-stream\lib\_stream_writable.js:390:139)
    at writeOrBuffer (C:\Users\xioas\AppData\Roaming\npm\node_modules\firebase-tools\node_modules\winston-transport\node_modules\readable-stream\lib\_stream_writable.js:381:5)
    at Writable.write (C:\Users\xioas\AppData\Roaming\npm\node_modules\firebase-tools\node_modules\winston-transport\node_modules\readable-stream\lib\_stream_writable.js:302:11)
    at DerivedLogger.ondata (C:\Users\xioas\AppData\Roaming\npm\node_modules\firebase-tools\node_modules\winston\node_modules\readable-stream\lib\_stream_readable.js:629:20)
[error] 
[error] Error: An unexpected error has occurred.
[debug] [2026-08-31T20:17:07.317Z] Error: EPIPE: broken pipe, write
    at Socket._write (node:internal/net:75:18)
    at writeOrBuffer (node:internal/streams/writable:570:12)
    at _write (node:internal/streams/writable:499:10)
    at Writable.write (node:internal/streams/writable:508:10)
    at Console.log (C:\Users\xioas\AppData\Roaming\npm\node_modules\firebase-tools\node_modules\winston\lib\winston\transports\console.js:87:23)
    at Console._write (C:\Users\xioas\AppData\Roaming\npm\node_modules\firebase-tools\node_modules\winston-transport\modern.js:103:17)
    at doWrite (C:\Users\xioas\AppData\Roaming\npm\node_modules\firebase-tools\node_modules\winston-transport\node_modules\readable-stream\lib\_stream_writable.js:390:139)
    at writeOrBuffer (C:\Users\xioas\AppData\Roaming\npm\node_modules\firebase-tools\node_modules\winston-transport\node_modules\readable-stream\lib\_stream_writable.js:381:5)
    at Writable.write (C:\Users\xioas\AppData\Roaming\npm\node_modules\firebase-tools\node_modules\winston-transport\node_modules\readable-stream\lib\_stream_writable.js:302:11)
    at DerivedLogger.ondata (C:\Users\xioas\AppData\Roaming\npm\node_modules\firebase-tools\node_modules\winston\node_modules\readable-stream\lib\_stream_readable.js:629:20)
[error] 
[error] Error: An unexpected error has occurred.
[debug] [2026-08-31T20:17:07.318Z] Error: EPIPE: broken pipe, write
    at Socket._write (node:internal/net:75:18)
    at writeOrBuffer (node:internal/streams/writable:570:12)
    at _write (node:internal/streams/writable:499:10)
    at Writable.write (node:internal/streams/writable:508:10)
    at Console.log (C:\Users\xioas\AppData\Roaming\npm\node_modules\firebase-tools\node_modules\winston\lib\winston\transports\console.js:87:23)
    at Console._write (C:\Users\xioas\AppData\Roaming\npm\node_modules\firebase-tools\node_modules\winston-transport\modern.js:103:17)
    at doWrite (C:\Users\xioas\AppData\Roaming\npm\node_modules\firebase-tools\node_modules\winston-transport\node_modules\readable-stream\lib\_stream_writable.js:390:139)
    at writeOrBuffer (C:\Users\xioas\AppData\Roaming\npm\node_modules\firebase-tools\node_modules\winston-transport\node_modules\readable-stream\lib\_stream_writable.js:381:5)
    at Writable.write (C:\Users\xioas\AppData\Roaming\npm\node_modules\firebase-tools\node_modules\winston-transport\node_modules\readable-stream\lib\_stream_writable.js:302:11)
    at DerivedLogger.ondata (C:\Users\xioas\AppData\Roaming\npm\node_modules\firebase-tools\node_modules\winston\node_modules\readable-stream\lib\_stream_readable.js:629:20)
[error] 
[error] Error: An unexpected error has occurred.
[debug] [2026-08-31T20:17:07.318Z] Error: EPIPE: broken pipe, write
    at Socket._write (node:internal/net:75:18)
    at writeOrBuffer (node:internal/streams/writable:570:12)
    at _write (node:internal/streams/writable:499:10)
    at Writable.write (node:internal/streams/writable:508:10)
    at Console.log (C:\Users\xioas\AppData\Roaming\npm\node_modules\firebase-tools\node_modules\winston\lib\winston\transports\console.js:87:23)
    at Console._write (C:\Users\xioas\AppData\Roaming\npm\node_modules\firebase-tools\node_modules\winston-transport\modern.js:103:17)
    at doWrite (C:\Users\xioas\AppData\Roaming\npm\node_modules\firebase-tools\node_modules\winston-transport\node_modules\readable-stream\lib\_stream_writable.js:390:139)
    at writeOrBuffer (C:\Users\xioas\AppData\Roaming\npm\node_modules\firebase-tools\node_modules\winston-transport\node_modules\readable-stream\lib\_stream_writable.js:381:5)
    at Writable.write (C:\Users\xioas\AppData\Roaming\npm\node_modules\firebase-tools\node_modules\winston-transport\node_modules\readable-stream\lib\_stream_writable.js:302:11)
    at DerivedLogger.ondata (C:\Users\xioas\AppData\Roaming\npm\node_modules\firebase-tools\node_modules\winston\node_modules\readable-stream\lib\_stream_readable.js:629:20)
[error] 
[error] Error: An unexpected error has occurred.
[debug] [2026-08-31T20:17:07.318Z] Error: EPIPE: broken pipe, write
    at Socket._write (node:internal/net:75:18)
    at writeOrBuffer (node:internal/streams/writable:570:12)
    at _write (node:internal/streams/writable:499:10)
    at Writable.write (node:internal/streams/writable:508:10)
    at Console.log (C:\Users\xioas\AppData\Roaming\npm\node_modules\firebase-tools\node_modules\winston\lib\winston\transports\console.js:87:23)
    at Console._write (C:\Users\xioas\AppData\Roaming\npm\node_modules\firebase-tools\node_modules\winston-transport\modern.js:103:17)
    at doWrite (C:\Users\xioas\AppData\Roaming\npm\node_modules\firebase-tools\node_modules\winston-transport\node_modules\readable-stream\lib\_stream_writable.js:390:139)
    at writeOrBuffer (C:\Users\xioas\AppData\Roaming\npm\node_modules\firebase-tools\node_modules\winston-transport\node_modules\readable-stream\lib\_stream_writable.js:381:5)
    at Writable.write (C:\Users\xioas\AppData\Roaming\npm\node_modules\firebase-tools\node_modules\winston-transport\node_modules\readable-stream\lib\_stream_writable.js:302:11)
    at DerivedLogger.ondata (C:\Users\xioas\AppData\Roaming\npm\node_modules\firebase-tools\node_modules\winston\node_modules\readable-stream\lib\_stream_readable.js:629:20)
[error] 
[error] Error: An unexpected error has occurred.
[debug] [2026-08-31T20:17:07.319Z] Error: EPIPE: broken pipe, write
    at Socket._write (node:internal/net:75:18)
    at writeOrBuffer (node:internal/streams/writable:570:12)
    at _write (node:internal/streams/writable:499:10)
    at Writable.write (node:internal/streams/writable:508:10)
    at Console.log (C:\Users\xioas\AppData\Roaming\npm\node_modules\firebase-tools\node_modules\winston\lib\winston\transports\console.js:87:23)
    at Console._write (C:\Users\xioas\AppData\Roaming\npm\node_modules\firebase-tools\node_modules\winston-transport\modern.js:103:17)
    at doWrite (C:\Users\xioas\AppData\Roaming\npm\node_modules\firebase-tools\node_modules\winston-transport\node_modules\readable-stream\lib\_stream_writable.js:390:139)
    at writeOrBuffer (C:\Users\xioas\AppData\Roaming\npm\node_modules\firebase-tools\node_modules\winston-transport\node_modules\readable-stream\lib\_stream_writable.js:381:5)
    at Writable.write (C:\Users\xioas\AppData\Roaming\npm\node_modules\firebase-tools\node_modules\winston-transport\node_modules\readable-stream\lib\_stream_writable.js:302:11)
    at DerivedLogger.ondata (C:\Users\xioas\AppData\Roaming\npm\node_modules\firebase-tools\node_modules\winston\node_modules\readable-stream\lib\_stream_readable.js:629:20)
[error] 
[error] Error: An unexpected error has occurred.
[debug] [2026-08-31T20:17:07.319Z] Error: EPIPE: broken pipe, write
    at Socket._write (node:internal/net:75:18)
    at writeOrBuffer (node:internal/streams/writable:570:12)
    at _write (node:internal/streams/writable:499:10)
    at Writable.write (node:internal/streams/writable:508:10)
    at Console.log (C:\Users\xioas\AppData\Roaming\npm\node_modules\firebase-tools\node_modules\winston\lib\winston\transports\console.js:87:23)
    at Console._write (C:\Users\xioas\AppData\Roaming\npm\node_modules\firebase-tools\node_modules\winston-transport\modern.js:103:17)
    at doWrite (C:\Users\xioas\AppData\Roaming\npm\node_modules\firebase-tools\node_modules\winston-transport\node_modules\readable-stream\lib\_stream_writable.js:390:139)
    at writeOrBuffer (C:\Users\xioas\AppData\Roaming\npm\node_modules\firebase-tools\node_modules\winston-transport\node_modules\readable-stream\lib\_stream_writable.js:381:5)
    at Writable.write (C:\Users\xioas\AppData\Roaming\npm\node_modules\firebase-tools\node_modules\winston-transport\node_modules\readable-stream\lib\_stream_writable.js:302:11)
    at DerivedLogger.ondata (C:\Users\xioas\AppData\Roaming\npm\node_modules\firebase-tools\node_modules\winston\node_modules\readable-stream\lib\_stream_readable.js:629:20)
[error] 
[error] Error: An unexpected error has occurred.
[debug] [2026-08-31T20:17:07.320Z] Error: EPIPE: broken pipe, write
    at Socket._write (node:internal/net:75:18)
    at writeOrBuffer (node:internal/streams/writable:570:12)
    at _write (node:internal/streams/writable:499:10)
    at Writable.write (node:internal/streams/writable:508:10)
    at Console.log (C:\Users\xioas\AppData\Roaming\npm\node_modules\firebase-tools\node_modules\winston\lib\winston\transports\console.js:87:23)
    at Console._write (C:\Users\xioas\AppData\Roaming\npm\node_modules\firebase-tools\node_modules\winston-transport\modern.js:103:17)
    at doWrite (C:\Users\xioas\AppData\Roaming\npm\node_modules\firebase-tools\node_modules\winston-transport\node_modules\readable-stream\lib\_stream_writable.js:390:139)
    at writeOrBuffer (C:\Users\xioas\AppData\Roaming\npm\node_modules\firebase-tools\node_modules\winston-transport\node_modules\readable-stream\lib\_stream_writable.js:381:5)
    at Writable.write (C:\Users\xioas\AppData\Roaming\npm\node_modules\firebase-tools\node_modules\winston-transport\node_modules\readable-stream\lib\_stream_writable.js:302:11)
    at DerivedLogger.ondata (C:\Users\xioas\AppData\Roaming\npm\node_modules\firebase-tools\node_modules\winston\node_modules\readable-stream\lib\_stream_readable.js:629:20)
[error] 
[error] Error: An unexpected error has occurred.
[debug] [2026-08-31T20:17:07.320Z] Error: EPIPE: broken pipe, write
    at Socket._write (node:internal/net:75:18)
    at writeOrBuffer (node:internal/streams/writable:570:12)
    at _write (node:internal/streams/writable:499:10)
    at Writable.write (node:internal/streams/writable:508:10)
    at Console.log (C:\Users\xioas\AppData\Roaming\npm\node_modules\firebase-tools\node_modules\winston\lib\winston\transports\console.js:87:23)
    at Console._write (C:\Users\xioas\AppData\Roaming\npm\node_modules\firebase-tools\node_modules\winston-transport\modern.js:103:17)
    at doWrite (C:\Users\xioas\AppData\Roaming\npm\node_modules\firebase-tools\node_modules\winston-transport\node_modules\readable-stream\lib\_stream_writable.js:390:139)
    at writeOrBuffer (C:\Users\xioas\AppData\Roaming\npm\node_modules\firebase-tools\node_modules\winston-transport\node_modules\readable-stream\lib\_stream_writable.js:381:5)
    at Writable.write (C:\Users\xioas\AppData\Roaming\npm\node_modules\firebase-tools\node_modules\winston-transport\node_modules\readable-stream\lib\_stream_writable.js:302:11)
    at DerivedLogger.ondata (C:\Users\xioas\AppData\Roaming\npm\node_modules\firebase-tools\node_modules\winston\node_modules\readable-stream\lib\_stream_readable.js:629:20)
[error] 
[error] Error: An unexpected error has occurred.
[debug] [2026-08-31T20:17:07.322Z] Error: EPIPE: broken pipe, write
    at Socket._write (node:internal/net:75:18)
    at writeOrBuffer (node:internal/streams/writable:570:12)
    at _write (node:internal/streams/writable:499:10)
    at Writable.write (node:internal/streams/writable:508:10)
    at Console.log (C:\Users\xioas\AppData\Roaming\npm\node_modules\firebase-tools\node_modules\winston\lib\winston\transports\console.js:87:23)
    at Console._write (C:\Users\xioas\AppData\Roaming\npm\node_modules\firebase-tools\node_modules\winston-transport\modern.js:103:17)
    at doWrite (C:\Users\xioas\AppData\Roaming\npm\node_modules\firebase-tools\node_modules\winston-transport\node_modules\readable-stream\lib\_stream_writable.js:390:139)
    at writeOrBuffer (C:\Users\xioas\AppData\Roaming\npm\node_modules\firebase-tools\node_modules\winston-transport\node_modules\readable-stream\lib\_stream_writable.js:381:5)
    at Writable.write (C:\Users\xioas\AppData\Roaming\npm\node_modules\firebase-tools\node_modules\winston-transport\node_modules\readable-stream\lib\_stream_writable.js:302:11)
    at DerivedLogger.ondata (C:\Users\xioas\AppData\Roaming\npm\node_modules\firebase-tools\node_modules\winston\node_modules\readable-stream\lib\_stream_readable.js:629:20)
[error] 
[error] Error: An unexpected error has occurred.
[debug] [2026-08-31T20:17:07.322Z] Error: EPIPE: broken pipe, write
    at Socket._write (node:internal/net:75:18)
    at writeOrBuffer (node:internal/streams/writable:570:12)
    at _write (node:internal/streams/writable:499:10)
    at Writable.write (node:internal/streams/writable:508:10)
    at Console.log (C:\Users\xioas\AppData\Roaming\npm\node_modules\firebase-tools\node_modules\winston\lib\winston\transports\console.js:87:23)
    at Console._write (C:\Users\xioas\AppData\Roaming\npm\node_modules\firebase-tools\node_modules\winston-transport\modern.js:103:17)
    at doWrite (C:\Users\xioas\AppData\Roaming\npm\node_modules\firebase-tools\node_modules\winston-transport\node_modules\readable-stream\lib\_stream_writable.js:390:139)
    at writeOrBuffer (C:\Users\xioas\AppData\Roaming\npm\node_modules\firebase-tools\node_modules\winston-transport\node_modules\readable-stream\lib\_stream_writable.js:381:5)
    at Writable.write (C:\Users\xioas\AppData\Roaming\npm\node_modules\firebase-tools\node_modules\winston-transport\node_modules\readable-stream\lib\_stream_writable.js:302:11)
    at DerivedLogger.ondata (C:\Users\xioas\AppData\Roaming\npm\node_modules\firebase-tools\node_modules\winston\node_modules\readable-stream\lib\_stream_readable.js:629:20)
[error] 
[error] Error: An unexpected error has occurred.
[debug] [2026-08-31T20:17:07.322Z] Error: EPIPE: broken pipe, write
    at Socket._write (node:internal/net:75:18)
    at writeOrBuffer (node:internal/streams/writable:570:12)
    at _write (node:internal/streams/writable:499:10)
    at Writable.write (node:internal/streams/writable:508:10)
    at Console.log (C:\Users\xioas\AppData\Roaming\npm\node_modules\firebase-tools\node_modules\winston\lib\winston\transports\console.js:87:23)
    at Console._write (C:\Users\xioas\AppData\Roaming\npm\node_modules\firebase-tools\node_modules\winston-transport\modern.js:103:17)
    at doWrite (C:\Users\xioas\AppData\Roaming\npm\node_modules\firebase-tools\node_modules\winston-transport\node_modules\readable-stream\lib\_stream_writable.js:390:139)
    at writeOrBuffer (C:\Users\xioas\AppData\Roaming\npm\node_modules\firebase-tools\node_modules\winston-transport\node_modules\readable-stream\lib\_stream_writable.js:381:5)
    at Writable.write (C:\Users\xioas\AppData\Roaming\npm\node_modules\firebase-tools\node_modules\winston-transport\node_modules\readable-stream\lib\_stream_writable.js:302:11)
    at DerivedLogger.ondata (C:\Users\xioas\AppData\Roaming\npm\node_modules\firebase-tools\node_modules\winston\node_modules\readable-stream\lib\_stream_readable.js:629:20)
[error] 
[error] Error: An unexpected error has occurred.
[debug] [2026-08-31T20:17:07.323Z] Error: EPIPE: broken pipe, write
    at Socket._write (node:internal/net:75:18)
    at writeOrBuffer (node:internal/streams/writable:570:12)
    at _write (node:internal/streams/writable:499:10)
    at Writable.write (node:internal/streams/writable:508:10)
    at Console.log (C:\Users\xioas\AppData\Roaming\npm\node_modules\firebase-tools\node_modules\winston\lib\winston\transports\console.js:87:23)
    at Console._write (C:\Users\xioas\AppData\Roaming\npm\node_modules\firebase-tools\node_modules\winston-transport\modern.js:103:17)
    at doWrite (C:\Users\xioas\AppData\Roaming\npm\node_modules\firebase-tools\node_modules\winston-transport\node_modules\readable-stream\lib\_stream_writable.js:390:139)
    at writeOrBuffer (C:\Users\xioas\AppData\Roaming\npm\node_modules\firebase-tools\node_modules\winston-transport\node_modules\readable-stream\lib\_stream_writable.js:381:5)
    at Writable.write (C:\Users\xioas\AppData\Roaming\npm\node_modules\firebase-tools\node_modules\winston-transport\node_modules\readable-stream\lib\_stream_writable.js:302:11)
    at DerivedLogger.ondata (C:\Users\xioas\AppData\Roaming\npm\node_modules\firebase-tools\node_modules\winston\node_modules\readable-stream\lib\_stream_readable.js:629:20)
[error] 
[error] Error: An unexpected error has occurred.
[debug] [2026-08-31T20:17:07.324Z] Error: EPIPE: broken pipe, write
    at Socket._write (node:internal/net:75:18)
    at writeOrBuffer (node:internal/streams/writable:570:12)
    at _write (node:internal/streams/writable:499:10)
    at Writable.write (node:internal/streams/writable:508:10)
    at Console.log (C:\Users\xioas\AppData\Roaming\npm\node_modules\firebase-tools\node_modules\winston\lib\winston\transports\console.js:87:23)
    at Console._write (C:\Users\xioas\AppData\Roaming\npm\node_modules\firebase-tools\node_modules\winston-transport\modern.js:103:17)
    at doWrite (C:\Users\xioas\AppData\Roaming\npm\node_modules\firebase-tools\node_modules\winston-transport\node_modules\readable-stream\lib\_stream_writable.js:390:139)
    at writeOrBuffer (C:\Users\xioas\AppData\Roaming\npm\node_modules\firebase-tools\node_modules\winston-transport\node_modules\readable-stream\lib\_stream_writable.js:381:5)
    at Writable.write (C:\Users\xioas\AppData\Roaming\npm\node_modules\firebase-tools\node_modules\winston-transport\node_modules\readable-stream\lib\_stream_writable.js:302:11)
    at DerivedLogger.ondata (C:\Users\xioas\AppData\Roaming\npm\node_modules\firebase-tools\node_modules\winston\node_modules\readable-stream\lib\_stream_readable.js:629:20)
[error] 
[error] Error: An unexpected error has occurred.
[debug] [2026-08-31T20:17:07.324Z] Error: EPIPE: broken pipe, write
    at Socket._write (node:internal/net:75:18)
    at writeOrBuffer (node:internal/streams/writable:570:12)
    at _write (node:internal/streams/writable:499:10)
    at Writable.write (node:internal/streams/writable:508:10)
    at Console.log (C:\Users\xioas\AppData\Roaming\npm\node_modules\firebase-tools\node_modules\winston\lib\winston\transports\console.js:87:23)
    at Console._write (C:\Users\xioas\AppData\Roaming\npm\node_modules\firebase-tools\node_modules\winston-transport\modern.js:103:17)
    at doWrite (C:\Users\xioas\AppData\Roaming\npm\node_modules\firebase-tools\node_modules\winston-transport\node_modules\readable-stream\lib\_stream_writable.js:390:139)
    at writeOrBuffer (C:\Users\xioas\AppData\Roaming\npm\node_modules\firebase-tools\node_modules\winston-transport\node_modules\readable-stream\lib\_stream_writable.js:381:5)
    at Writable.write (C:\Users\xioas\AppData\Roaming\npm\node_modules\firebase-tools\node_modules\winston-transport\node_modules\readable-stream\lib\_stream_writable.js:302:11)
    at DerivedLogger.ondata (C:\Users\xioas\AppData\Roaming\npm\node_modules\firebase-tools\node_modules\winston\node_modules\readable-stream\lib\_stream_readable.js:629:20)
[error] 
[error] Error: An unexpected error has occurred.
[debug] [2026-08-31T20:17:07.325Z] Error: EPIPE: broken pipe, write
    at Socket._write (node:internal/net:75:18)
    at writeOrBuffer (node:internal/streams/writable:570:12)
    at _write (node:internal/streams/writable:499:10)
    at Writable.write (node:internal/streams/writable:508:10)
    at Console.log (C:\Users\xioas\AppData\Roaming\npm\node_modules\firebase-tools\node_modules\winston\lib\winston\transports\console.js:87:23)
    at Console._write (C:\Users\xioas\AppData\Roaming\npm\node_modules\firebase-tools\node_modules\winston-transport\modern.js:103:17)
    at doWrite (C:\Users\xioas\AppData\Roaming\npm\node_modules\firebase-tools\node_modules\winston-transport\node_modules\readable-stream\lib\_stream_writable.js:390:139)
    at writeOrBuffer (C:\Users\xioas\AppData\Roaming\npm\node_modules\firebase-tools\node_modules\winston-transport\node_modules\readable-stream\lib\_stream_writable.js:381:5)
    at Writable.write (C:\Users\xioas\AppData\Roaming\npm\node_modules\firebase-tools\node_modules\winston-transport\node_modules\readable-stream\lib\_stream_writable.js:302:11)
    at DerivedLogger.ondata (C:\Users\xioas\AppData\Roaming\npm\node_modules\firebase-tools\node_modules\winston\node_modules\readable-stream\lib\_stream_readable.js:629:20)
[error] 
[error] Error: An unexpected error has occurred.
[debug] [2026-08-31T20:17:07.325Z] Error: EPIPE: broken pipe, write
    at Socket._write (node:internal/net:75:18)
    at writeOrBuffer (node:internal/streams/writable:570:12)
    at _write (node:internal/streams/writable:499:10)
    at Writable.write (node:internal/streams/writable:508:10)
    at Console.log (C:\Users\xioas\AppData\Roaming\npm\node_modules\firebase-tools\node_modules\winston\lib\winston\transports\console.js:87:23)
    at Console._write (C:\Users\xioas\AppData\Roaming\npm\node_modules\firebase-tools\node_modules\winston-transport\modern.js:103:17)
    at doWrite (C:\Users\xioas\AppData\Roaming\npm\node_modules\firebase-tools\node_modules\winston-transport\node_modules\readable-stream\lib\_stream_writable.js:390:139)
    at writeOrBuffer (C:\Users\xioas\AppData\Roaming\npm\node_modules\firebase-tools\node_modules\winston-transport\node_modules\readable-stream\lib\_stream_writable.js:381:5)
    at Writable.write (C:\Users\xioas\AppData\Roaming\npm\node_modules\firebase-tools\node_modules\winston-transport\node_modules\readable-stream\lib\_stream_writable.js:302:11)
    at DerivedLogger.ondata (C:\Users\xioas\AppData\Roaming\npm\node_modules\firebase-tools\node_modules\winston\node_modules\readable-stream\lib\_stream_readable.js:629:20)
[error] 
[error] Error: An unexpected error has occurred.
[debug] [2026-08-31T20:17:07.325Z] Error: EPIPE: broken pipe, write
    at Socket._write (node:internal/net:75:18)
    at writeOrBuffer (node:internal/streams/writable:570:12)
    at _write (node:internal/streams/writable:499:10)
    at Writable.write (node:internal/streams/writable:508:10)
    at Console.log (C:\Users\xioas\AppData\Roaming\npm\node_modules\firebase-tools\node_modules\winston\lib\winston\transports\console.js:87:23)
    at Console._write (C:\Users\xioas\AppData\Roaming\npm\node_modules\firebase-tools\node_modules\winston-transport\modern.js:103:17)
    at doWrite (C:\Users\xioas\AppData\Roaming\npm\node_modules\firebase-tools\node_modules\winston-transport\node_modules\readable-stream\lib\_stream_writable.js:390:139)
    at writeOrBuffer (C:\Users\xioas\AppData\Roaming\npm\node_modules\firebase-tools\node_modules\winston-transport\node_modules\readable-stream\lib\_stream_writable.js:381:5)
    at Writable.write (C:\Users\xioas\AppData\Roaming\npm\node_modules\firebase-tools\node_modules\winston-transport\node_modules\readable-stream\lib\_stream_writable.js:302:11)
    at DerivedLogger.ondata (C:\Users\xioas\AppData\Roaming\npm\node_modules\firebase-tools\node_modules\winston\node_modules\readable-stream\lib\_stream_readable.js:629:20)
[error] 
[error] Error: An unexpected error has occurred.
[debug] [2026-08-31T20:17:07.325Z] Error: EPIPE: broken pipe, write
    at Socket._write (node:internal/net:75:18)
    at writeOrBuffer (node:internal/streams/writable:570:12)
    at _write (node:internal/streams/writable:499:10)
    at Writable.write (node:internal/streams/writable:508:10)
    at Console.log (C:\Users\xioas\AppData\Roaming\npm\node_modules\firebase-tools\node_modules\winston\lib\winston\transports\console.js:87:23)
    at Console._write (C:\Users\xioas\AppData\Roaming\npm\node_modules\firebase-tools\node_modules\winston-transport\modern.js:103:17)
    at doWrite (C:\Users\xioas\AppData\Roaming\npm\node_modules\firebase-tools\node_modules\winston-transport\node_modules\readable-stream\lib\_stream_writable.js:390:139)
    at writeOrBuffer (C:\Users\xioas\AppData\Roaming\npm\node_modules\firebase-tools\node_modules\winston-transport\node_modules\readable-stream\lib\_stream_writable.js:381:5)
    at Writable.write (C:\Users\xioas\AppData\Roaming\npm\node_modules\firebase-tools\node_modules\winston-transport\node_modules\readable-stream\lib\_stream_writable.js:302:11)
    at DerivedLogger.ondata (C:\Users\xioas\AppData\Roaming\npm\node_modules\firebase-tools\node_modules\winston\node_modules\readable-stream\lib\_stream_readable.js:629:20)
[error] 
[error] Error: An unexpected error has occurred.
[debug] [2026-08-31T20:17:07.325Z] Error: EPIPE: broken pipe, write
    at Socket._write (node:internal/net:75:18)
    at writeOrBuffer (node:internal/streams/writable:570:12)
    at _write (node:internal/streams/writable:499:10)
    at Writable.write (node:internal/streams/writable:508:10)
    at Console.log (C:\Users\xioas\AppData\Roaming\npm\node_modules\firebase-tools\node_modules\winston\lib\winston\transports\console.js:87:23)
    at Console._write (C:\Users\xioas\AppData\Roaming\npm\node_modules\firebase-tools\node_modules\winston-transport\modern.js:103:17)
    at doWrite (C:\Users\xioas\AppData\Roaming\npm\node_modules\firebase-tools\node_modules\winston-transport\node_modules\readable-stream\lib\_stream_writable.js:390:139)
    at writeOrBuffer (C:\Users\xioas\AppData\Roaming\npm\node_modules\firebase-tools\node_modules\winston-transport\node_modules\readable-stream\lib\_stream_writable.js:381:5)
    at Writable.write (C:\Users\xioas\AppData\Roaming\npm\node_modules\firebase-tools\node_modules\winston-transport\node_modules\readable-stream\lib\_stream_writable.js:302:11)
    at DerivedLogger.ondata (C:\Users\xioas\AppData\Roaming\npm\node_modules\firebase-tools\node_modules\winston\node_modules\readable-stream\lib\_stream_readable.js:629:20)
[error] 
[error] Error: An unexpected error has occurred.
[debug] [2026-08-31T20:17:07.326Z] Error: EPIPE: broken pipe, write
    at Socket._write (node:internal/net:75:18)
    at writeOrBuffer (node:internal/streams/writable:570:12)
    at _write (node:internal/streams/writable:499:10)
    at Writable.write (node:internal/streams/writable:508:10)
    at Console.log (C:\Users\xioas\AppData\Roaming\npm\node_modules\firebase-tools\node_modules\winston\lib\winston\transports\console.js:87:23)
    at Console._write (C:\Users\xioas\AppData\Roaming\npm\node_modules\firebase-tools\node_modules\winston-transport\modern.js:103:17)
    at doWrite (C:\Users\xioas\AppData\Roaming\npm\node_modules\firebase-tools\node_modules\winston-transport\node_modules\readable-stream\lib\_stream_writable.js:390:139)
    at writeOrBuffer (C:\Users\xioas\AppData\Roaming\npm\node_modules\firebase-tools\node_modules\winston-transport\node_modules\readable-stream\lib\_stream_writable.js:381:5)
    at Writable.write (C:\Users\xioas\AppData\Roaming\npm\node_modules\firebase-tools\node_modules\winston-transport\node_modules\readable-stream\lib\_stream_writable.js:302:11)
    at DerivedLogger.ondata (C:\Users\xioas\AppData\Roaming\npm\node_modules\firebase-tools\node_modules\winston\node_modules\readable-stream\lib\_stream_readable.js:629:20)
[error] 
[error] Error: An unexpected error has occurred.
[debug] [2026-08-31T20:17:07.326Z] Error: EPIPE: broken pipe, write
    at Socket._write (node:internal/net:75:18)
    at writeOrBuffer (node:internal/streams/writable:570:12)
    at _write (node:internal/streams/writable:499:10)
    at Writable.write (node:internal/streams/writable:508:10)
    at Console.log (C:\Users\xioas\AppData\Roaming\npm\node_modules\firebase-tools\node_modules\winston\lib\winston\transports\console.js:87:23)
    at Console._write (C:\Users\xioas\AppData\Roaming\npm\node_modules\firebase-tools\node_modules\winston-transport\modern.js:103:17)
    at doWrite (C:\Users\xioas\AppData\Roaming\npm\node_modules\firebase-tools\node_modules\winston-transport\node_modules\readable-stream\lib\_stream_writable.js:390:139)
    at writeOrBuffer (C:\Users\xioas\AppData\Roaming\npm\node_modules\firebase-tools\node_modules\winston-transport\node_modules\readable-stream\lib\_stream_writable.js:381:5)
    at Writable.write (C:\Users\xioas\AppData\Roaming\npm\node_modules\firebase-tools\node_modules\winston-transport\node_modules\readable-stream\lib\_stream_writable.js:302:11)
    at DerivedLogger.ondata (C:\Users\xioas\AppData\Roaming\npm\node_modules\firebase-tools\node_modules\winston\node_modules\readable-stream\lib\_stream_readable.js:629:20)
[error] 
[error] Error: An unexpected error has occurred.
[debug] [2026-08-31T20:17:07.327Z] Error: EPIPE: broken pipe, write
    at Socket._write (node:internal/net:75:18)
    at writeOrBuffer (node:internal/streams/writable:570:12)
    at _write (node:internal/streams/writable:499:10)
    at Writable.write (node:internal/streams/writable:508:10)
    at Console.log (C:\Users\xioas\AppData\Roaming\npm\node_modules\firebase-tools\node_modules\winston\lib\winston\transports\console.js:87:23)
    at Console._write (C:\Users\xioas\AppData\Roaming\npm\node_modules\firebase-tools\node_modules\winston-transport\modern.js:103:17)
    at doWrite (C:\Users\xioas\AppData\Roaming\npm\node_modules\firebase-tools\node_modules\winston-transport\node_modules\readable-stream\lib\_stream_writable.js:390:139)
    at writeOrBuffer (C:\Users\xioas\AppData\Roaming\npm\node_modules\firebase-tools\node_modules\winston-transport\node_modules\readable-stream\lib\_stream_writable.js:381:5)
    at Writable.write (C:\Users\xioas\AppData\Roaming\npm\node_modules\firebase-tools\node_modules\winston-transport\node_modules\readable-stream\lib\_stream_writable.js:302:11)
    at DerivedLogger.ondata (C:\Users\xioas\AppData\Roaming\npm\node_modules\firebase-tools\node_modules\winston\node_modules\readable-stream\lib\_stream_readable.js:629:20)
[error] 
[error] Error: An unexpected error has occurred.
[debug] [2026-08-31T20:17:07.328Z] Error: EPIPE: broken pipe, write
    at Socket._write (node:internal/net:75:18)
    at writeOrBuffer (node:internal/streams/writable:570:12)
    at _write (node:internal/streams/writable:499:10)
    at Writable.write (node:internal/streams/writable:508:10)
    at Console.log (C:\Users\xioas\AppData\Roaming\npm\node_modules\firebase-tools\node_modules\winston\lib\winston\transports\console.js:87:23)
    at Console._write (C:\Users\xioas\AppData\Roaming\npm\node_modules\firebase-tools\node_modules\winston-transport\modern.js:103:17)
    at doWrite (C:\Users\xioas\AppData\Roaming\npm\node_modules\firebase-tools\node_modules\winston-transport\node_modules\readable-stream\lib\_stream_writable.js:390:139)
    at writeOrBuffer (C:\Users\xioas\AppData\Roaming\npm\node_modules\firebase-tools\node_modules\winston-transport\node_modules\readable-stream\lib\_stream_writable.js:381:5)
    at Writable.write (C:\Users\xioas\AppData\Roaming\npm\node_modules\firebase-tools\node_modules\winston-transport\node_modules\readable-stream\lib\_stream_writable.js:302:11)
    at DerivedLogger.ondata (C:\Users\xioas\AppData\Roaming\npm\node_modules\firebase-tools\node_modules\winston\node_modules\readable-stream\lib\_stream_readable.js:629:20)
[error] 
[error] Error: An unexpected error has occurred.
[debug] [2026-08-31T20:17:07.328Z] Error: EPIPE: broken pipe, write
    at Socket._write (node:internal/net:75:18)
    at writeOrBuffer (node:internal/streams/writable:570:12)
    at _write (node:internal/streams/writable:499:10)
    at Writable.write (node:internal/streams/writable:508:10)
    at Console.log (C:\Users\xioas\AppData\Roaming\npm\node_modules\firebase-tools\node_modules\winston\lib\winston\transports\console.js:87:23)
    at Console._write (C:\Users\xioas\AppData\Roaming\npm\node_modules\firebase-tools\node_modules\winston-transport\modern.js:103:17)
    at doWrite (C:\Users\xioas\AppData\Roaming\npm\node_modules\firebase-tools\node_modules\winston-transport\node_modules\readable-stream\lib\_stream_writable.js:390:139)
    at writeOrBuffer (C:\Users\xioas\AppData\Roaming\npm\node_modules\firebase-tools\node_modules\winston-transport\node_modules\readable-stream\lib\_stream_writable.js:381:5)
    at Writable.write (C:\Users\xioas\AppData\Roaming\npm\node_modules\firebase-tools\node_modules\winston-transport\node_modules\readable-stream\lib\_stream_writable.js:302:11)
    at DerivedLogger.ondata (C:\Users\xioas\AppData\Roaming\npm\node_modules\firebase-tools\node_modules\winston\node_modules\readable-stream\lib\_stream_readable.js:629:20)
[error] 
[error] Error: An unexpected error has occurred.
[debug] [2026-08-31T20:17:07.329Z] Error: EPIPE: broken pipe, write
    at Socket._write (node:internal/net:75:18)
    at writeOrBuffer (node:internal/streams/writable:570:12)
    at _write (node:internal/streams/writable:499:10)
    at Writable.write (node:internal/streams/writable:508:10)
    at Console.log (C:\Users\xioas\AppData\Roaming\npm\node_modules\firebase-tools\node_modules\winston\lib\winston\transports\console.js:87:23)
    at Console._write (C:\Users\xioas\AppData\Roaming\npm\node_modules\firebase-tools\node_modules\winston-transport\modern.js:103:17)
    at doWrite (C:\Users\xioas\AppData\Roaming\npm\node_modules\firebase-tools\node_modules\winston-transport\node_modules\readable-stream\lib\_stream_writable.js:390:139)
    at writeOrBuffer (C:\Users\xioas\AppData\Roaming\npm\node_modules\firebase-tools\node_modules\winston-transport\node_modules\readable-stream\lib\_stream_writable.js:381:5)
    at Writable.write (C:\Users\xioas\AppData\Roaming\npm\node_modules\firebase-tools\node_modules\winston-transport\node_modules\readable-stream\lib\_stream_writable.js:302:11)
    at DerivedLogger.ondata (C:\Users\xioas\AppData\Roaming\npm\node_modules\firebase-tools\node_modules\winston\node_modules\readable-stream\lib\_stream_readable.js:629:20)
[error] 
[error] Error: An unexpected error has occurred.
[debug] [2026-08-31T20:17:07.330Z] Error: EPIPE: broken pipe, write
    at Socket._write (node:internal/net:75:18)
    at writeOrBuffer (node:internal/streams/writable:570:12)
    at _write (node:internal/streams/writable:499:10)
    at Writable.write (node:internal/streams/writable:508:10)
    at Console.log (C:\Users\xioas\AppData\Roaming\npm\node_modules\firebase-tools\node_modules\winston\lib\winston\transports\console.js:87:23)
    at Console._write (C:\Users\xioas\AppData\Roaming\npm\node_modules\firebase-tools\node_modules\winston-transport\modern.js:103:17)
    at doWrite (C:\Users\xioas\AppData\Roaming\npm\node_modules\firebase-tools\node_modules\winston-transport\node_modules\readable-stream\lib\_stream_writable.js:390:139)
    at writeOrBuffer (C:\Users\xioas\AppData\Roaming\npm\node_modules\firebase-tools\node_modules\winston-transport\node_modules\readable-stream\lib\_stream_writable.js:381:5)
    at Writable.write (C:\Users\xioas\AppData\Roaming\npm\node_modules\firebase-tools\node_modules\winston-transport\node_modules\readable-stream\lib\_stream_writable.js:302:11)
    at DerivedLogger.ondata (C:\Users\xioas\AppData\Roaming\npm\node_modules\firebase-tools\node_modules\winston\node_modules\readable-stream\lib\_stream_readable.js:629:20)
[error] 
[error] Error: An unexpected error has occurred.
[debug] [2026-08-31T20:17:07.330Z] Error: EPIPE: broken pipe, write
    at Socket._write (node:internal/net:75:18)
    at writeOrBuffer (node:internal/streams/writable:570:12)
    at _write (node:internal/streams/writable:499:10)
    at Writable.write (node:internal/streams/writable:508:10)
    at Console.log (C:\Users\xioas\AppData\Roaming\npm\node_modules\firebase-tools\node_modules\winston\lib\winston\transports\console.js:87:23)
    at Console._write (C:\Users\xioas\AppData\Roaming\npm\node_modules\firebase-tools\node_modules\winston-transport\modern.js:103:17)
    at doWrite (C:\Users\xioas\AppData\Roaming\npm\node_modules\firebase-tools\node_modules\winston-transport\node_modules\readable-stream\lib\_stream_writable.js:390:139)
    at writeOrBuffer (C:\Users\xioas\AppData\Roaming\npm\node_modules\firebase-tools\node_modules\winston-transport\node_modules\readable-stream\lib\_stream_writable.js:381:5)
    at Writable.write (C:\Users\xioas\AppData\Roaming\npm\node_modules\firebase-tools\node_modules\winston-transport\node_modules\readable-stream\lib\_stream_writable.js:302:11)
    at DerivedLogger.ondata (C:\Users\xioas\AppData\Roaming\npm\node_modules\firebase-tools\node_modules\winston\node_modules\readable-stream\lib\_stream_readable.js:629:20)
[error] 
[error] Error: An unexpected error has occurred.
[debug] [2026-08-31T20:17:07.331Z] Error: EPIPE: broken pipe, write
    at Socket._write (node:internal/net:75:18)
    at writeOrBuffer (node:internal/streams/writable:570:12)
    at _write (node:internal/streams/writable:499:10)
    at Writable.write (node:internal/streams/writable:508:10)
    at Console.log (C:\Users\xioas\AppData\Roaming\npm\node_modules\firebase-tools\node_modules\winston\lib\winston\transports\console.js:87:23)
    at Console._write (C:\Users\xioas\AppData\Roaming\npm\node_modules\firebase-tools\node_modules\winston-transport\modern.js:103:17)
    at doWrite (C:\Users\xioas\AppData\Roaming\npm\node_modules\firebase-tools\node_modules\winston-transport\node_modules\readable-stream\lib\_stream_writable.js:390:139)
    at writeOrBuffer (C:\Users\xioas\AppData\Roaming\npm\node_modules\firebase-tools\node_modules\winston-transport\node_modules\readable-stream\lib\_stream_writable.js:381:5)
    at Writable.write (C:\Users\xioas\AppData\Roaming\npm\node_modules\firebase-tools\node_modules\winston-transport\node_modules\readable-stream\lib\_stream_writable.js:302:11)
    at DerivedLogger.ondata (C:\Users\xioas\AppData\Roaming\npm\node_modules\firebase-tools\node_modules\winston\node_modules\readable-stream\lib\_stream_readable.js:629:20)
[error] 
[error] Error: An unexpected error has occurred.
[debug] [2026-08-31T20:17:07.331Z] Error: EPIPE: broken pipe, write
    at Socket._write (node:internal/net:75:18)
    at writeOrBuffer (node:internal/streams/writable:570:12)
    at _write (node:internal/streams/writable:499:10)
    at Writable.write (node:internal/streams/writable:508:10)
    at Console.log (C:\Users\xioas\AppData\Roaming\npm\node_modules\firebase-tools\node_modules\winston\lib\winston\transports\console.js:87:23)
    at Console._write (C:\Users\xioas\AppData\Roaming\npm\node_modules\firebase-tools\node_modules\winston-transport\modern.js:103:17)
    at doWrite (C:\Users\xioas\AppData\Roaming\npm\node_modules\firebase-tools\node_modules\winston-transport\node_modules\readable-stream\lib\_stream_writable.js:390:139)
    at writeOrBuffer (C:\Users\xioas\AppData\Roaming\npm\node_modules\firebase-tools\node_modules\winston-transport\node_modules\readable-stream\lib\_stream_writable.js:381:5)
    at Writable.write (C:\Users\xioas\AppData\Roaming\npm\node_modules\firebase-tools\node_modules\winston-transport\node_modules\readable-stream\lib\_stream_writable.js:302:11)
    at DerivedLogger.ondata (C:\Users\xioas\AppData\Roaming\npm\node_modules\firebase-tools\node_modules\winston\node_modules\readable-stream\lib\_stream_readable.js:629:20)
[error] 
[error] Error: An unexpected error has occurred.
[debug] [2026-08-31T20:17:07.333Z] Error: EPIPE: broken pipe, write
    at Socket._write (node:internal/net:75:18)
    at writeOrBuffer (node:internal/streams/writable:570:12)
    at _write (node:internal/streams/writable:499:10)
    at Writable.write (node:internal/streams/writable:508:10)
    at Console.log (C:\Users\xioas\AppData\Roaming\npm\node_modules\firebase-tools\node_modules\winston\lib\winston\transports\console.js:87:23)
    at Console._write (C:\Users\xioas\AppData\Roaming\npm\node_modules\firebase-tools\node_modules\winston-transport\modern.js:103:17)
    at doWrite (C:\Users\xioas\AppData\Roaming\npm\node_modules\firebase-tools\node_modules\winston-transport\node_modules\readable-stream\lib\_stream_writable.js:390:139)
    at writeOrBuffer (C:\Users\xioas\AppData\Roaming\npm\node_modules\firebase-tools\node_modules\winston-transport\node_modules\readable-stream\lib\_stream_writable.js:381:5)
    at Writable.write (C:\Users\xioas\AppData\Roaming\npm\node_modules\firebase-tools\node_modules\winston-transport\node_modules\readable-stream\lib\_stream_writable.js:302:11)
    at DerivedLogger.ondata (C:\Users\xioas\AppData\Roaming\npm\node_modules\firebase-tools\node_modules\winston\node_modules\readable-stream\lib\_stream_readable.js:629:20)
[error] 
[error] Error: An unexpected error has occurred.
[debug] [2026-08-31T20:17:07.333Z] Error: EPIPE: broken pipe, write
    at Socket._write (node:internal/net:75:18)
    at writeOrBuffer (node:internal/streams/writable:570:12)
    at _write (node:internal/streams/writable:499:10)
    at Writable.write (node:internal/streams/writable:508:10)
    at Console.log (C:\Users\xioas\AppData\Roaming\npm\node_modules\firebase-tools\node_modules\winston\lib\winston\transports\console.js:87:23)
    at Console._write (C:\Users\xioas\AppData\Roaming\npm\node_modules\firebase-tools\node_modules\winston-transport\modern.js:103:17)
    at doWrite (C:\Users\xioas\AppData\Roaming\npm\node_modules\firebase-tools\node_modules\winston-transport\node_modules\readable-stream\lib\_stream_writable.js:390:139)
    at writeOrBuffer (C:\Users\xioas\AppData\Roaming\npm\node_modules\firebase-tools\node_modules\winston-transport\node_modules\readable-stream\lib\_stream_writable.js:381:5)
    at Writable.write (C:\Users\xioas\AppData\Roaming\npm\node_modules\firebase-tools\node_modules\winston-transport\node_modules\readable-stream\lib\_stream_writable.js:302:11)
    at DerivedLogger.ondata (C:\Users\xioas\AppData\Roaming\npm\node_modules\firebase-tools\node_modules\winston\node_modules\readable-stream\lib\_stream_readable.js:629:20)
[error] 
[error] Error: An unexpected error has occurred.
[debug] [2026-08-31T20:17:07.334Z] Error: EPIPE: broken pipe, write
    at Socket._write (node:internal/net:75:18)
    at writeOrBuffer (node:internal/streams/writable:570:12)
    at _write (node:internal/streams/writable:499:10)
    at Writable.write (node:internal/streams/writable:508:10)
    at Console.log (C:\Users\xioas\AppData\Roaming\npm\node_modules\firebase-tools\node_modules\winston\lib\winston\transports\console.js:87:23)
    at Console._write (C:\Users\xioas\AppData\Roaming\npm\node_modules\firebase-tools\node_modules\winston-transport\modern.js:103:17)
    at doWrite (C:\Users\xioas\AppData\Roaming\npm\node_modules\firebase-tools\node_modules\winston-transport\node_modules\readable-stream\lib\_stream_writable.js:390:139)
    at writeOrBuffer (C:\Users\xioas\AppData\Roaming\npm\node_modules\firebase-tools\node_modules\winston-transport\node_modules\readable-stream\lib\_stream_writable.js:381:5)
    at Writable.write (C:\Users\xioas\AppData\Roaming\npm\node_modules\firebase-tools\node_modules\winston-transport\node_modules\readable-stream\lib\_stream_writable.js:302:11)
    at DerivedLogger.ondata (C:\Users\xioas\AppData\Roaming\npm\node_modules\firebase-tools\node_modules\winston\node_modules\readable-stream\lib\_stream_readable.js:629:20)
[error] 
[error] Error: An unexpected error has occurred.
[debug] [2026-08-31T20:17:07.335Z] Error: EPIPE: broken pipe, write
    at Socket._write (node:internal/net:75:18)
    at writeOrBuffer (node:internal/streams/writable:570:12)
    at _write (node:internal/streams/writable:499:10)
    at Writable.write (node:internal/streams/writable:508:10)
    at Console.log (C:\Users\xioas\AppData\Roaming\npm\node_modules\firebase-tools\node_modules\winston\lib\winston\transports\console.js:87:23)
    at Console._write (C:\Users\xioas\AppData\Roaming\npm\node_modules\firebase-tools\node_modules\winston-transport\modern.js:103:17)
    at doWrite (C:\Users\xioas\AppData\Roaming\npm\node_modules\firebase-tools\node_modules\winston-transport\node_modules\readable-stream\lib\_stream_writable.js:390:139)
    at writeOrBuffer (C:\Users\xioas\AppData\Roaming\npm\node_modules\firebase-tools\node_modules\winston-transport\node_modules\readable-stream\lib\_stream_writable.js:381:5)
    at Writable.write (C:\Users\xioas\AppData\Roaming\npm\node_modules\firebase-tools\node_modules\winston-transport\node_modules\readable-stream\lib\_stream_writable.js:302:11)
    at DerivedLogger.ondata (C:\Users\xioas\AppData\Roaming\npm\node_modules\firebase-tools\node_modules\winston\node_modules\readable-stream\lib\_stream_readable.js:629:20)
[error] 
[error] Error: An unexpected error has occurred.
[debug] [2026-08-31T20:17:07.336Z] Error: EPIPE: broken pipe, write
    at Socket._write (node:internal/net:75:18)
    at writeOrBuffer (node:internal/streams/writable:570:12)
    at _write (node:internal/streams/writable:499:10)
    at Writable.write (node:internal/streams/writable:508:10)
    at Console.log (C:\Users\xioas\AppData\Roaming\npm\node_modules\firebase-tools\node_modules\winston\lib\winston\transports\console.js:87:23)
    at Console._write (C:\Users\xioas\AppData\Roaming\npm\node_modules\firebase-tools\node_modules\winston-transport\modern.js:103:17)
    at doWrite (C:\Users\xioas\AppData\Roaming\npm\node_modules\firebase-tools\node_modules\winston-transport\node_modules\readable-stream\lib\_stream_writable.js:390:139)
    at writeOrBuffer (C:\Users\xioas\AppData\Roaming\npm\node_modules\firebase-tools\node_modules\winston-transport\node_modules\readable-stream\lib\_stream_writable.js:381:5)
    at Writable.write (C:\Users\xioas\AppData\Roaming\npm\node_modules\firebase-tools\node_modules\winston-transport\node_modules\readable-stream\lib\_stream_writable.js:302:11)
    at DerivedLogger.ondata (C:\Users\xioas\AppData\Roaming\npm\node_modules\firebase-tools\node_modules\winston\node_modules\readable-stream\lib\_stream_readable.js:629:20)
[error] 
[error] Error: An unexpected error has occurred.
[debug] [2026-08-31T20:17:07.338Z] Error: EPIPE: broken pipe, write
    at Socket._write (node:internal/net:75:18)
    at writeOrBuffer (node:internal/streams/writable:570:12)
    at _write (node:internal/streams/writable:499:10)
    at Writable.write (node:internal/streams/writable:508:10)
    at Console.log (C:\Users\xioas\AppData\Roaming\npm\node_modules\firebase-tools\node_modules\winston\lib\winston\transports\console.js:87:23)
    at Console._write (C:\Users\xioas\AppData\Roaming\npm\node_modules\firebase-tools\node_modules\winston-transport\modern.js:103:17)
    at doWrite (C:\Users\xioas\AppData\Roaming\npm\node_modules\firebase-tools\node_modules\winston-transport\node_modules\readable-stream\lib\_stream_writable.js:390:139)
    at writeOrBuffer (C:\Users\xioas\AppData\Roaming\npm\node_modules\firebase-tools\node_modules\winston-transport\node_modules\readable-stream\lib\_stream_writable.js:381:5)
    at Writable.write (C:\Users\xioas\AppData\Roaming\npm\node_modules\firebase-tools\node_modules\winston-transport\node_modules\readable-stream\lib\_stream_writable.js:302:11)
    at DerivedLogger.ondata (C:\Users\xioas\AppData\Roaming\npm\node_modules\firebase-tools\node_modules\winston\node_modules\readable-stream\lib\_stream_readable.js:629:20)
[error] 
[error] Error: An unexpected error has occurred.
[debug] [2026-08-31T20:17:07.339Z] Error: EPIPE: broken pipe, write
    at Socket._write (node:internal/net:75:18)
    at writeOrBuffer (node:internal/streams/writable:570:12)
    at _write (node:internal/streams/writable:499:10)
    at Writable.write (node:internal/streams/writable:508:10)
    at Console.log (C:\Users\xioas\AppData\Roaming\npm\node_modules\firebase-tools\node_modules\winston\lib\winston\transports\console.js:87:23)
    at Console._write (C:\Users\xioas\AppData\Roaming\npm\node_modules\firebase-tools\node_modules\winston-transport\modern.js:103:17)
    at doWrite (C:\Users\xioas\AppData\Roaming\npm\node_modules\firebase-tools\node_modules\winston-transport\node_modules\readable-stream\lib\_stream_writable.js:390:139)
    at writeOrBuffer (C:\Users\xioas\AppData\Roaming\npm\node_modules\firebase-tools\node_modules\winston-transport\node_modules\readable-stream\lib\_stream_writable.js:381:5)
    at Writable.write (C:\Users\xioas\AppData\Roaming\npm\node_modules\firebase-tools\node_modules\winston-transport\node_modules\readable-stream\lib\_stream_writable.js:302:11)
    at DerivedLogger.ondata (C:\Users\xioas\AppData\Roaming\npm\node_modules\firebase-tools\node_modules\winston\node_modules\readable-stream\lib\_stream_readable.js:629:20)
[error] 
[error] Error: An unexpected error has occurred.
[debug] [2026-08-31T20:17:07.340Z] Error: EPIPE: broken pipe, write
    at Socket._write (node:internal/net:75:18)
    at writeOrBuffer (node:internal/streams/writable:570:12)
    at _write (node:internal/streams/writable:499:10)
    at Writable.write (node:internal/streams/writable:508:10)
    at Console.log (C:\Users\xioas\AppData\Roaming\npm\node_modules\firebase-tools\node_modules\winston\lib\winston\transports\console.js:87:23)
    at Console._write (C:\Users\xioas\AppData\Roaming\npm\node_modules\firebase-tools\node_modules\winston-transport\modern.js:103:17)
    at doWrite (C:\Users\xioas\AppData\Roaming\npm\node_modules\firebase-tools\node_modules\winston-transport\node_modules\readable-stream\lib\_stream_writable.js:390:139)
    at writeOrBuffer (C:\Users\xioas\AppData\Roaming\npm\node_modules\firebase-tools\node_modules\winston-transport\node_modules\readable-stream\lib\_stream_writable.js:381:5)
    at Writable.write (C:\Users\xioas\AppData\Roaming\npm\node_modules\firebase-tools\node_modules\winston-transport\node_modules\readable-stream\lib\_stream_writable.js:302:11)
    at DerivedLogger.ondata (C:\Users\xioas\AppData\Roaming\npm\node_modules\firebase-tools\node_modules\winston\node_modules\readable-stream\lib\_stream_readable.js:629:20)
[error] 
[error] Error: An unexpected error has occurred.
[debug] [2026-08-31T20:17:07.340Z] Error: EPIPE: broken pipe, write
    at Socket._write (node:internal/net:75:18)
    at writeOrBuffer (node:internal/streams/writable:570:12)
    at _write (node:internal/streams/writable:499:10)
    at Writable.write (node:internal/streams/writable:508:10)
    at Console.log (C:\Users\xioas\AppData\Roaming\npm\node_modules\firebase-tools\node_modules\winston\lib\winston\transports\console.js:87:23)
    at Console._write (C:\Users\xioas\AppData\Roaming\npm\node_modules\firebase-tools\node_modules\winston-transport\modern.js:103:17)
    at doWrite (C:\Users\xioas\AppData\Roaming\npm\node_modules\firebase-tools\node_modules\winston-transport\node_modules\readable-stream\lib\_stream_writable.js:390:139)
    at writeOrBuffer (C:\Users\xioas\AppData\Roaming\npm\node_modules\firebase-tools\node_modules\winston-transport\node_modules\readable-stream\lib\_stream_writable.js:381:5)
    at Writable.write (C:\Users\xioas\AppData\Roaming\npm\node_modules\firebase-tools\node_modules\winston-transport\node_modules\readable-stream\lib\_stream_writable.js:302:11)
    at DerivedLogger.ondata (C:\Users\xioas\AppData\Roaming\npm\node_modules\firebase-tools\node_modules\winston\node_modules\readable-stream\lib\_stream_readable.js:629:20)
[error] 
[error] Error: An unexpected error has occurred.
[debug] [2026-08-31T20:17:07.341Z] Error: EPIPE: broken pipe, write
    at Socket._write (node:internal/net:75:18)
    at writeOrBuffer (node:internal/streams/writable:570:12)
    at _write (node:internal/streams/writable:499:10)
    at Writable.write (node:internal/streams/writable:508:10)
    at Console.log (C:\Users\xioas\AppData\Roaming\npm\node_modules\firebase-tools\node_modules\winston\lib\winston\transports\console.js:87:23)
    at Console._write (C:\Users\xioas\AppData\Roaming\npm\node_modules\firebase-tools\node_modules\winston-transport\modern.js:103:17)
    at doWrite (C:\Users\xioas\AppData\Roaming\npm\node_modules\firebase-tools\node_modules\winston-transport\node_modules\readable-stream\lib\_stream_writable.js:390:139)
    at writeOrBuffer (C:\Users\xioas\AppData\Roaming\npm\node_modules\firebase-tools\node_modules\winston-transport\node_modules\readable-stream\lib\_stream_writable.js:381:5)
    at Writable.write (C:\Users\xioas\AppData\Roaming\npm\node_modules\firebase-tools\node_modules\winston-transport\node_modules\readable-stream\lib\_stream_writable.js:302:11)
    at DerivedLogger.ondata (C:\Users\xioas\AppData\Roaming\npm\node_modules\firebase-tools\node_modules\winston\node_modules\readable-stream\lib\_stream_readable.js:629:20)
[error] 
[error] Error: An unexpected error has occurred.
[debug] [2026-08-31T20:17:07.342Z] Error: EPIPE: broken pipe, write
    at Socket._write (node:internal/net:75:18)
    at writeOrBuffer (node:internal/streams/writable:570:12)
    at _write (node:internal/streams/writable:499:10)
    at Writable.write (node:internal/streams/writable:508:10)
    at Console.log (C:\Users\xioas\AppData\Roaming\npm\node_modules\firebase-tools\node_modules\winston\lib\winston\transports\console.js:87:23)
    at Console._write (C:\Users\xioas\AppData\Roaming\npm\node_modules\firebase-tools\node_modules\winston-transport\modern.js:103:17)
    at doWrite (C:\Users\xioas\AppData\Roaming\npm\node_modules\firebase-tools\node_modules\winston-transport\node_modules\readable-stream\lib\_stream_writable.js:390:139)
    at writeOrBuffer (C:\Users\xioas\AppData\Roaming\npm\node_modules\firebase-tools\node_modules\winston-transport\node_modules\readable-stream\lib\_stream_writable.js:381:5)
    at Writable.write (C:\Users\xioas\AppData\Roaming\npm\node_modules\firebase-tools\node_modules\winston-transport\node_modules\readable-stream\lib\_stream_writable.js:302:11)
    at DerivedLogger.ondata (C:\Users\xioas\AppData\Roaming\npm\node_modules\firebase-tools\node_modules\winston\node_modules\readable-stream\lib\_stream_readable.js:629:20)
[error] 
[error] Error: An unexpected error has occurred.
[debug] [2026-08-31T20:17:07.343Z] Error: EPIPE: broken pipe, write
    at Socket._write (node:internal/net:75:18)
    at writeOrBuffer (node:internal/streams/writable:570:12)
    at _write (node:internal/streams/writable:499:10)
    at Writable.write (node:internal/streams/writable:508:10)
    at Console.log (C:\Users\xioas\AppData\Roaming\npm\node_modules\firebase-tools\node_modules\winston\lib\winston\transports\console.js:87:23)
    at Console._write (C:\Users\xioas\AppData\Roaming\npm\node_modules\firebase-tools\node_modules\winston-transport\modern.js:103:17)
    at doWrite (C:\Users\xioas\AppData\Roaming\npm\node_modules\firebase-tools\node_modules\winston-transport\node_modules\readable-stream\lib\_stream_writable.js:390:139)
    at writeOrBuffer (C:\Users\xioas\AppData\Roaming\npm\node_modules\firebase-tools\node_modules\winston-transport\node_modules\readable-stream\lib\_stream_writable.js:381:5)
    at Writable.write (C:\Users\xioas\AppData\Roaming\npm\node_modules\firebase-tools\node_modules\winston-transport\node_modules\readable-stream\lib\_stream_writable.js:302:11)
    at DerivedLogger.ondata (C:\Users\xioas\AppData\Roaming\npm\node_modules\firebase-tools\node_modules\winston\node_modules\readable-stream\lib\_stream_readable.js:629:20)
[error] 
[error] Error: An unexpected error has occurred.
[debug] [2026-08-31T20:17:07.343Z] Error: EPIPE: broken pipe, write
    at Socket._write (node:internal/net:75:18)
    at writeOrBuffer (node:internal/streams/writable:570:12)
    at _write (node:internal/streams/writable:499:10)
    at Writable.write (node:internal/streams/writable:508:10)
    at Console.log (C:\Users\xioas\AppData\Roaming\npm\node_modules\firebase-tools\node_modules\winston\lib\winston\transports\console.js:87:23)
    at Console._write (C:\Users\xioas\AppData\Roaming\npm\node_modules\firebase-tools\node_modules\winston-transport\modern.js:103:17)
    at doWrite (C:\Users\xioas\AppData\Roaming\npm\node_modules\firebase-tools\node_modules\winston-transport\node_modules\readable-stream\lib\_stream_writable.js:390:139)
    at writeOrBuffer (C:\Users\xioas\AppData\Roaming\npm\node_modules\firebase-tools\node_modules\winston-transport\node_modules\readable-stream\lib\_stream_writable.js:381:5)
    at Writable.write (C:\Users\xioas\AppData\Roaming\npm\node_modules\firebase-tools\node_modules\winston-transport\node_modules\readable-stream\lib\_stream_writable.js:302:11)
    at DerivedLogger.ondata (C:\Users\xioas\AppData\Roaming\npm\node_modules\firebase-tools\node_modules\winston\node_modules\readable-stream\lib\_stream_readable.js:629:20)
[error] 
[error] Error: An unexpected error has occurred.
[debug] [2026-08-31T20:17:07.344Z] Error: EPIPE: broken pipe, write
    at Socket._write (node:internal/net:75:18)
    at writeOrBuffer (node:internal/streams/writable:570:12)
    at _write (node:internal/streams/writable:499:10)
    at Writable.write (node:internal/streams/writable:508:10)
    at Console.log (C:\Users\xioas\AppData\Roaming\npm\node_modules\firebase-tools\node_modules\winston\lib\winston\transports\console.js:87:23)
    at Console._write (C:\Users\xioas\AppData\Roaming\npm\node_modules\firebase-tools\node_modules\winston-transport\modern.js:103:17)
    at doWrite (C:\Users\xioas\AppData\Roaming\npm\node_modules\firebase-tools\node_modules\winston-transport\node_modules\readable-stream\lib\_stream_writable.js:390:139)
    at writeOrBuffer (C:\Users\xioas\AppData\Roaming\npm\node_modules\firebase-tools\node_modules\winston-transport\node_modules\readable-stream\lib\_stream_writable.js:381:5)
    at Writable.write (C:\Users\xioas\AppData\Roaming\npm\node_modules\firebase-tools\node_modules\winston-transport\node_modules\readable-stream\lib\_stream_writable.js:302:11)
    at DerivedLogger.ondata (C:\Users\xioas\AppData\Roaming\npm\node_modules\firebase-tools\node_modules\winston\node_modules\readable-stream\lib\_stream_readable.js:629:20)
[error] 
[error] Error: An unexpected error has occurred.
[debug] [2026-08-31T20:17:07.345Z] Error: EPIPE: broken pipe, write
    at Socket._write (node:internal/net:75:18)
    at writeOrBuffer (node:internal/streams/writable:570:12)
    at _write (node:internal/streams/writable:499:10)
    at Writable.write (node:internal/streams/writable:508:10)
    at Console.log (C:\Users\xioas\AppData\Roaming\npm\node_modules\firebase-tools\node_modules\winston\lib\winston\transports\console.js:87:23)
    at Console._write (C:\Users\xioas\AppData\Roaming\npm\node_modules\firebase-tools\node_modules\winston-transport\modern.js:103:17)
    at doWrite (C:\Users\xioas\AppData\Roaming\npm\node_modules\firebase-tools\node_modules\winston-transport\node_modules\readable-stream\lib\_stream_writable.js:390:139)
    at writeOrBuffer (C:\Users\xioas\AppData\Roaming\npm\node_modules\firebase-tools\node_modules\winston-transport\node_modules\readable-stream\lib\_stream_writable.js:381:5)
    at Writable.write (C:\Users\xioas\AppData\Roaming\npm\node_modules\firebase-tools\node_modules\winston-transport\node_modules\readable-stream\lib\_stream_writable.js:302:11)
    at DerivedLogger.ondata (C:\Users\xioas\AppData\Roaming\npm\node_modules\firebase-tools\node_modules\winston\node_modules\readable-stream\lib\_stream_readable.js:629:20)
[error] 
[error] Error: An unexpected error has occurred.
[debug] [2026-08-31T20:17:07.346Z] Error: EPIPE: broken pipe, write
    at Socket._write (node:internal/net:75:18)
    at writeOrBuffer (node:internal/streams/writable:570:12)
    at _write (node:internal/streams/writable:499:10)
    at Writable.write (node:internal/streams/writable:508:10)
    at Console.log (C:\Users\xioas\AppData\Roaming\npm\node_modules\firebase-tools\node_modules\winston\lib\winston\transports\console.js:87:23)
    at Console._write (C:\Users\xioas\AppData\Roaming\npm\node_modules\firebase-tools\node_modules\winston-transport\modern.js:103:17)
    at doWrite (C:\Users\xioas\AppData\Roaming\npm\node_modules\firebase-tools\node_modules\winston-transport\node_modules\readable-stream\lib\_stream_writable.js:390:139)
    at writeOrBuffer (C:\Users\xioas\AppData\Roaming\npm\node_modules\firebase-tools\node_modules\winston-transport\node_modules\readable-stream\lib\_stream_writable.js:381:5)
    at Writable.write (C:\Users\xioas\AppData\Roaming\npm\node_modules\firebase-tools\node_modules\winston-transport\node_modules\readable-stream\lib\_stream_writable.js:302:11)
    at DerivedLogger.ondata (C:\Users\xioas\AppData\Roaming\npm\node_modules\firebase-tools\node_modules\winston\node_modules\readable-stream\lib\_stream_readable.js:629:20)
[error] 
[error] Error: An unexpected error has occurred.
[debug] [2026-08-31T20:17:07.347Z] Error: EPIPE: broken pipe, write
    at Socket._write (node:internal/net:75:18)
    at writeOrBuffer (node:internal/streams/writable:570:12)
    at _write (node:internal/streams/writable:499:10)
    at Writable.write (node:internal/streams/writable:508:10)
    at Console.log (C:\Users\xioas\AppData\Roaming\npm\node_modules\firebase-tools\node_modules\winston\lib\winston\transports\console.js:87:23)
    at Console._write (C:\Users\xioas\AppData\Roaming\npm\node_modules\firebase-tools\node_modules\winston-transport\modern.js:103:17)
    at doWrite (C:\Users\xioas\AppData\Roaming\npm\node_modules\firebase-tools\node_modules\winston-transport\node_modules\readable-stream\lib\_stream_writable.js:390:139)
    at writeOrBuffer (C:\Users\xioas\AppData\Roaming\npm\node_modules\firebase-tools\node_modules\winston-transport\node_modules\readable-stream\lib\_stream_writable.js:381:5)
    at Writable.write (C:\Users\xioas\AppData\Roaming\npm\node_modules\firebase-tools\node_modules\winston-transport\node_modules\readable-stream\lib\_stream_writable.js:302:11)
    at DerivedLogger.ondata (C:\Users\xioas\AppData\Roaming\npm\node_modules\firebase-tools\node_modules\winston\node_modules\readable-stream\lib\_stream_readable.js:629:20)
[error] 
[error] Error: An unexpected error has occurred.
[debug] [2026-08-31T20:17:07.347Z] Error: EPIPE: broken pipe, write
    at Socket._write (node:internal/net:75:18)
    at writeOrBuffer (node:internal/streams/writable:570:12)
    at _write (node:internal/streams/writable:499:10)
    at Writable.write (node:internal/streams/writable:508:10)
    at Console.log (C:\Users\xioas\AppData\Roaming\npm\node_modules\firebase-tools\node_modules\winston\lib\winston\transports\console.js:87:23)
    at Console._write (C:\Users\xioas\AppData\Roaming\npm\node_modules\firebase-tools\node_modules\winston-transport\modern.js:103:17)
    at doWrite (C:\Users\xioas\AppData\Roaming\npm\node_modules\firebase-tools\node_modules\winston-transport\node_modules\readable-stream\lib\_stream_writable.js:390:139)
    at writeOrBuffer (C:\Users\xioas\AppData\Roaming\npm\node_modules\firebase-tools\node_modules\winston-transport\node_modules\readable-stream\lib\_stream_writable.js:381:5)
    at Writable.write (C:\Users\xioas\AppData\Roaming\npm\node_modules\firebase-tools\node_modules\winston-transport\node_modules\readable-stream\lib\_stream_writable.js:302:11)
    at DerivedLogger.ondata (C:\Users\xioas\AppData\Roaming\npm\node_modules\firebase-tools\node_modules\winston\node_modules\readable-stream\lib\_stream_readable.js:629:20)
[error] 
[error] Error: An unexpected error has occurred.
[debug] [2026-08-31T20:17:07.351Z] Error: EPIPE: broken pipe, write
    at Socket._write (node:internal/net:75:18)
    at writeOrBuffer (node:internal/streams/writable:570:12)
    at _write (node:internal/streams/writable:499:10)
    at Writable.write (node:internal/streams/writable:508:10)
    at Console.log (C:\Users\xioas\AppData\Roaming\npm\node_modules\firebase-tools\node_modules\winston\lib\winston\transports\console.js:87:23)
    at Console._write (C:\Users\xioas\AppData\Roaming\npm\node_modules\firebase-tools\node_modules\winston-transport\modern.js:103:17)
    at doWrite (C:\Users\xioas\AppData\Roaming\npm\node_modules\firebase-tools\node_modules\winston-transport\node_modules\readable-stream\lib\_stream_writable.js:390:139)
    at writeOrBuffer (C:\Users\xioas\AppData\Roaming\npm\node_modules\firebase-tools\node_modules\winston-transport\node_modules\readable-stream\lib\_stream_writable.js:381:5)
    at Writable.write (C:\Users\xioas\AppData\Roaming\npm\node_modules\firebase-tools\node_modules\winston-transport\node_modules\readable-stream\lib\_stream_writable.js:302:11)
    at DerivedLogger.ondata (C:\Users\xioas\AppData\Roaming\npm\node_modules\firebase-tools\node_modules\winston\node_modules\readable-stream\lib\_stream_readable.js:629:20)
[error] 
[error] Error: An unexpected error has occurred.
[debug] [2026-08-31T20:17:07.352Z] Error: EPIPE: broken pipe, write
    at Socket._write (node:internal/net:75:18)
    at writeOrBuffer (node:internal/streams/writable:570:12)
    at _write (node:internal/streams/writable:499:10)
    at Writable.write (node:internal/streams/writable:508:10)
    at Console.log (C:\Users\xioas\AppData\Roaming\npm\node_modules\firebase-tools\node_modules\winston\lib\winston\transports\console.js:87:23)
    at Console._write (C:\Users\xioas\AppData\Roaming\npm\node_modules\firebase-tools\node_modules\winston-transport\modern.js:103:17)
    at doWrite (C:\Users\xioas\AppData\Roaming\npm\node_modules\firebase-tools\node_modules\winston-transport\node_modules\readable-stream\lib\_stream_writable.js:390:139)
    at writeOrBuffer (C:\Users\xioas\AppData\Roaming\npm\node_modules\firebase-tools\node_modules\winston-transport\node_modules\readable-stream\lib\_stream_writable.js:381:5)
    at Writable.write (C:\Users\xioas\AppData\Roaming\npm\node_modules\firebase-tools\node_modules\winston-transport\node_modules\readable-stream\lib\_stream_writable.js:302:11)
    at DerivedLogger.ondata (C:\Users\xioas\AppData\Roaming\npm\node_modules\firebase-tools\node_modules\winston\node_modules\readable-stream\lib\_stream_readable.js:629:20)
[error] 
[error] Error: An unexpected error has occurred.
[debug] [2026-08-31T20:17:07.353Z] Error: EPIPE: broken pipe, write
    at Socket._write (node:internal/net:75:18)
    at writeOrBuffer (node:internal/streams/writable:570:12)
    at _write (node:internal/streams/writable:499:10)
    at Writable.write (node:internal/streams/writable:508:10)
    at Console.log (C:\Users\xioas\AppData\Roaming\npm\node_modules\firebase-tools\node_modules\winston\lib\winston\transports\console.js:87:23)
    at Console._write (C:\Users\xioas\AppData\Roaming\npm\node_modules\firebase-tools\node_modules\winston-transport\modern.js:103:17)
    at doWrite (C:\Users\xioas\AppData\Roaming\npm\node_modules\firebase-tools\node_modules\winston-transport\node_modules\readable-stream\lib\_stream_writable.js:390:139)
    at writeOrBuffer (C:\Users\xioas\AppData\Roaming\npm\node_modules\firebase-tools\node_modules\winston-transport\node_modules\readable-stream\lib\_stream_writable.js:381:5)
    at Writable.write (C:\Users\xioas\AppData\Roaming\npm\node_modules\firebase-tools\node_modules\winston-transport\node_modules\readable-stream\lib\_stream_writable.js:302:11)
    at DerivedLogger.ondata (C:\Users\xioas\AppData\Roaming\npm\node_modules\firebase-tools\node_modules\winston\node_modules\readable-stream\lib\_stream_readable.js:629:20)
[error] 
[error] Error: An unexpected error has occurred.
[debug] [2026-08-31T20:17:07.354Z] Error: EPIPE: broken pipe, write
    at Socket._write (node:internal/net:75:18)
    at writeOrBuffer (node:internal/streams/writable:570:12)
    at _write (node:internal/streams/writable:499:10)
    at Writable.write (node:internal/streams/writable:508:10)
    at Console.log (C:\Users\xioas\AppData\Roaming\npm\node_modules\firebase-tools\node_modules\winston\lib\winston\transports\console.js:87:23)
    at Console._write (C:\Users\xioas\AppData\Roaming\npm\node_modules\firebase-tools\node_modules\winston-transport\modern.js:103:17)
    at doWrite (C:\Users\xioas\AppData\Roaming\npm\node_modules\firebase-tools\node_modules\winston-transport\node_modules\readable-stream\lib\_stream_writable.js:390:139)
    at writeOrBuffer (C:\Users\xioas\AppData\Roaming\npm\node_modules\firebase-tools\node_modules\winston-transport\node_modules\readable-stream\lib\_stream_writable.js:381:5)
    at Writable.write (C:\Users\xioas\AppData\Roaming\npm\node_modules\firebase-tools\node_modules\winston-transport\node_modules\readable-stream\lib\_stream_writable.js:302:11)
    at DerivedLogger.ondata (C:\Users\xioas\AppData\Roaming\npm\node_modules\firebase-tools\node_modules\winston\node_modules\readable-stream\lib\_stream_readable.js:629:20)
[error] 
[error] Error: An unexpected error has occurred.
[debug] [2026-08-31T20:17:07.354Z] Error: EPIPE: broken pipe, write
    at Socket._write (node:internal/net:75:18)
    at writeOrBuffer (node:internal/streams/writable:570:12)
    at _write (node:internal/streams/writable:499:10)
    at Writable.write (node:internal/streams/writable:508:10)
    at Console.log (C:\Users\xioas\AppData\Roaming\npm\node_modules\firebase-tools\node_modules\winston\lib\winston\transports\console.js:87:23)
    at Console._write (C:\Users\xioas\AppData\Roaming\npm\node_modules\firebase-tools\node_modules\winston-transport\modern.js:103:17)
    at doWrite (C:\Users\xioas\AppData\Roaming\npm\node_modules\firebase-tools\node_modules\winston-transport\node_modules\readable-stream\lib\_stream_writable.js:390:139)
    at writeOrBuffer (C:\Users\xioas\AppData\Roaming\npm\node_modules\firebase-tools\node_modules\winston-transport\node_modules\readable-stream\lib\_stream_writable.js:381:5)
    at Writable.write (C:\Users\xioas\AppData\Roaming\npm\node_modules\firebase-tools\node_modules\winston-transport\node_modules\readable-stream\lib\_stream_writable.js:302:11)
    at DerivedLogger.ondata (C:\Users\xioas\AppData\Roaming\npm\node_modules\firebase-tools\node_modules\winston\node_modules\readable-stream\lib\_stream_readable.js:629:20)
[error] 
[error] Error: An unexpected error has occurred.
[debug] [2026-08-31T20:17:07.355Z] Error: EPIPE: broken pipe, write
    at Socket._write (node:internal/net:75:18)
    at writeOrBuffer (node:internal/streams/writable:570:12)
    at _write (node:internal/streams/writable:499:10)
    at Writable.write (node:internal/streams/writable:508:10)
    at Console.log (C:\Users\xioas\AppData\Roaming\npm\node_modules\firebase-tools\node_modules\winston\lib\winston\transports\console.js:87:23)
    at Console._write (C:\Users\xioas\AppData\Roaming\npm\node_modules\firebase-tools\node_modules\winston-transport\modern.js:103:17)
    at doWrite (C:\Users\xioas\AppData\Roaming\npm\node_modules\firebase-tools\node_modules\winston-transport\node_modules\readable-stream\lib\_stream_writable.js:390:139)
    at writeOrBuffer (C:\Users\xioas\AppData\Roaming\npm\node_modules\firebase-tools\node_modules\winston-transport\node_modules\readable-stream\lib\_stream_writable.js:381:5)
    at Writable.write (C:\Users\xioas\AppData\Roaming\npm\node_modules\firebase-tools\node_modules\winston-transport\node_modules\readable-stream\lib\_stream_writable.js:302:11)
    at DerivedLogger.ondata (C:\Users\xioas\AppData\Roaming\npm\node_modules\firebase-tools\node_modules\winston\node_modules\readable-stream\lib\_stream_readable.js:629:20)
[error] 
[error] Error: An unexpected error has occurred.
[debug] [2026-08-31T20:17:07.356Z] Error: EPIPE: broken pipe, write
    at Socket._write (node:internal/net:75:18)
    at writeOrBuffer (node:internal/streams/writable:570:12)
    at _write (node:internal/streams/writable:499:10)
    at Writable.write (node:internal/streams/writable:508:10)
    at Console.log (C:\Users\xioas\AppData\Roaming\npm\node_modules\firebase-tools\node_modules\winston\lib\winston\transports\console.js:87:23)
    at Console._write (C:\Users\xioas\AppData\Roaming\npm\node_modules\firebase-tools\node_modules\winston-transport\modern.js:103:17)
    at doWrite (C:\Users\xioas\AppData\Roaming\npm\node_modules\firebase-tools\node_modules\winston-transport\node_modules\readable-stream\lib\_stream_writable.js:390:139)
    at writeOrBuffer (C:\Users\xioas\AppData\Roaming\npm\node_modules\firebase-tools\node_modules\winston-transport\node_modules\readable-stream\lib\_stream_writable.js:381:5)
    at Writable.write (C:\Users\xioas\AppData\Roaming\npm\node_modules\firebase-tools\node_modules\winston-transport\node_modules\readable-stream\lib\_stream_writable.js:302:11)
    at DerivedLogger.ondata (C:\Users\xioas\AppData\Roaming\npm\node_modules\firebase-tools\node_modules\winston\node_modules\readable-stream\lib\_stream_readable.js:629:20)
[error] 
[error] Error: An unexpected error has occurred.
[debug] [2026-08-31T20:17:07.357Z] Error: EPIPE: broken pipe, write
    at Socket._write (node:internal/net:75:18)
    at writeOrBuffer (node:internal/streams/writable:570:12)
    at _write (node:internal/streams/writable:499:10)
    at Writable.write (node:internal/streams/writable:508:10)
    at Console.log (C:\Users\xioas\AppData\Roaming\npm\node_modules\firebase-tools\node_modules\winston\lib\winston\transports\console.js:87:23)
    at Console._write (C:\Users\xioas\AppData\Roaming\npm\node_modules\firebase-tools\node_modules\winston-transport\modern.js:103:17)
    at doWrite (C:\Users\xioas\AppData\Roaming\npm\node_modules\firebase-tools\node_modules\winston-transport\node_modules\readable-stream\lib\_stream_writable.js:390:139)
    at writeOrBuffer (C:\Users\xioas\AppData\Roaming\npm\node_modules\firebase-tools\node_modules\winston-transport\node_modules\readable-stream\lib\_stream_writable.js:381:5)
    at Writable.write (C:\Users\xioas\AppData\Roaming\npm\node_modules\firebase-tools\node_modules\winston-transport\node_modules\readable-stream\lib\_stream_writable.js:302:11)
    at DerivedLogger.ondata (C:\Users\xioas\AppData\Roaming\npm\node_modules\firebase-tools\node_modules\winston\node_modules\readable-stream\lib\_stream_readable.js:629:20)
[error] 
[error] Error: An unexpected error has occurred.
[debug] [2026-08-31T20:17:07.358Z] Error: EPIPE: broken pipe, write
    at Socket._write (node:internal/net:75:18)
    at writeOrBuffer (node:internal/streams/writable:570:12)
    at _write (node:internal/streams/writable:499:10)
    at Writable.write (node:internal/streams/writable:508:10)
    at Console.log (C:\Users\xioas\AppData\Roaming\npm\node_modules\firebase-tools\node_modules\winston\lib\winston\transports\console.js:87:23)
    at Console._write (C:\Users\xioas\AppData\Roaming\npm\node_modules\firebase-tools\node_modules\winston-transport\modern.js:103:17)
    at doWrite (C:\Users\xioas\AppData\Roaming\npm\node_modules\firebase-tools\node_modules\winston-transport\node_modules\readable-stream\lib\_stream_writable.js:390:139)
    at writeOrBuffer (C:\Users\xioas\AppData\Roaming\npm\node_modules\firebase-tools\node_modules\winston-transport\node_modules\readable-stream\lib\_stream_writable.js:381:5)
    at Writable.write (C:\Users\xioas\AppData\Roaming\npm\node_modules\firebase-tools\node_modules\winston-transport\node_modules\readable-stream\lib\_stream_writable.js:302:11)
    at DerivedLogger.ondata (C:\Users\xioas\AppData\Roaming\npm\node_modules\firebase-tools\node_modules\winston\node_modules\readable-stream\lib\_stream_readable.js:629:20)
[error] 
[error] Error: An unexpected error has occurred.
[debug] [2026-08-31T20:17:07.358Z] Error: EPIPE: broken pipe, write
    at Socket._write (node:internal/net:75:18)
    at writeOrBuffer (node:internal/streams/writable:570:12)
    at _write (node:internal/streams/writable:499:10)
    at Writable.write (node:internal/streams/writable:508:10)
    at Console.log (C:\Users\xioas\AppData\Roaming\npm\node_modules\firebase-tools\node_modules\winston\lib\winston\transports\console.js:87:23)
    at Console._write (C:\Users\xioas\AppData\Roaming\npm\node_modules\firebase-tools\node_modules\winston-transport\modern.js:103:17)
    at doWrite (C:\Users\xioas\AppData\Roaming\npm\node_modules\firebase-tools\node_modules\winston-transport\node_modules\readable-stream\lib\_stream_writable.js:390:139)
    at writeOrBuffer (C:\Users\xioas\AppData\Roaming\npm\node_modules\firebase-tools\node_modules\winston-transport\node_modules\readable-stream\lib\_stream_writable.js:381:5)
    at Writable.write (C:\Users\xioas\AppData\Roaming\npm\node_modules\firebase-tools\node_modules\winston-transport\node_modules\readable-stream\lib\_stream_writable.js:302:11)
    at DerivedLogger.ondata (C:\Users\xioas\AppData\Roaming\npm\node_modules\firebase-tools\node_modules\winston\node_modules\readable-stream\lib\_stream_readable.js:629:20)
[error] 
[error] Error: An unexpected error has occurred.
[debug] [2026-08-31T20:17:07.358Z] Error: EPIPE: broken pipe, write
    at Socket._write (node:internal/net:75:18)
    at writeOrBuffer (node:internal/streams/writable:570:12)
    at _write (node:internal/streams/writable:499:10)
    at Writable.write (node:internal/streams/writable:508:10)
    at Console.log (C:\Users\xioas\AppData\Roaming\npm\node_modules\firebase-tools\node_modules\winston\lib\winston\transports\console.js:87:23)
    at Console._write (C:\Users\xioas\AppData\Roaming\npm\node_modules\firebase-tools\node_modules\winston-transport\modern.js:103:17)
    at doWrite (C:\Users\xioas\AppData\Roaming\npm\node_modules\firebase-tools\node_modules\winston-transport\node_modules\readable-stream\lib\_stream_writable.js:390:139)
    at writeOrBuffer (C:\Users\xioas\AppData\Roaming\npm\node_modules\firebase-tools\node_modules\winston-transport\node_modules\readable-stream\lib\_stream_writable.js:381:5)
    at Writable.write (C:\Users\xioas\AppData\Roaming\npm\node_modules\firebase-tools\node_modules\winston-transport\node_modules\readable-stream\lib\_stream_writable.js:302:11)
    at DerivedLogger.ondata (C:\Users\xioas\AppData\Roaming\npm\node_modules\firebase-tools\node_modules\winston\node_modules\readable-stream\lib\_stream_readable.js:629:20)
[error] 
[error] Error: An unexpected error has occurred.
[debug] [2026-08-31T20:17:07.359Z] Error: EPIPE: broken pipe, write
    at Socket._write (node:internal/net:75:18)
    at writeOrBuffer (node:internal/streams/writable:570:12)
    at _write (node:internal/streams/writable:499:10)
    at Writable.write (node:internal/streams/writable:508:10)
    at Console.log (C:\Users\xioas\AppData\Roaming\npm\node_modules\firebase-tools\node_modules\winston\lib\winston\transports\console.js:87:23)
    at Console._write (C:\Users\xioas\AppData\Roaming\npm\node_modules\firebase-tools\node_modules\winston-transport\modern.js:103:17)
    at doWrite (C:\Users\xioas\AppData\Roaming\npm\node_modules\firebase-tools\node_modules\winston-transport\node_modules\readable-stream\lib\_stream_writable.js:390:139)
    at writeOrBuffer (C:\Users\xioas\AppData\Roaming\npm\node_modules\firebase-tools\node_modules\winston-transport\node_modules\readable-stream\lib\_stream_writable.js:381:5)
    at Writable.write (C:\Users\xioas\AppData\Roaming\npm\node_modules\firebase-tools\node_modules\winston-transport\node_modules\readable-stream\lib\_stream_writable.js:302:11)
    at DerivedLogger.ondata (C:\Users\xioas\AppData\Roaming\npm\node_modules\firebase-tools\node_modules\winston\node_modules\readable-stream\lib\_stream_readable.js:629:20)
[error] 
[error] Error: An unexpected error has occurred.
[debug] [2026-08-31T20:17:07.359Z] Error: EPIPE: broken pipe, write
    at Socket._write (node:internal/net:75:18)
    at writeOrBuffer (node:internal/streams/writable:570:12)
    at _write (node:internal/streams/writable:499:10)
    at Writable.write (node:internal/streams/writable:508:10)
    at Console.log (C:\Users\xioas\AppData\Roaming\npm\node_modules\firebase-tools\node_modules\winston\lib\winston\transports\console.js:87:23)
    at Console._write (C:\Users\xioas\AppData\Roaming\npm\node_modules\firebase-tools\node_modules\winston-transport\modern.js:103:17)
    at doWrite (C:\Users\xioas\AppData\Roaming\npm\node_modules\firebase-tools\node_modules\winston-transport\node_modules\readable-stream\lib\_stream_writable.js:390:139)
    at writeOrBuffer (C:\Users\xioas\AppData\Roaming\npm\node_modules\firebase-tools\node_modules\winston-transport\node_modules\readable-stream\lib\_stream_writable.js:381:5)
    at Writable.write (C:\Users\xioas\AppData\Roaming\npm\node_modules\firebase-tools\node_modules\winston-transport\node_modules\readable-stream\lib\_stream_writable.js:302:11)
    at DerivedLogger.ondata (C:\Users\xioas\AppData\Roaming\npm\node_modules\firebase-tools\node_modules\winston\node_modules\readable-stream\lib\_stream_readable.js:629:20)
[error] 
[error] Error: An unexpected error has occurred.
[debug] [2026-08-31T20:17:07.360Z] Error: EPIPE: broken pipe, write
    at Socket._write (node:internal/net:75:18)
    at writeOrBuffer (node:internal/streams/writable:570:12)
    at _write (node:internal/streams/writable:499:10)
    at Writable.write (node:internal/streams/writable:508:10)
    at Console.log (C:\Users\xioas\AppData\Roaming\npm\node_modules\firebase-tools\node_modules\winston\lib\winston\transports\console.js:87:23)
    at Console._write (C:\Users\xioas\AppData\Roaming\npm\node_modules\firebase-tools\node_modules\winston-transport\modern.js:103:17)
    at doWrite (C:\Users\xioas\AppData\Roaming\npm\node_modules\firebase-tools\node_modules\winston-transport\node_modules\readable-stream\lib\_stream_writable.js:390:139)
    at writeOrBuffer (C:\Users\xioas\AppData\Roaming\npm\node_modules\firebase-tools\node_modules\winston-transport\node_modules\readable-stream\lib\_stream_writable.js:381:5)
    at Writable.write (C:\Users\xioas\AppData\Roaming\npm\node_modules\firebase-tools\node_modules\winston-transport\node_modules\readable-stream\lib\_stream_writable.js:302:11)
    at DerivedLogger.ondata (C:\Users\xioas\AppData\Roaming\npm\node_modules\firebase-tools\node_modules\winston\node_modules\readable-stream\lib\_stream_readable.js:629:20)
[error] 
[error] Error: An unexpected error has occurred.
[debug] [2026-08-31T20:17:07.360Z] Error: EPIPE: broken pipe, write
    at Socket._write (node:internal/net:75:18)
    at writeOrBuffer (node:internal/streams/writable:570:12)
    at _write (node:internal/streams/writable:499:10)
    at Writable.write (node:internal/streams/writable:508:10)
    at Console.log (C:\Users\xioas\AppData\Roaming\npm\node_modules\firebase-tools\node_modules\winston\lib\winston\transports\console.js:87:23)
    at Console._write (C:\Users\xioas\AppData\Roaming\npm\node_modules\firebase-tools\node_modules\winston-transport\modern.js:103:17)
    at doWrite (C:\Users\xioas\AppData\Roaming\npm\node_modules\firebase-tools\node_modules\winston-transport\node_modules\readable-stream\lib\_stream_writable.js:390:139)
    at writeOrBuffer (C:\Users\xioas\AppData\Roaming\npm\node_modules\firebase-tools\node_modules\winston-transport\node_modules\readable-stream\lib\_stream_writable.js:381:5)
    at Writable.write (C:\Users\xioas\AppData\Roaming\npm\node_modules\firebase-tools\node_modules\winston-transport\node_modules\readable-stream\lib\_stream_writable.js:302:11)
    at DerivedLogger.ondata (C:\Users\xioas\AppData\Roaming\npm\node_modules\firebase-tools\node_modules\winston\node_modules\readable-stream\lib\_stream_readable.js:629:20)
[error] 
[error] Error: An unexpected error has occurred.
[debug] [2026-08-31T20:17:07.361Z] Error: EPIPE: broken pipe, write
    at Socket._write (node:internal/net:75:18)
    at writeOrBuffer (node:internal/streams/writable:570:12)
    at _write (node:internal/streams/writable:499:10)
    at Writable.write (node:internal/streams/writable:508:10)
    at Console.log (C:\Users\xioas\AppData\Roaming\npm\node_modules\firebase-tools\node_modules\winston\lib\winston\transports\console.js:87:23)
    at Console._write (C:\Users\xioas\AppData\Roaming\npm\node_modules\firebase-tools\node_modules\winston-transport\modern.js:103:17)
    at doWrite (C:\Users\xioas\AppData\Roaming\npm\node_modules\firebase-tools\node_modules\winston-transport\node_modules\readable-stream\lib\_stream_writable.js:390:139)
    at writeOrBuffer (C:\Users\xioas\AppData\Roaming\npm\node_modules\firebase-tools\node_modules\winston-transport\node_modules\readable-stream\lib\_stream_writable.js:381:5)
    at Writable.write (C:\Users\xioas\AppData\Roaming\npm\node_modules\firebase-tools\node_modules\winston-transport\node_modules\readable-stream\lib\_stream_writable.js:302:11)
    at DerivedLogger.ondata (C:\Users\xioas\AppData\Roaming\npm\node_modules\firebase-tools\node_modules\winston\node_modules\readable-stream\lib\_stream_readable.js:629:20)
[error] 
[error] Error: An unexpected error has occurred.
[debug] [2026-08-31T20:17:07.361Z] Error: EPIPE: broken pipe, write
    at Socket._write (node:internal/net:75:18)
    at writeOrBuffer (node:internal/streams/writable:570:12)
    at _write (node:internal/streams/writable:499:10)
    at Writable.write (node:internal/streams/writable:508:10)
    at Console.log (C:\Users\xioas\AppData\Roaming\npm\node_modules\firebase-tools\node_modules\winston\lib\winston\transports\console.js:87:23)
    at Console._write (C:\Users\xioas\AppData\Roaming\npm\node_modules\firebase-tools\node_modules\winston-transport\modern.js:103:17)
    at doWrite (C:\Users\xioas\AppData\Roaming\npm\node_modules\firebase-tools\node_modules\winston-transport\node_modules\readable-stream\lib\_stream_writable.js:390:139)
    at writeOrBuffer (C:\Users\xioas\AppData\Roaming\npm\node_modules\firebase-tools\node_modules\winston-transport\node_modules\readable-stream\lib\_stream_writable.js:381:5)
    at Writable.write (C:\Users\xioas\AppData\Roaming\npm\node_modules\firebase-tools\node_modules\winston-transport\node_modules\readable-stream\lib\_stream_writable.js:302:11)
    at DerivedLogger.ondata (C:\Users\xioas\AppData\Roaming\npm\node_modules\firebase-tools\node_modules\winston\node_modules\readable-stream\lib\_stream_readable.js:629:20)
[error] 
[error] Error: An unexpected error has occurred.
[debug] [2026-08-31T20:17:07.362Z] Error: EPIPE: broken pipe, write
    at Socket._write (node:internal/net:75:18)
    at writeOrBuffer (node:internal/streams/writable:570:12)
    at _write (node:internal/streams/writable:499:10)
    at Writable.write (node:internal/streams/writable:508:10)
    at Console.log (C:\Users\xioas\AppData\Roaming\npm\node_modules\firebase-tools\node_modules\winston\lib\winston\transports\console.js:87:23)
    at Console._write (C:\Users\xioas\AppData\Roaming\npm\node_modules\firebase-tools\node_modules\winston-transport\modern.js:103:17)
    at doWrite (C:\Users\xioas\AppData\Roaming\npm\node_modules\firebase-tools\node_modules\winston-transport\node_modules\readable-stream\lib\_stream_writable.js:390:139)
    at writeOrBuffer (C:\Users\xioas\AppData\Roaming\npm\node_modules\firebase-tools\node_modules\winston-transport\node_modules\readable-stream\lib\_stream_writable.js:381:5)
    at Writable.write (C:\Users\xioas\AppData\Roaming\npm\node_modules\firebase-tools\node_modules\winston-transport\node_modules\readable-stream\lib\_stream_writable.js:302:11)
    at DerivedLogger.ondata (C:\Users\xioas\AppData\Roaming\npm\node_modules\firebase-tools\node_modules\winston\node_modules\readable-stream\lib\_stream_readable.js:629:20)
[error] 
[error] Error: An unexpected error has occurred.
[debug] [2026-08-31T20:17:07.362Z] Error: EPIPE: broken pipe, write
    at Socket._write (node:internal/net:75:18)
    at writeOrBuffer (node:internal/streams/writable:570:12)
    at _write (node:internal/streams/writable:499:10)
    at Writable.write (node:internal/streams/writable:508:10)
    at Console.log (C:\Users\xioas\AppData\Roaming\npm\node_modules\firebase-tools\node_modules\winston\lib\winston\transports\console.js:87:23)
    at Console._write (C:\Users\xioas\AppData\Roaming\npm\node_modules\firebase-tools\node_modules\winston-transport\modern.js:103:17)
    at doWrite (C:\Users\xioas\AppData\Roaming\npm\node_modules\firebase-tools\node_modules\winston-transport\node_modules\readable-stream\lib\_stream_writable.js:390:139)
    at writeOrBuffer (C:\Users\xioas\AppData\Roaming\npm\node_modules\firebase-tools\node_modules\winston-transport\node_modules\readable-stream\lib\_stream_writable.js:381:5)
    at Writable.write (C:\Users\xioas\AppData\Roaming\npm\node_modules\firebase-tools\node_modules\winston-transport\node_modules\readable-stream\lib\_stream_writable.js:302:11)
    at DerivedLogger.ondata (C:\Users\xioas\AppData\Roaming\npm\node_modules\firebase-tools\node_modules\winston\node_modules\readable-stream\lib\_stream_readable.js:629:20)
[error] 
[error] Error: An unexpected error has occurred.
[debug] [2026-08-31T20:17:07.362Z] Error: EPIPE: broken pipe, write
    at Socket._write (node:internal/net:75:18)
    at writeOrBuffer (node:internal/streams/writable:570:12)
    at _write (node:internal/streams/writable:499:10)
    at Writable.write (node:internal/streams/writable:508:10)
    at Console.log (C:\Users\xioas\AppData\Roaming\npm\node_modules\firebase-tools\node_modules\winston\lib\winston\transports\console.js:87:23)
    at Console._write (C:\Users\xioas\AppData\Roaming\npm\node_modules\firebase-tools\node_modules\winston-transport\modern.js:103:17)
    at doWrite (C:\Users\xioas\AppData\Roaming\npm\node_modules\firebase-tools\node_modules\winston-transport\node_modules\readable-stream\lib\_stream_writable.js:390:139)
    at writeOrBuffer (C:\Users\xioas\AppData\Roaming\npm\node_modules\firebase-tools\node_modules\winston-transport\node_modules\readable-stream\lib\_stream_writable.js:381:5)
    at Writable.write (C:\Users\xioas\AppData\Roaming\npm\node_modules\firebase-tools\node_modules\winston-transport\node_modules\readable-stream\lib\_stream_writable.js:302:11)
    at DerivedLogger.ondata (C:\Users\xioas\AppData\Roaming\npm\node_modules\firebase-tools\node_modules\winston\node_modules\readable-stream\lib\_stream_readable.js:629:20)
[error] 
[error] Error: An unexpected error has occurred.
[debug] [2026-08-31T20:17:07.362Z] Error: EPIPE: broken pipe, write
    at Socket._write (node:internal/net:75:18)
    at writeOrBuffer (node:internal/streams/writable:570:12)
    at _write (node:internal/streams/writable:499:10)
    at Writable.write (node:internal/streams/writable:508:10)
    at Console.log (C:\Users\xioas\AppData\Roaming\npm\node_modules\firebase-tools\node_modules\winston\lib\winston\transports\console.js:87:23)
    at Console._write (C:\Users\xioas\AppData\Roaming\npm\node_modules\firebase-tools\node_modules\winston-transport\modern.js:103:17)
    at doWrite (C:\Users\xioas\AppData\Roaming\npm\node_modules\firebase-tools\node_modules\winston-transport\node_modules\readable-stream\lib\_stream_writable.js:390:139)
    at writeOrBuffer (C:\Users\xioas\AppData\Roaming\npm\node_modules\firebase-tools\node_modules\winston-transport\node_modules\readable-stream\lib\_stream_writable.js:381:5)
    at Writable.write (C:\Users\xioas\AppData\Roaming\npm\node_modules\firebase-tools\node_modules\winston-transport\node_modules\readable-stream\lib\_stream_writable.js:302:11)
    at DerivedLogger.ondata (C:\Users\xioas\AppData\Roaming\npm\node_modules\firebase-tools\node_modules\winston\node_modules\readable-stream\lib\_stream_readable.js:629:20)
[error] 
[error] Error: An unexpected error has occurred.
[debug] [2026-08-31T20:17:07.363Z] Error: EPIPE: broken pipe, write
    at Socket._write (node:internal/net:75:18)
    at writeOrBuffer (node:internal/streams/writable:570:12)
    at _write (node:internal/streams/writable:499:10)
    at Writable.write (node:internal/streams/writable:508:10)
    at Console.log (C:\Users\xioas\AppData\Roaming\npm\node_modules\firebase-tools\node_modules\winston\lib\winston\transports\console.js:87:23)
    at Console._write (C:\Users\xioas\AppData\Roaming\npm\node_modules\firebase-tools\node_modules\winston-transport\modern.js:103:17)
    at doWrite (C:\Users\xioas\AppData\Roaming\npm\node_modules\firebase-tools\node_modules\winston-transport\node_modules\readable-stream\lib\_stream_writable.js:390:139)
    at writeOrBuffer (C:\Users\xioas\AppData\Roaming\npm\node_modules\firebase-tools\node_modules\winston-transport\node_modules\readable-stream\lib\_stream_writable.js:381:5)
    at Writable.write (C:\Users\xioas\AppData\Roaming\npm\node_modules\firebase-tools\node_modules\winston-transport\node_modules\readable-stream\lib\_stream_writable.js:302:11)
    at DerivedLogger.ondata (C:\Users\xioas\AppData\Roaming\npm\node_modules\firebase-tools\node_modules\winston\node_modules\readable-stream\lib\_stream_readable.js:629:20)
[error] 
[error] Error: An unexpected error has occurred.
[debug] [2026-08-31T20:17:07.363Z] Error: EPIPE: broken pipe, write
    at Socket._write (node:internal/net:75:18)
    at writeOrBuffer (node:internal/streams/writable:570:12)
    at _write (node:internal/streams/writable:499:10)
    at Writable.write (node:internal/streams/writable:508:10)
    at Console.log (C:\Users\xioas\AppData\Roaming\npm\node_modules\firebase-tools\node_modules\winston\lib\winston\transports\console.js:87:23)
    at Console._write (C:\Users\xioas\AppData\Roaming\npm\node_modules\firebase-tools\node_modules\winston-transport\modern.js:103:17)
    at doWrite (C:\Users\xioas\AppData\Roaming\npm\node_modules\firebase-tools\node_modules\winston-transport\node_modules\readable-stream\lib\_stream_writable.js:390:139)
    at writeOrBuffer (C:\Users\xioas\AppData\Roaming\npm\node_modules\firebase-tools\node_modules\winston-transport\node_modules\readable-stream\lib\_stream_writable.js:381:5)
    at Writable.write (C:\Users\xioas\AppData\Roaming\npm\node_modules\firebase-tools\node_modules\winston-transport\node_modules\readable-stream\lib\_stream_writable.js:302:11)
    at DerivedLogger.ondata (C:\Users\xioas\AppData\Roaming\npm\node_modules\firebase-tools\node_modules\winston\node_modules\readable-stream\lib\_stream_readable.js:629:20)
[error] 
[error] Error: An unexpected error has occurred.
[debug] [2026-08-31T20:17:07.363Z] Error: EPIPE: broken pipe, write
    at Socket._write (node:internal/net:75:18)
    at writeOrBuffer (node:internal/streams/writable:570:12)
    at _write (node:internal/streams/writable:499:10)
    at Writable.write (node:internal/streams/writable:508:10)
    at Console.log (C:\Users\xioas\AppData\Roaming\npm\node_modules\firebase-tools\node_modules\winston\lib\winston\transports\console.js:87:23)
    at Console._write (C:\Users\xioas\AppData\Roaming\npm\node_modules\firebase-tools\node_modules\winston-transport\modern.js:103:17)
    at doWrite (C:\Users\xioas\AppData\Roaming\npm\node_modules\firebase-tools\node_modules\winston-transport\node_modules\readable-stream\lib\_stream_writable.js:390:139)
    at writeOrBuffer (C:\Users\xioas\AppData\Roaming\npm\node_modules\firebase-tools\node_modules\winston-transport\node_modules\readable-stream\lib\_stream_writable.js:381:5)
    at Writable.write (C:\Users\xioas\AppData\Roaming\npm\node_modules\firebase-tools\node_modules\winston-transport\node_modules\readable-stream\lib\_stream_writable.js:302:11)
    at DerivedLogger.ondata (C:\Users\xioas\AppData\Roaming\npm\node_modules\firebase-tools\node_modules\winston\node_modules\readable-stream\lib\_stream_readable.js:629:20)
[error] 
[error] Error: An unexpected error has occurred.
[debug] [2026-08-31T20:17:07.364Z] Error: EPIPE: broken pipe, write
    at Socket._write (node:internal/net:75:18)
    at writeOrBuffer (node:internal/streams/writable:570:12)
    at _write (node:internal/streams/writable:499:10)
    at Writable.write (node:internal/streams/writable:508:10)
    at Console.log (C:\Users\xioas\AppData\Roaming\npm\node_modules\firebase-tools\node_modules\winston\lib\winston\transports\console.js:87:23)
    at Console._write (C:\Users\xioas\AppData\Roaming\npm\node_modules\firebase-tools\node_modules\winston-transport\modern.js:103:17)
    at doWrite (C:\Users\xioas\AppData\Roaming\npm\node_modules\firebase-tools\node_modules\winston-transport\node_modules\readable-stream\lib\_stream_writable.js:390:139)
    at writeOrBuffer (C:\Users\xioas\AppData\Roaming\npm\node_modules\firebase-tools\node_modules\winston-transport\node_modules\readable-stream\lib\_stream_writable.js:381:5)
    at Writable.write (C:\Users\xioas\AppData\Roaming\npm\node_modules\firebase-tools\node_modules\winston-transport\node_modules\readable-stream\lib\_stream_writable.js:302:11)
    at DerivedLogger.ondata (C:\Users\xioas\AppData\Roaming\npm\node_modules\firebase-tools\node_modules\winston\node_modules\readable-stream\lib\_stream_readable.js:629:20)
[error] 
[error] Error: An unexpected error has occurred.
[debug] [2026-08-31T20:17:07.364Z] Error: EPIPE: broken pipe, write
    at Socket._write (node:internal/net:75:18)
    at writeOrBuffer (node:internal/streams/writable:570:12)
    at _write (node:internal/streams/writable:499:10)
    at Writable.write (node:internal/streams/writable:508:10)
    at Console.log (C:\Users\xioas\AppData\Roaming\npm\node_modules\firebase-tools\node_modules\winston\lib\winston\transports\console.js:87:23)
    at Console._write (C:\Users\xioas\AppData\Roaming\npm\node_modules\firebase-tools\node_modules\winston-transport\modern.js:103:17)
    at doWrite (C:\Users\xioas\AppData\Roaming\npm\node_modules\firebase-tools\node_modules\winston-transport\node_modules\readable-stream\lib\_stream_writable.js:390:139)
    at writeOrBuffer (C:\Users\xioas\AppData\Roaming\npm\node_modules\firebase-tools\node_modules\winston-transport\node_modules\readable-stream\lib\_stream_writable.js:381:5)
    at Writable.write (C:\Users\xioas\AppData\Roaming\npm\node_modules\firebase-tools\node_modules\winston-transport\node_modules\readable-stream\lib\_stream_writable.js:302:11)
    at DerivedLogger.ondata (C:\Users\xioas\AppData\Roaming\npm\node_modules\firebase-tools\node_modules\winston\node_modules\readable-stream\lib\_stream_readable.js:629:20)
[error] 
[error] Error: An unexpected error has occurred.
[debug] [2026-08-31T20:17:07.365Z] Error: EPIPE: broken pipe, write
    at Socket._write (node:internal/net:75:18)
    at writeOrBuffer (node:internal/streams/writable:570:12)
    at _write (node:internal/streams/writable:499:10)
    at Writable.write (node:internal/streams/writable:508:10)
    at Console.log (C:\Users\xioas\AppData\Roaming\npm\node_modules\firebase-tools\node_modules\winston\lib\winston\transports\console.js:87:23)
    at Console._write (C:\Users\xioas\AppData\Roaming\npm\node_modules\firebase-tools\node_modules\winston-transport\modern.js:103:17)
    at doWrite (C:\Users\xioas\AppData\Roaming\npm\node_modules\firebase-tools\node_modules\winston-transport\node_modules\readable-stream\lib\_stream_writable.js:390:139)
    at writeOrBuffer (C:\Users\xioas\AppData\Roaming\npm\node_modules\firebase-tools\node_modules\winston-transport\node_modules\readable-stream\lib\_stream_writable.js:381:5)
    at Writable.write (C:\Users\xioas\AppData\Roaming\npm\node_modules\firebase-tools\node_modules\winston-transport\node_modules\readable-stream\lib\_stream_writable.js:302:11)
    at DerivedLogger.ondata (C:\Users\xioas\AppData\Roaming\npm\node_modules\firebase-tools\node_modules\winston\node_modules\readable-stream\lib\_stream_readable.js:629:20)
[error] 
[error] Error: An unexpected error has occurred.
[debug] [2026-08-31T20:17:07.366Z] Error: EPIPE: broken pipe, write
    at Socket._write (node:internal/net:75:18)
    at writeOrBuffer (node:internal/streams/writable:570:12)
    at _write (node:internal/streams/writable:499:10)
    at Writable.write (node:internal/streams/writable:508:10)
    at Console.log (C:\Users\xioas\AppData\Roaming\npm\node_modules\firebase-tools\node_modules\winston\lib\winston\transports\console.js:87:23)
    at Console._write (C:\Users\xioas\AppData\Roaming\npm\node_modules\firebase-tools\node_modules\winston-transport\modern.js:103:17)
    at doWrite (C:\Users\xioas\AppData\Roaming\npm\node_modules\firebase-tools\node_modules\winston-transport\node_modules\readable-stream\lib\_stream_writable.js:390:139)
    at writeOrBuffer (C:\Users\xioas\AppData\Roaming\npm\node_modules\firebase-tools\node_modules\winston-transport\node_modules\readable-stream\lib\_stream_writable.js:381:5)
    at Writable.write (C:\Users\xioas\AppData\Roaming\npm\node_modules\firebase-tools\node_modules\winston-transport\node_modules\readable-stream\lib\_stream_writable.js:302:11)
    at DerivedLogger.ondata (C:\Users\xioas\AppData\Roaming\npm\node_modules\firebase-tools\node_modules\winston\node_modules\readable-stream\lib\_stream_readable.js:629:20)
[error] 
[error] Error: An unexpected error has occurred.
[debug] [2026-08-31T20:17:07.367Z] Error: EPIPE: broken pipe, write
    at Socket._write (node:internal/net:75:18)
    at writeOrBuffer (node:internal/streams/writable:570:12)
    at _write (node:internal/streams/writable:499:10)
    at Writable.write (node:internal/streams/writable:508:10)
    at Console.log (C:\Users\xioas\AppData\Roaming\npm\node_modules\firebase-tools\node_modules\winston\lib\winston\transports\console.js:87:23)
    at Console._write (C:\Users\xioas\AppData\Roaming\npm\node_modules\firebase-tools\node_modules\winston-transport\modern.js:103:17)
    at doWrite (C:\Users\xioas\AppData\Roaming\npm\node_modules\firebase-tools\node_modules\winston-transport\node_modules\readable-stream\lib\_stream_writable.js:390:139)
    at writeOrBuffer (C:\Users\xioas\AppData\Roaming\npm\node_modules\firebase-tools\node_modules\winston-transport\node_modules\readable-stream\lib\_stream_writable.js:381:5)
    at Writable.write (C:\Users\xioas\AppData\Roaming\npm\node_modules\firebase-tools\node_modules\winston-transport\node_modules\readable-stream\lib\_stream_writable.js:302:11)
    at DerivedLogger.ondata (C:\Users\xioas\AppData\Roaming\npm\node_modules\firebase-tools\node_modules\winston\node_modules\readable-stream\lib\_stream_readable.js:629:20)
[error] 
[error] Error: An unexpected error has occurred.
[debug] [2026-08-31T20:17:07.367Z] Error: EPIPE: broken pipe, write
    at Socket._write (node:internal/net:75:18)
    at writeOrBuffer (node:internal/streams/writable:570:12)
    at _write (node:internal/streams/writable:499:10)
    at Writable.write (node:internal/streams/writable:508:10)
    at Console.log (C:\Users\xioas\AppData\Roaming\npm\node_modules\firebase-tools\node_modules\winston\lib\winston\transports\console.js:87:23)
    at Console._write (C:\Users\xioas\AppData\Roaming\npm\node_modules\firebase-tools\node_modules\winston-transport\modern.js:103:17)
    at doWrite (C:\Users\xioas\AppData\Roaming\npm\node_modules\firebase-tools\node_modules\winston-transport\node_modules\readable-stream\lib\_stream_writable.js:390:139)
    at writeOrBuffer (C:\Users\xioas\AppData\Roaming\npm\node_modules\firebase-tools\node_modules\winston-transport\node_modules\readable-stream\lib\_stream_writable.js:381:5)
    at Writable.write (C:\Users\xioas\AppData\Roaming\npm\node_modules\firebase-tools\node_modules\winston-transport\node_modules\readable-stream\lib\_stream_writable.js:302:11)
    at DerivedLogger.ondata (C:\Users\xioas\AppData\Roaming\npm\node_modules\firebase-tools\node_modules\winston\node_modules\readable-stream\lib\_stream_readable.js:629:20)
[error] 
[error] Error: An unexpected error has occurred.
[debug] [2026-08-31T20:17:07.368Z] Error: EPIPE: broken pipe, write
    at Socket._write (node:internal/net:75:18)
    at writeOrBuffer (node:internal/streams/writable:570:12)
    at _write (node:internal/streams/writable:499:10)
    at Writable.write (node:internal/streams/writable:508:10)
    at Console.log (C:\Users\xioas\AppData\Roaming\npm\node_modules\firebase-tools\node_modules\winston\lib\winston\transports\console.js:87:23)
    at Console._write (C:\Users\xioas\AppData\Roaming\npm\node_modules\firebase-tools\node_modules\winston-transport\modern.js:103:17)
    at doWrite (C:\Users\xioas\AppData\Roaming\npm\node_modules\firebase-tools\node_modules\winston-transport\node_modules\readable-stream\lib\_stream_writable.js:390:139)
    at writeOrBuffer (C:\Users\xioas\AppData\Roaming\npm\node_modules\firebase-tools\node_modules\winston-transport\node_modules\readable-stream\lib\_stream_writable.js:381:5)
    at Writable.write (C:\Users\xioas\AppData\Roaming\npm\node_modules\firebase-tools\node_modules\winston-transport\node_modules\readable-stream\lib\_stream_writable.js:302:11)
    at DerivedLogger.ondata (C:\Users\xioas\AppData\Roaming\npm\node_modules\firebase-tools\node_modules\winston\node_modules\readable-stream\lib\_stream_readable.js:629:20)
[error] 
[error] Error: An unexpected error has occurred.
[debug] [2026-08-31T20:17:07.368Z] Error: EPIPE: broken pipe, write
    at Socket._write (node:internal/net:75:18)
    at writeOrBuffer (node:internal/streams/writable:570:12)
    at _write (node:internal/streams/writable:499:10)
    at Writable.write (node:internal/streams/writable:508:10)
    at Console.log (C:\Users\xioas\AppData\Roaming\npm\node_modules\firebase-tools\node_modules\winston\lib\winston\transports\console.js:87:23)
    at Console._write (C:\Users\xioas\AppData\Roaming\npm\node_modules\firebase-tools\node_modules\winston-transport\modern.js:103:17)
    at doWrite (C:\Users\xioas\AppData\Roaming\npm\node_modules\firebase-tools\node_modules\winston-transport\node_modules\readable-stream\lib\_stream_writable.js:390:139)
    at writeOrBuffer (C:\Users\xioas\AppData\Roaming\npm\node_modules\firebase-tools\node_modules\winston-transport\node_modules\readable-stream\lib\_stream_writable.js:381:5)
    at Writable.write (C:\Users\xioas\AppData\Roaming\npm\node_modules\firebase-tools\node_modules\winston-transport\node_modules\readable-stream\lib\_stream_writable.js:302:11)
    at DerivedLogger.ondata (C:\Users\xioas\AppData\Roaming\npm\node_modules\firebase-tools\node_modules\winston\node_modules\readable-stream\lib\_stream_readable.js:629:20)
[error] 
[error] Error: An unexpected error has occurred.
[debug] [2026-08-31T20:17:07.369Z] Error: EPIPE: broken pipe, write
    at Socket._write (node:internal/net:75:18)
    at writeOrBuffer (node:internal/streams/writable:570:12)
    at _write (node:internal/streams/writable:499:10)
    at Writable.write (node:internal/streams/writable:508:10)
    at Console.log (C:\Users\xioas\AppData\Roaming\npm\node_modules\firebase-tools\node_modules\winston\lib\winston\transports\console.js:87:23)
    at Console._write (C:\Users\xioas\AppData\Roaming\npm\node_modules\firebase-tools\node_modules\winston-transport\modern.js:103:17)
    at doWrite (C:\Users\xioas\AppData\Roaming\npm\node_modules\firebase-tools\node_modules\winston-transport\node_modules\readable-stream\lib\_stream_writable.js:390:139)
    at writeOrBuffer (C:\Users\xioas\AppData\Roaming\npm\node_modules\firebase-tools\node_modules\winston-transport\node_modules\readable-stream\lib\_stream_writable.js:381:5)
    at Writable.write (C:\Users\xioas\AppData\Roaming\npm\node_modules\firebase-tools\node_modules\winston-transport\node_modules\readable-stream\lib\_stream_writable.js:302:11)
    at DerivedLogger.ondata (C:\Users\xioas\AppData\Roaming\npm\node_modules\firebase-tools\node_modules\winston\node_modules\readable-stream\lib\_stream_readable.js:629:20)
[error] 
[error] Error: An unexpected error has occurred.
[debug] [2026-08-31T20:17:07.369Z] Error: EPIPE: broken pipe, write
    at Socket._write (node:internal/net:75:18)
    at writeOrBuffer (node:internal/streams/writable:570:12)
    at _write (node:internal/streams/writable:499:10)
    at Writable.write (node:internal/streams/writable:508:10)
    at Console.log (C:\Users\xioas\AppData\Roaming\npm\node_modules\firebase-tools\node_modules\winston\lib\winston\transports\console.js:87:23)
    at Console._write (C:\Users\xioas\AppData\Roaming\npm\node_modules\firebase-tools\node_modules\winston-transport\modern.js:103:17)
    at doWrite (C:\Users\xioas\AppData\Roaming\npm\node_modules\firebase-tools\node_modules\winston-transport\node_modules\readable-stream\lib\_stream_writable.js:390:139)
    at writeOrBuffer (C:\Users\xioas\AppData\Roaming\npm\node_modules\firebase-tools\node_modules\winston-transport\node_modules\readable-stream\lib\_stream_writable.js:381:5)
    at Writable.write (C:\Users\xioas\AppData\Roaming\npm\node_modules\firebase-tools\node_modules\winston-transport\node_modules\readable-stream\lib\_stream_writable.js:302:11)
    at DerivedLogger.ondata (C:\Users\xioas\AppData\Roaming\npm\node_modules\firebase-tools\node_modules\winston\node_modules\readable-stream\lib\_stream_readable.js:629:20)
[error] 
[error] Error: An unexpected error has occurred.
[debug] [2026-08-31T20:17:07.369Z] Error: EPIPE: broken pipe, write
    at Socket._write (node:internal/net:75:18)
    at writeOrBuffer (node:internal/streams/writable:570:12)
    at _write (node:internal/streams/writable:499:10)
    at Writable.write (node:internal/streams/writable:508:10)
    at Console.log (C:\Users\xioas\AppData\Roaming\npm\node_modules\firebase-tools\node_modules\winston\lib\winston\transports\console.js:87:23)
    at Console._write (C:\Users\xioas\AppData\Roaming\npm\node_modules\firebase-tools\node_modules\winston-transport\modern.js:103:17)
    at doWrite (C:\Users\xioas\AppData\Roaming\npm\node_modules\firebase-tools\node_modules\winston-transport\node_modules\readable-stream\lib\_stream_writable.js:390:139)
    at writeOrBuffer (C:\Users\xioas\AppData\Roaming\npm\node_modules\firebase-tools\node_modules\winston-transport\node_modules\readable-stream\lib\_stream_writable.js:381:5)
    at Writable.write (C:\Users\xioas\AppData\Roaming\npm\node_modules\firebase-tools\node_modules\winston-transport\node_modules\readable-stream\lib\_stream_writable.js:302:11)
    at DerivedLogger.ondata (C:\Users\xioas\AppData\Roaming\npm\node_modules\firebase-tools\node_modules\winston\node_modules\readable-stream\lib\_stream_readable.js:629:20)
[error] 
[error] Error: An unexpected error has occurred.
[debug] [2026-08-31T20:17:07.369Z] Error: EPIPE: broken pipe, write
    at Socket._write (node:internal/net:75:18)
    at writeOrBuffer (node:internal/streams/writable:570:12)
    at _write (node:internal/streams/writable:499:10)
    at Writable.write (node:internal/streams/writable:508:10)
    at Console.log (C:\Users\xioas\AppData\Roaming\npm\node_modules\firebase-tools\node_modules\winston\lib\winston\transports\console.js:87:23)
    at Console._write (C:\Users\xioas\AppData\Roaming\npm\node_modules\firebase-tools\node_modules\winston-transport\modern.js:103:17)
    at doWrite (C:\Users\xioas\AppData\Roaming\npm\node_modules\firebase-tools\node_modules\winston-transport\node_modules\readable-stream\lib\_stream_writable.js:390:139)
    at writeOrBuffer (C:\Users\xioas\AppData\Roaming\npm\node_modules\firebase-tools\node_modules\winston-transport\node_modules\readable-stream\lib\_stream_writable.js:381:5)
    at Writable.write (C:\Users\xioas\AppData\Roaming\npm\node_modules\firebase-tools\node_modules\winston-transport\node_modules\readable-stream\lib\_stream_writable.js:302:11)
    at DerivedLogger.ondata (C:\Users\xioas\AppData\Roaming\npm\node_modules\firebase-tools\node_modules\winston\node_modules\readable-stream\lib\_stream_readable.js:629:20)
[error] 
[error] Error: An unexpected error has occurred.
[debug] [2026-08-31T20:17:07.370Z] Error: EPIPE: broken pipe, write
    at Socket._write (node:internal/net:75:18)
    at writeOrBuffer (node:internal/streams/writable:570:12)
    at _write (node:internal/streams/writable:499:10)
    at Writable.write (node:internal/streams/writable:508:10)
    at Console.log (C:\Users\xioas\AppData\Roaming\npm\node_modules\firebase-tools\node_modules\winston\lib\winston\transports\console.js:87:23)
    at Console._write (C:\Users\xioas\AppData\Roaming\npm\node_modules\firebase-tools\node_modules\winston-transport\modern.js:103:17)
    at doWrite (C:\Users\xioas\AppData\Roaming\npm\node_modules\firebase-tools\node_modules\winston-transport\node_modules\readable-stream\lib\_stream_writable.js:390:139)
    at writeOrBuffer (C:\Users\xioas\AppData\Roaming\npm\node_modules\firebase-tools\node_modules\winston-transport\node_modules\readable-stream\lib\_stream_writable.js:381:5)
    at Writable.write (C:\Users\xioas\AppData\Roaming\npm\node_modules\firebase-tools\node_modules\winston-transport\node_modules\readable-stream\lib\_stream_writable.js:302:11)
    at DerivedLogger.ondata (C:\Users\xioas\AppData\Roaming\npm\node_modules\firebase-tools\node_modules\winston\node_modules\readable-stream\lib\_stream_readable.js:629:20)
[error] 
[error] Error: An unexpected error has occurred.
[debug] [2026-08-31T20:17:07.370Z] Error: EPIPE: broken pipe, write
    at Socket._write (node:internal/net:75:18)
    at writeOrBuffer (node:internal/streams/writable:570:12)
    at _write (node:internal/streams/writable:499:10)
    at Writable.write (node:internal/streams/writable:508:10)
    at Console.log (C:\Users\xioas\AppData\Roaming\npm\node_modules\firebase-tools\node_modules\winston\lib\winston\transports\console.js:87:23)
    at Console._write (C:\Users\xioas\AppData\Roaming\npm\node_modules\firebase-tools\node_modules\winston-transport\modern.js:103:17)
    at doWrite (C:\Users\xioas\AppData\Roaming\npm\node_modules\firebase-tools\node_modules\winston-transport\node_modules\readable-stream\lib\_stream_writable.js:390:139)
    at writeOrBuffer (C:\Users\xioas\AppData\Roaming\npm\node_modules\firebase-tools\node_modules\winston-transport\node_modules\readable-stream\lib\_stream_writable.js:381:5)
    at Writable.write (C:\Users\xioas\AppData\Roaming\npm\node_modules\firebase-tools\node_modules\winston-transport\node_modules\readable-stream\lib\_stream_writable.js:302:11)
    at DerivedLogger.ondata (C:\Users\xioas\AppData\Roaming\npm\node_modules\firebase-tools\node_modules\winston\node_modules\readable-stream\lib\_stream_readable.js:629:20)
[error] 
[error] Error: An unexpected error has occurred.
[debug] [2026-08-31T20:17:07.370Z] Error: EPIPE: broken pipe, write
    at Socket._write (node:internal/net:75:18)
    at writeOrBuffer (node:internal/streams/writable:570:12)
    at _write (node:internal/streams/writable:499:10)
    at Writable.write (node:internal/streams/writable:508:10)
    at Console.log (C:\Users\xioas\AppData\Roaming\npm\node_modules\firebase-tools\node_modules\winston\lib\winston\transports\console.js:87:23)
    at Console._write (C:\Users\xioas\AppData\Roaming\npm\node_modules\firebase-tools\node_modules\winston-transport\modern.js:103:17)
    at doWrite (C:\Users\xioas\AppData\Roaming\npm\node_modules\firebase-tools\node_modules\winston-transport\node_modules\readable-stream\lib\_stream_writable.js:390:139)
    at writeOrBuffer (C:\Users\xioas\AppData\Roaming\npm\node_modules\firebase-tools\node_modules\winston-transport\node_modules\readable-stream\lib\_stream_writable.js:381:5)
    at Writable.write (C:\Users\xioas\AppData\Roaming\npm\node_modules\firebase-tools\node_modules\winston-transport\node_modules\readable-stream\lib\_stream_writable.js:302:11)
    at DerivedLogger.ondata (C:\Users\xioas\AppData\Roaming\npm\node_modules\firebase-tools\node_modules\winston\node_modules\readable-stream\lib\_stream_readable.js:629:20)
[error] 
[error] Error: An unexpected error has occurred.
[debug] [2026-08-31T20:17:07.372Z] Error: EPIPE: broken pipe, write
    at Socket._write (node:internal/net:75:18)
    at writeOrBuffer (node:internal/streams/writable:570:12)
    at _write (node:internal/streams/writable:499:10)
    at Writable.write (node:internal/streams/writable:508:10)
    at Console.log (C:\Users\xioas\AppData\Roaming\npm\node_modules\firebase-tools\node_modules\winston\lib\winston\transports\console.js:87:23)
    at Console._write (C:\Users\xioas\AppData\Roaming\npm\node_modules\firebase-tools\node_modules\winston-transport\modern.js:103:17)
    at doWrite (C:\Users\xioas\AppData\Roaming\npm\node_modules\firebase-tools\node_modules\winston-transport\node_modules\readable-stream\lib\_stream_writable.js:390:139)
    at writeOrBuffer (C:\Users\xioas\AppData\Roaming\npm\node_modules\firebase-tools\node_modules\winston-transport\node_modules\readable-stream\lib\_stream_writable.js:381:5)
    at Writable.write (C:\Users\xioas\AppData\Roaming\npm\node_modules\firebase-tools\node_modules\winston-transport\node_modules\readable-stream\lib\_stream_writable.js:302:11)
    at DerivedLogger.ondata (C:\Users\xioas\AppData\Roaming\npm\node_modules\firebase-tools\node_modules\winston\node_modules\readable-stream\lib\_stream_readable.js:629:20)
[error] 
[error] Error: An unexpected error has occurred.
[debug] [2026-08-31T20:17:07.372Z] Error: EPIPE: broken pipe, write
    at Socket._write (node:internal/net:75:18)
    at writeOrBuffer (node:internal/streams/writable:570:12)
    at _write (node:internal/streams/writable:499:10)
    at Writable.write (node:internal/streams/writable:508:10)
    at Console.log (C:\Users\xioas\AppData\Roaming\npm\node_modules\firebase-tools\node_modules\winston\lib\winston\transports\console.js:87:23)
    at Console._write (C:\Users\xioas\AppData\Roaming\npm\node_modules\firebase-tools\node_modules\winston-transport\modern.js:103:17)
    at doWrite (C:\Users\xioas\AppData\Roaming\npm\node_modules\firebase-tools\node_modules\winston-transport\node_modules\readable-stream\lib\_stream_writable.js:390:139)
    at writeOrBuffer (C:\Users\xioas\AppData\Roaming\npm\node_modules\firebase-tools\node_modules\winston-transport\node_modules\readable-stream\lib\_stream_writable.js:381:5)
    at Writable.write (C:\Users\xioas\AppData\Roaming\npm\node_modules\firebase-tools\node_modules\winston-transport\node_modules\readable-stream\lib\_stream_writable.js:302:11)
    at DerivedLogger.ondata (C:\Users\xioas\AppData\Roaming\npm\node_modules\firebase-tools\node_modules\winston\node_modules\readable-stream\lib\_stream_readable.js:629:20)
[error] 
[error] Error: An unexpected error has occurred.
[debug] [2026-08-31T20:17:07.373Z] Error: EPIPE: broken pipe, write
    at Socket._write (node:internal/net:75:18)
    at writeOrBuffer (node:internal/streams/writable:570:12)
    at _write (node:internal/streams/writable:499:10)
    at Writable.write (node:internal/streams/writable:508:10)
    at Console.log (C:\Users\xioas\AppData\Roaming\npm\node_modules\firebase-tools\node_modules\winston\lib\winston\transports\console.js:87:23)
    at Console._write (C:\Users\xioas\AppData\Roaming\npm\node_modules\firebase-tools\node_modules\winston-transport\modern.js:103:17)
    at doWrite (C:\Users\xioas\AppData\Roaming\npm\node_modules\firebase-tools\node_modules\winston-transport\node_modules\readable-stream\lib\_stream_writable.js:390:139)
    at writeOrBuffer (C:\Users\xioas\AppData\Roaming\npm\node_modules\firebase-tools\node_modules\winston-transport\node_modules\readable-stream\lib\_stream_writable.js:381:5)
    at Writable.write (C:\Users\xioas\AppData\Roaming\npm\node_modules\firebase-tools\node_modules\winston-transport\node_modules\readable-stream\lib\_stream_writable.js:302:11)
    at DerivedLogger.ondata (C:\Users\xioas\AppData\Roaming\npm\node_modules\firebase-tools\node_modules\winston\node_modules\readable-stream\lib\_stream_readable.js:629:20)
[error] 
[error] Error: An unexpected error has occurred.
[debug] [2026-08-31T20:17:07.373Z] Error: EPIPE: broken pipe, write
    at Socket._write (node:internal/net:75:18)
    at writeOrBuffer (node:internal/streams/writable:570:12)
    at _write (node:internal/streams/writable:499:10)
    at Writable.write (node:internal/streams/writable:508:10)
    at Console.log (C:\Users\xioas\AppData\Roaming\npm\node_modules\firebase-tools\node_modules\winston\lib\winston\transports\console.js:87:23)
    at Console._write (C:\Users\xioas\AppData\Roaming\npm\node_modules\firebase-tools\node_modules\winston-transport\modern.js:103:17)
    at doWrite (C:\Users\xioas\AppData\Roaming\npm\node_modules\firebase-tools\node_modules\winston-transport\node_modules\readable-stream\lib\_stream_writable.js:390:139)
    at writeOrBuffer (C:\Users\xioas\AppData\Roaming\npm\node_modules\firebase-tools\node_modules\winston-transport\node_modules\readable-stream\lib\_stream_writable.js:381:5)
    at Writable.write (C:\Users\xioas\AppData\Roaming\npm\node_modules\firebase-tools\node_modules\winston-transport\node_modules\readable-stream\lib\_stream_writable.js:302:11)
    at DerivedLogger.ondata (C:\Users\xioas\AppData\Roaming\npm\node_modules\firebase-tools\node_modules\winston\node_modules\readable-stream\lib\_stream_readable.js:629:20)
[error] 
[error] Error: An unexpected error has occurred.
[debug] [2026-08-31T20:17:07.373Z] Error: EPIPE: broken pipe, write
    at Socket._write (node:internal/net:75:18)
    at writeOrBuffer (node:internal/streams/writable:570:12)
    at _write (node:internal/streams/writable:499:10)
    at Writable.write (node:internal/streams/writable:508:10)
    at Console.log (C:\Users\xioas\AppData\Roaming\npm\node_modules\firebase-tools\node_modules\winston\lib\winston\transports\console.js:87:23)
    at Console._write (C:\Users\xioas\AppData\Roaming\npm\node_modules\firebase-tools\node_modules\winston-transport\modern.js:103:17)
    at doWrite (C:\Users\xioas\AppData\Roaming\npm\node_modules\firebase-tools\node_modules\winston-transport\node_modules\readable-stream\lib\_stream_writable.js:390:139)
    at writeOrBuffer (C:\Users\xioas\AppData\Roaming\npm\node_modules\firebase-tools\node_modules\winston-transport\node_modules\readable-stream\lib\_stream_writable.js:381:5)
    at Writable.write (C:\Users\xioas\AppData\Roaming\npm\node_modules\firebase-tools\node_modules\winston-transport\node_modules\readable-stream\lib\_stream_writable.js:302:11)
    at DerivedLogger.ondata (C:\Users\xioas\AppData\Roaming\npm\node_modules\firebase-tools\node_modules\winston\node_modules\readable-stream\lib\_stream_readable.js:629:20)
[error] 
[error] Error: An unexpected error has occurred.
[debug] [2026-08-31T20:17:07.374Z] Error: EPIPE: broken pipe, write
    at Socket._write (node:internal/net:75:18)
    at writeOrBuffer (node:internal/streams/writable:570:12)
    at _write (node:internal/streams/writable:499:10)
    at Writable.write (node:internal/streams/writable:508:10)
    at Console.log (C:\Users\xioas\AppData\Roaming\npm\node_modules\firebase-tools\node_modules\winston\lib\winston\transports\console.js:87:23)
    at Console._write (C:\Users\xioas\AppData\Roaming\npm\node_modules\firebase-tools\node_modules\winston-transport\modern.js:103:17)
    at doWrite (C:\Users\xioas\AppData\Roaming\npm\node_modules\firebase-tools\node_modules\winston-transport\node_modules\readable-stream\lib\_stream_writable.js:390:139)
    at writeOrBuffer (C:\Users\xioas\AppData\Roaming\npm\node_modules\firebase-tools\node_modules\winston-transport\node_modules\readable-stream\lib\_stream_writable.js:381:5)
    at Writable.write (C:\Users\xioas\AppData\Roaming\npm\node_modules\firebase-tools\node_modules\winston-transport\node_modules\readable-stream\lib\_stream_writable.js:302:11)
    at DerivedLogger.ondata (C:\Users\xioas\AppData\Roaming\npm\node_modules\firebase-tools\node_modules\winston\node_modules\readable-stream\lib\_stream_readable.js:629:20)
[error] 
[error] Error: An unexpected error has occurred.
[debug] [2026-08-31T20:17:07.374Z] Error: EPIPE: broken pipe, write
    at Socket._write (node:internal/net:75:18)
    at writeOrBuffer (node:internal/streams/writable:570:12)
    at _write (node:internal/streams/writable:499:10)
    at Writable.write (node:internal/streams/writable:508:10)
    at Console.log (C:\Users\xioas\AppData\Roaming\npm\node_modules\firebase-tools\node_modules\winston\lib\winston\transports\console.js:87:23)
    at Console._write (C:\Users\xioas\AppData\Roaming\npm\node_modules\firebase-tools\node_modules\winston-transport\modern.js:103:17)
    at doWrite (C:\Users\xioas\AppData\Roaming\npm\node_modules\firebase-tools\node_modules\winston-transport\node_modules\readable-stream\lib\_stream_writable.js:390:139)
    at writeOrBuffer (C:\Users\xioas\AppData\Roaming\npm\node_modules\firebase-tools\node_modules\winston-transport\node_modules\readable-stream\lib\_stream_writable.js:381:5)
    at Writable.write (C:\Users\xioas\AppData\Roaming\npm\node_modules\firebase-tools\node_modules\winston-transport\node_modules\readable-stream\lib\_stream_writable.js:302:11)
    at DerivedLogger.ondata (C:\Users\xioas\AppData\Roaming\npm\node_modules\firebase-tools\node_modules\winston\node_modules\readable-stream\lib\_stream_readable.js:629:20)
[error] 
[error] Error: An unexpected error has occurred.
[debug] [2026-08-31T20:17:07.374Z] Error: EPIPE: broken pipe, write
    at Socket._write (node:internal/net:75:18)
    at writeOrBuffer (node:internal/streams/writable:570:12)
    at _write (node:internal/streams/writable:499:10)
    at Writable.write (node:internal/streams/writable:508:10)
    at Console.log (C:\Users\xioas\AppData\Roaming\npm\node_modules\firebase-tools\node_modules\winston\lib\winston\transports\console.js:87:23)
    at Console._write (C:\Users\xioas\AppData\Roaming\npm\node_modules\firebase-tools\node_modules\winston-transport\modern.js:103:17)
    at doWrite (C:\Users\xioas\AppData\Roaming\npm\node_modules\firebase-tools\node_modules\winston-transport\node_modules\readable-stream\lib\_stream_writable.js:390:139)
    at writeOrBuffer (C:\Users\xioas\AppData\Roaming\npm\node_modules\firebase-tools\node_modules\winston-transport\node_modules\readable-stream\lib\_stream_writable.js:381:5)
    at Writable.write (C:\Users\xioas\AppData\Roaming\npm\node_modules\firebase-tools\node_modules\winston-transport\node_modules\readable-stream\lib\_stream_writable.js:302:11)
    at DerivedLogger.ondata (C:\Users\xioas\AppData\Roaming\npm\node_modules\firebase-tools\node_modules\winston\node_modules\readable-stream\lib\_stream_readable.js:629:20)
[error] 
[error] Error: An unexpected error has occurred.
[debug] [2026-08-31T20:17:07.375Z] Error: EPIPE: broken pipe, write
    at Socket._write (node:internal/net:75:18)
    at writeOrBuffer (node:internal/streams/writable:570:12)
    at _write (node:internal/streams/writable:499:10)
    at Writable.write (node:internal/streams/writable:508:10)
    at Console.log (C:\Users\xioas\AppData\Roaming\npm\node_modules\firebase-tools\node_modules\winston\lib\winston\transports\console.js:87:23)
    at Console._write (C:\Users\xioas\AppData\Roaming\npm\node_modules\firebase-tools\node_modules\winston-transport\modern.js:103:17)
    at doWrite (C:\Users\xioas\AppData\Roaming\npm\node_modules\firebase-tools\node_modules\winston-transport\node_modules\readable-stream\lib\_stream_writable.js:390:139)
    at writeOrBuffer (C:\Users\xioas\AppData\Roaming\npm\node_modules\firebase-tools\node_modules\winston-transport\node_modules\readable-stream\lib\_stream_writable.js:381:5)
    at Writable.write (C:\Users\xioas\AppData\Roaming\npm\node_modules\firebase-tools\node_modules\winston-transport\node_modules\readable-stream\lib\_stream_writable.js:302:11)
    at DerivedLogger.ondata (C:\Users\xioas\AppData\Roaming\npm\node_modules\firebase-tools\node_modules\winston\node_modules\readable-stream\lib\_stream_readable.js:629:20)
[error] 
[error] Error: An unexpected error has occurred.
[debug] [2026-08-31T20:17:07.375Z] Error: EPIPE: broken pipe, write
    at Socket._write (node:internal/net:75:18)
    at writeOrBuffer (node:internal/streams/writable:570:12)
    at _write (node:internal/streams/writable:499:10)
    at Writable.write (node:internal/streams/writable:508:10)
    at Console.log (C:\Users\xioas\AppData\Roaming\npm\node_modules\firebase-tools\node_modules\winston\lib\winston\transports\console.js:87:23)
    at Console._write (C:\Users\xioas\AppData\Roaming\npm\node_modules\firebase-tools\node_modules\winston-transport\modern.js:103:17)
    at doWrite (C:\Users\xioas\AppData\Roaming\npm\node_modules\firebase-tools\node_modules\winston-transport\node_modules\readable-stream\lib\_stream_writable.js:390:139)
    at writeOrBuffer (C:\Users\xioas\AppData\Roaming\npm\node_modules\firebase-tools\node_modules\winston-transport\node_modules\readable-stream\lib\_stream_writable.js:381:5)
    at Writable.write (C:\Users\xioas\AppData\Roaming\npm\node_modules\firebase-tools\node_modules\winston-transport\node_modules\readable-stream\lib\_stream_writable.js:302:11)
    at DerivedLogger.ondata (C:\Users\xioas\AppData\Roaming\npm\node_modules\firebase-tools\node_modules\winston\node_modules\readable-stream\lib\_stream_readable.js:629:20)
[error] 
[error] Error: An unexpected error has occurred.
[debug] [2026-08-31T20:17:07.376Z] Error: EPIPE: broken pipe, write
    at Socket._write (node:internal/net:75:18)
    at writeOrBuffer (node:internal/streams/writable:570:12)
    at _write (node:internal/streams/writable:499:10)
    at Writable.write (node:internal/streams/writable:508:10)
    at Console.log (C:\Users\xioas\AppData\Roaming\npm\node_modules\firebase-tools\node_modules\winston\lib\winston\transports\console.js:87:23)
    at Console._write (C:\Users\xioas\AppData\Roaming\npm\node_modules\firebase-tools\node_modules\winston-transport\modern.js:103:17)
    at doWrite (C:\Users\xioas\AppData\Roaming\npm\node_modules\firebase-tools\node_modules\winston-transport\node_modules\readable-stream\lib\_stream_writable.js:390:139)
    at writeOrBuffer (C:\Users\xioas\AppData\Roaming\npm\node_modules\firebase-tools\node_modules\winston-transport\node_modules\readable-stream\lib\_stream_writable.js:381:5)
    at Writable.write (C:\Users\xioas\AppData\Roaming\npm\node_modules\firebase-tools\node_modules\winston-transport\node_modules\readable-stream\lib\_stream_writable.js:302:11)
    at DerivedLogger.ondata (C:\Users\xioas\AppData\Roaming\npm\node_modules\firebase-tools\node_modules\winston\node_modules\readable-stream\lib\_stream_readable.js:629:20)
[error] 
[error] Error: An unexpected error has occurred.
[debug] [2026-08-31T20:17:07.376Z] Error: EPIPE: broken pipe, write
    at Socket._write (node:internal/net:75:18)
    at writeOrBuffer (node:internal/streams/writable:570:12)
    at _write (node:internal/streams/writable:499:10)
    at Writable.write (node:internal/streams/writable:508:10)
    at Console.log (C:\Users\xioas\AppData\Roaming\npm\node_modules\firebase-tools\node_modules\winston\lib\winston\transports\console.js:87:23)
    at Console._write (C:\Users\xioas\AppData\Roaming\npm\node_modules\firebase-tools\node_modules\winston-transport\modern.js:103:17)
    at doWrite (C:\Users\xioas\AppData\Roaming\npm\node_modules\firebase-tools\node_modules\winston-transport\node_modules\readable-stream\lib\_stream_writable.js:390:139)
    at writeOrBuffer (C:\Users\xioas\AppData\Roaming\npm\node_modules\firebase-tools\node_modules\winston-transport\node_modules\readable-stream\lib\_stream_writable.js:381:5)
    at Writable.write (C:\Users\xioas\AppData\Roaming\npm\node_modules\firebase-tools\node_modules\winston-transport\node_modules\readable-stream\lib\_stream_writable.js:302:11)
    at DerivedLogger.ondata (C:\Users\xioas\AppData\Roaming\npm\node_modules\firebase-tools\node_modules\winston\node_modules\readable-stream\lib\_stream_readable.js:629:20)
[error] 
[error] Error: An unexpected error has occurred.
[debug] [2026-08-31T20:17:07.376Z] Error: EPIPE: broken pipe, write
    at Socket._write (node:internal/net:75:18)
    at writeOrBuffer (node:internal/streams/writable:570:12)
    at _write (node:internal/streams/writable:499:10)
    at Writable.write (node:internal/streams/writable:508:10)
    at Console.log (C:\Users\xioas\AppData\Roaming\npm\node_modules\firebase-tools\node_modules\winston\lib\winston\transports\console.js:87:23)
    at Console._write (C:\Users\xioas\AppData\Roaming\npm\node_modules\firebase-tools\node_modules\winston-transport\modern.js:103:17)
    at doWrite (C:\Users\xioas\AppData\Roaming\npm\node_modules\firebase-tools\node_modules\winston-transport\node_modules\readable-stream\lib\_stream_writable.js:390:139)
    at writeOrBuffer (C:\Users\xioas\AppData\Roaming\npm\node_modules\firebase-tools\node_modules\winston-transport\node_modules\readable-stream\lib\_stream_writable.js:381:5)
    at Writable.write (C:\Users\xioas\AppData\Roaming\npm\node_modules\firebase-tools\node_modules\winston-transport\node_modules\readable-stream\lib\_stream_writable.js:302:11)
    at DerivedLogger.ondata (C:\Users\xioas\AppData\Roaming\npm\node_modules\firebase-tools\node_modules\winston\node_modules\readable-stream\lib\_stream_readable.js:629:20)
[error] 
[error] Error: An unexpected error has occurred.
[debug] [2026-08-31T20:17:07.378Z] Error: EPIPE: broken pipe, write
    at Socket._write (node:internal/net:75:18)
    at writeOrBuffer (node:internal/streams/writable:570:12)
    at _write (node:internal/streams/writable:499:10)
    at Writable.write (node:internal/streams/writable:508:10)
    at Console.log (C:\Users\xioas\AppData\Roaming\npm\node_modules\firebase-tools\node_modules\winston\lib\winston\transports\console.js:87:23)
    at Console._write (C:\Users\xioas\AppData\Roaming\npm\node_modules\firebase-tools\node_modules\winston-transport\modern.js:103:17)
    at doWrite (C:\Users\xioas\AppData\Roaming\npm\node_modules\firebase-tools\node_modules\winston-transport\node_modules\readable-stream\lib\_stream_writable.js:390:139)
    at writeOrBuffer (C:\Users\xioas\AppData\Roaming\npm\node_modules\firebase-tools\node_modules\winston-transport\node_modules\readable-stream\lib\_stream_writable.js:381:5)
    at Writable.write (C:\Users\xioas\AppData\Roaming\npm\node_modules\firebase-tools\node_modules\winston-transport\node_modules\readable-stream\lib\_stream_writable.js:302:11)
    at DerivedLogger.ondata (C:\Users\xioas\AppData\Roaming\npm\node_modules\firebase-tools\node_modules\winston\node_modules\readable-stream\lib\_stream_readable.js:629:20)
[error] 
[error] Error: An unexpected error has occurred.
[debug] [2026-08-31T20:17:07.379Z] Error: EPIPE: broken pipe, write
    at Socket._write (node:internal/net:75:18)
    at writeOrBuffer (node:internal/streams/writable:570:12)
    at _write (node:internal/streams/writable:499:10)
    at Writable.write (node:internal/streams/writable:508:10)
    at Console.log (C:\Users\xioas\AppData\Roaming\npm\node_modules\firebase-tools\node_modules\winston\lib\winston\transports\console.js:87:23)
    at Console._write (C:\Users\xioas\AppData\Roaming\npm\node_modules\firebase-tools\node_modules\winston-transport\modern.js:103:17)
    at doWrite (C:\Users\xioas\AppData\Roaming\npm\node_modules\firebase-tools\node_modules\winston-transport\node_modules\readable-stream\lib\_stream_writable.js:390:139)
    at writeOrBuffer (C:\Users\xioas\AppData\Roaming\npm\node_modules\firebase-tools\node_modules\winston-transport\node_modules\readable-stream\lib\_stream_writable.js:381:5)
    at Writable.write (C:\Users\xioas\AppData\Roaming\npm\node_modules\firebase-tools\node_modules\winston-transport\node_modules\readable-stream\lib\_stream_writable.js:302:11)
    at DerivedLogger.ondata (C:\Users\xioas\AppData\Roaming\npm\node_modules\firebase-tools\node_modules\winston\node_modules\readable-stream\lib\_stream_readable.js:629:20)
[error] 
[error] Error: An unexpected error has occurred.
[debug] [2026-08-31T20:17:07.379Z] Error: EPIPE: broken pipe, write
    at Socket._write (node:internal/net:75:18)
    at writeOrBuffer (node:internal/streams/writable:570:12)
    at _write (node:internal/streams/writable:499:10)
    at Writable.write (node:internal/streams/writable:508:10)
    at Console.log (C:\Users\xioas\AppData\Roaming\npm\node_modules\firebase-tools\node_modules\winston\lib\winston\transports\console.js:87:23)
    at Console._write (C:\Users\xioas\AppData\Roaming\npm\node_modules\firebase-tools\node_modules\winston-transport\modern.js:103:17)
    at doWrite (C:\Users\xioas\AppData\Roaming\npm\node_modules\firebase-tools\node_modules\winston-transport\node_modules\readable-stream\lib\_stream_writable.js:390:139)
    at writeOrBuffer (C:\Users\xioas\AppData\Roaming\npm\node_modules\firebase-tools\node_modules\winston-transport\node_modules\readable-stream\lib\_stream_writable.js:381:5)
    at Writable.write (C:\Users\xioas\AppData\Roaming\npm\node_modules\firebase-tools\node_modules\winston-transport\node_modules\readable-stream\lib\_stream_writable.js:302:11)
    at DerivedLogger.ondata (C:\Users\xioas\AppData\Roaming\npm\node_modules\firebase-tools\node_modules\winston\node_modules\readable-stream\lib\_stream_readable.js:629:20)
[error] 
[error] Error: An unexpected error has occurred.
[debug] [2026-08-31T20:17:07.380Z] Error: EPIPE: broken pipe, write
    at Socket._write (node:internal/net:75:18)
    at writeOrBuffer (node:internal/streams/writable:570:12)
    at _write (node:internal/streams/writable:499:10)
    at Writable.write (node:internal/streams/writable:508:10)
    at Console.log (C:\Users\xioas\AppData\Roaming\npm\node_modules\firebase-tools\node_modules\winston\lib\winston\transports\console.js:87:23)
    at Console._write (C:\Users\xioas\AppData\Roaming\npm\node_modules\firebase-tools\node_modules\winston-transport\modern.js:103:17)
    at doWrite (C:\Users\xioas\AppData\Roaming\npm\node_modules\firebase-tools\node_modules\winston-transport\node_modules\readable-stream\lib\_stream_writable.js:390:139)
    at writeOrBuffer (C:\Users\xioas\AppData\Roaming\npm\node_modules\firebase-tools\node_modules\winston-transport\node_modules\readable-stream\lib\_stream_writable.js:381:5)
    at Writable.write (C:\Users\xioas\AppData\Roaming\npm\node_modules\firebase-tools\node_modules\winston-transport\node_modules\readable-stream\lib\_stream_writable.js:302:11)
    at DerivedLogger.ondata (C:\Users\xioas\AppData\Roaming\npm\node_modules\firebase-tools\node_modules\winston\node_modules\readable-stream\lib\_stream_readable.js:629:20)
[error] 
[error] Error: An unexpected error has occurred.
[debug] [2026-08-31T20:17:07.380Z] Error: EPIPE: broken pipe, write
    at Socket._write (node:internal/net:75:18)
    at writeOrBuffer (node:internal/streams/writable:570:12)
    at _write (node:internal/streams/writable:499:10)
    at Writable.write (node:internal/streams/writable:508:10)
    at Console.log (C:\Users\xioas\AppData\Roaming\npm\node_modules\firebase-tools\node_modules\winston\lib\winston\transports\console.js:87:23)
    at Console._write (C:\Users\xioas\AppData\Roaming\npm\node_modules\firebase-tools\node_modules\winston-transport\modern.js:103:17)
    at doWrite (C:\Users\xioas\AppData\Roaming\npm\node_modules\firebase-tools\node_modules\winston-transport\node_modules\readable-stream\lib\_stream_writable.js:390:139)
    at writeOrBuffer (C:\Users\xioas\AppData\Roaming\npm\node_modules\firebase-tools\node_modules\winston-transport\node_modules\readable-stream\lib\_stream_writable.js:381:5)
    at Writable.write (C:\Users\xioas\AppData\Roaming\npm\node_modules\firebase-tools\node_modules\winston-transport\node_modules\readable-stream\lib\_stream_writable.js:302:11)
    at DerivedLogger.ondata (C:\Users\xioas\AppData\Roaming\npm\node_modules\firebase-tools\node_modules\winston\node_modules\readable-stream\lib\_stream_readable.js:629:20)
[error] 
[error] Error: An unexpected error has occurred.
[debug] [2026-08-31T20:17:07.381Z] Error: EPIPE: broken pipe, write
    at Socket._write (node:internal/net:75:18)
    at writeOrBuffer (node:internal/streams/writable:570:12)
    at _write (node:internal/streams/writable:499:10)
    at Writable.write (node:internal/streams/writable:508:10)
    at Console.log (C:\Users\xioas\AppData\Roaming\npm\node_modules\firebase-tools\node_modules\winston\lib\winston\transports\console.js:87:23)
    at Console._write (C:\Users\xioas\AppData\Roaming\npm\node_modules\firebase-tools\node_modules\winston-transport\modern.js:103:17)
    at doWrite (C:\Users\xioas\AppData\Roaming\npm\node_modules\firebase-tools\node_modules\winston-transport\node_modules\readable-stream\lib\_stream_writable.js:390:139)
    at writeOrBuffer (C:\Users\xioas\AppData\Roaming\npm\node_modules\firebase-tools\node_modules\winston-transport\node_modules\readable-stream\lib\_stream_writable.js:381:5)
    at Writable.write (C:\Users\xioas\AppData\Roaming\npm\node_modules\firebase-tools\node_modules\winston-transport\node_modules\readable-stream\lib\_stream_writable.js:302:11)
    at DerivedLogger.ondata (C:\Users\xioas\AppData\Roaming\npm\node_modules\firebase-tools\node_modules\winston\node_modules\readable-stream\lib\_stream_readable.js:629:20)
[error] 
[error] Error: An unexpected error has occurred.
[debug] [2026-08-31T20:17:07.381Z] Error: EPIPE: broken pipe, write
    at Socket._write (node:internal/net:75:18)
    at writeOrBuffer (node:internal/streams/writable:570:12)
    at _write (node:internal/streams/writable:499:10)
    at Writable.write (node:internal/streams/writable:508:10)
    at Console.log (C:\Users\xioas\AppData\Roaming\npm\node_modules\firebase-tools\node_modules\winston\lib\winston\transports\console.js:87:23)
    at Console._write (C:\Users\xioas\AppData\Roaming\npm\node_modules\firebase-tools\node_modules\winston-transport\modern.js:103:17)
    at doWrite (C:\Users\xioas\AppData\Roaming\npm\node_modules\firebase-tools\node_modules\winston-transport\node_modules\readable-stream\lib\_stream_writable.js:390:139)
    at writeOrBuffer (C:\Users\xioas\AppData\Roaming\npm\node_modules\firebase-tools\node_modules\winston-transport\node_modules\readable-stream\lib\_stream_writable.js:381:5)
    at Writable.write (C:\Users\xioas\AppData\Roaming\npm\node_modules\firebase-tools\node_modules\winston-transport\node_modules\readable-stream\lib\_stream_writable.js:302:11)
    at DerivedLogger.ondata (C:\Users\xioas\AppData\Roaming\npm\node_modules\firebase-tools\node_modules\winston\node_modules\readable-stream\lib\_stream_readable.js:629:20)
[error] 
[error] Error: An unexpected error has occurred.
[debug] [2026-08-31T20:17:07.382Z] Error: EPIPE: broken pipe, write
    at Socket._write (node:internal/net:75:18)
    at writeOrBuffer (node:internal/streams/writable:570:12)
    at _write (node:internal/streams/writable:499:10)
    at Writable.write (node:internal/streams/writable:508:10)
    at Console.log (C:\Users\xioas\AppData\Roaming\npm\node_modules\firebase-tools\node_modules\winston\lib\winston\transports\console.js:87:23)
    at Console._write (C:\Users\xioas\AppData\Roaming\npm\node_modules\firebase-tools\node_modules\winston-transport\modern.js:103:17)
    at doWrite (C:\Users\xioas\AppData\Roaming\npm\node_modules\firebase-tools\node_modules\winston-transport\node_modules\readable-stream\lib\_stream_writable.js:390:139)
    at writeOrBuffer (C:\Users\xioas\AppData\Roaming\npm\node_modules\firebase-tools\node_modules\winston-transport\node_modules\readable-stream\lib\_stream_writable.js:381:5)
    at Writable.write (C:\Users\xioas\AppData\Roaming\npm\node_modules\firebase-tools\node_modules\winston-transport\node_modules\readable-stream\lib\_stream_writable.js:302:11)
    at DerivedLogger.ondata (C:\Users\xioas\AppData\Roaming\npm\node_modules\firebase-tools\node_modules\winston\node_modules\readable-stream\lib\_stream_readable.js:629:20)
[error] 
[error] Error: An unexpected error has occurred.
[debug] [2026-08-31T20:17:07.383Z] Error: EPIPE: broken pipe, write
    at Socket._write (node:internal/net:75:18)
    at writeOrBuffer (node:internal/streams/writable:570:12)
    at _write (node:internal/streams/writable:499:10)
    at Writable.write (node:internal/streams/writable:508:10)
    at Console.log (C:\Users\xioas\AppData\Roaming\npm\node_modules\firebase-tools\node_modules\winston\lib\winston\transports\console.js:87:23)
    at Console._write (C:\Users\xioas\AppData\Roaming\npm\node_modules\firebase-tools\node_modules\winston-transport\modern.js:103:17)
    at doWrite (C:\Users\xioas\AppData\Roaming\npm\node_modules\firebase-tools\node_modules\winston-transport\node_modules\readable-stream\lib\_stream_writable.js:390:139)
    at writeOrBuffer (C:\Users\xioas\AppData\Roaming\npm\node_modules\firebase-tools\node_modules\winston-transport\node_modules\readable-stream\lib\_stream_writable.js:381:5)
    at Writable.write (C:\Users\xioas\AppData\Roaming\npm\node_modules\firebase-tools\node_modules\winston-transport\node_modules\readable-stream\lib\_stream_writable.js:302:11)
    at DerivedLogger.ondata (C:\Users\xioas\AppData\Roaming\npm\node_modules\firebase-tools\node_modules\winston\node_modules\readable-stream\lib\_stream_readable.js:629:20)
[error] 
[error] Error: An unexpected error has occurred.
[debug] [2026-08-31T20:17:07.384Z] Error: EPIPE: broken pipe, write
    at Socket._write (node:internal/net:75:18)
    at writeOrBuffer (node:internal/streams/writable:570:12)
    at _write (node:internal/streams/writable:499:10)
    at Writable.write (node:internal/streams/writable:508:10)
    at Console.log (C:\Users\xioas\AppData\Roaming\npm\node_modules\firebase-tools\node_modules\winston\lib\winston\transports\console.js:87:23)
    at Console._write (C:\Users\xioas\AppData\Roaming\npm\node_modules\firebase-tools\node_modules\winston-transport\modern.js:103:17)
    at doWrite (C:\Users\xioas\AppData\Roaming\npm\node_modules\firebase-tools\node_modules\winston-transport\node_modules\readable-stream\lib\_stream_writable.js:390:139)
    at writeOrBuffer (C:\Users\xioas\AppData\Roaming\npm\node_modules\firebase-tools\node_modules\winston-transport\node_modules\readable-stream\lib\_stream_writable.js:381:5)
    at Writable.write (C:\Users\xioas\AppData\Roaming\npm\node_modules\firebase-tools\node_modules\winston-transport\node_modules\readable-stream\lib\_stream_writable.js:302:11)
    at DerivedLogger.ondata (C:\Users\xioas\AppData\Roaming\npm\node_modules\firebase-tools\node_modules\winston\node_modules\readable-stream\lib\_stream_readable.js:629:20)
[error] 
[error] Error: An unexpected error has occurred.
[debug] [2026-08-31T20:17:07.384Z] Error: EPIPE: broken pipe, write
    at Socket._write (node:internal/net:75:18)
    at writeOrBuffer (node:internal/streams/writable:570:12)
    at _write (node:internal/streams/writable:499:10)
    at Writable.write (node:internal/streams/writable:508:10)
    at Console.log (C:\Users\xioas\AppData\Roaming\npm\node_modules\firebase-tools\node_modules\winston\lib\winston\transports\console.js:87:23)
    at Console._write (C:\Users\xioas\AppData\Roaming\npm\node_modules\firebase-tools\node_modules\winston-transport\modern.js:103:17)
    at doWrite (C:\Users\xioas\AppData\Roaming\npm\node_modules\firebase-tools\node_modules\winston-transport\node_modules\readable-stream\lib\_stream_writable.js:390:139)
    at writeOrBuffer (C:\Users\xioas\AppData\Roaming\npm\node_modules\firebase-tools\node_modules\winston-transport\node_modules\readable-stream\lib\_stream_writable.js:381:5)
    at Writable.write (C:\Users\xioas\AppData\Roaming\npm\node_modules\firebase-tools\node_modules\winston-transport\node_modules\readable-stream\lib\_stream_writable.js:302:11)
    at DerivedLogger.ondata (C:\Users\xioas\AppData\Roaming\npm\node_modules\firebase-tools\node_modules\winston\node_modules\readable-stream\lib\_stream_readable.js:629:20)
[error] 
[error] Error: An unexpected error has occurred.
[debug] [2026-08-31T20:17:07.385Z] Error: EPIPE: broken pipe, write
    at Socket._write (node:internal/net:75:18)
    at writeOrBuffer (node:internal/streams/writable:570:12)
    at _write (node:internal/streams/writable:499:10)
    at Writable.write (node:internal/streams/writable:508:10)
    at Console.log (C:\Users\xioas\AppData\Roaming\npm\node_modules\firebase-tools\node_modules\winston\lib\winston\transports\console.js:87:23)
    at Console._write (C:\Users\xioas\AppData\Roaming\npm\node_modules\firebase-tools\node_modules\winston-transport\modern.js:103:17)
    at doWrite (C:\Users\xioas\AppData\Roaming\npm\node_modules\firebase-tools\node_modules\winston-transport\node_modules\readable-stream\lib\_stream_writable.js:390:139)
    at writeOrBuffer (C:\Users\xioas\AppData\Roaming\npm\node_modules\firebase-tools\node_modules\winston-transport\node_modules\readable-stream\lib\_stream_writable.js:381:5)
    at Writable.write (C:\Users\xioas\AppData\Roaming\npm\node_modules\firebase-tools\node_modules\winston-transport\node_modules\readable-stream\lib\_stream_writable.js:302:11)
    at DerivedLogger.ondata (C:\Users\xioas\AppData\Roaming\npm\node_modules\firebase-tools\node_modules\winston\node_modules\readable-stream\lib\_stream_readable.js:629:20)
[error] 
[error] Error: An unexpected error has occurred.
[debug] [2026-08-31T20:17:07.385Z] Error: EPIPE: broken pipe, write
    at Socket._write (node:internal/net:75:18)
    at writeOrBuffer (node:internal/streams/writable:570:12)
    at _write (node:internal/streams/writable:499:10)
    at Writable.write (node:internal/streams/writable:508:10)
    at Console.log (C:\Users\xioas\AppData\Roaming\npm\node_modules\firebase-tools\node_modules\winston\lib\winston\transports\console.js:87:23)
    at Console._write (C:\Users\xioas\AppData\Roaming\npm\node_modules\firebase-tools\node_modules\winston-transport\modern.js:103:17)
    at doWrite (C:\Users\xioas\AppData\Roaming\npm\node_modules\firebase-tools\node_modules\winston-transport\node_modules\readable-stream\lib\_stream_writable.js:390:139)
    at writeOrBuffer (C:\Users\xioas\AppData\Roaming\npm\node_modules\firebase-tools\node_modules\winston-transport\node_modules\readable-stream\lib\_stream_writable.js:381:5)
    at Writable.write (C:\Users\xioas\AppData\Roaming\npm\node_modules\firebase-tools\node_modules\winston-transport\node_modules\readable-stream\lib\_stream_writable.js:302:11)
    at DerivedLogger.ondata (C:\Users\xioas\AppData\Roaming\npm\node_modules\firebase-tools\node_modules\winston\node_modules\readable-stream\lib\_stream_readable.js:629:20)
[error] 
[error] Error: An unexpected error has occurred.
[debug] [2026-08-31T20:17:07.386Z] Error: EPIPE: broken pipe, write
    at Socket._write (node:internal/net:75:18)
    at writeOrBuffer (node:internal/streams/writable:570:12)
    at _write (node:internal/streams/writable:499:10)
    at Writable.write (node:internal/streams/writable:508:10)
    at Console.log (C:\Users\xioas\AppData\Roaming\npm\node_modules\firebase-tools\node_modules\winston\lib\winston\transports\console.js:87:23)
    at Console._write (C:\Users\xioas\AppData\Roaming\npm\node_modules\firebase-tools\node_modules\winston-transport\modern.js:103:17)
    at doWrite (C:\Users\xioas\AppData\Roaming\npm\node_modules\firebase-tools\node_modules\winston-transport\node_modules\readable-stream\lib\_stream_writable.js:390:139)
    at writeOrBuffer (C:\Users\xioas\AppData\Roaming\npm\node_modules\firebase-tools\node_modules\winston-transport\node_modules\readable-stream\lib\_stream_writable.js:381:5)
    at Writable.write (C:\Users\xioas\AppData\Roaming\npm\node_modules\firebase-tools\node_modules\winston-transport\node_modules\readable-stream\lib\_stream_writable.js:302:11)
    at DerivedLogger.ondata (C:\Users\xioas\AppData\Roaming\npm\node_modules\firebase-tools\node_modules\winston\node_modules\readable-stream\lib\_stream_readable.js:629:20)
[error] 
[error] Error: An unexpected error has occurred.
[debug] [2026-08-31T20:17:07.387Z] Error: EPIPE: broken pipe, write
    at Socket._write (node:internal/net:75:18)
    at writeOrBuffer (node:internal/streams/writable:570:12)
    at _write (node:internal/streams/writable:499:10)
    at Writable.write (node:internal/streams/writable:508:10)
    at Console.log (C:\Users\xioas\AppData\Roaming\npm\node_modules\firebase-tools\node_modules\winston\lib\winston\transports\console.js:87:23)
    at Console._write (C:\Users\xioas\AppData\Roaming\npm\node_modules\firebase-tools\node_modules\winston-transport\modern.js:103:17)
    at doWrite (C:\Users\xioas\AppData\Roaming\npm\node_modules\firebase-tools\node_modules\winston-transport\node_modules\readable-stream\lib\_stream_writable.js:390:139)
    at writeOrBuffer (C:\Users\xioas\AppData\Roaming\npm\node_modules\firebase-tools\node_modules\winston-transport\node_modules\readable-stream\lib\_stream_writable.js:381:5)
    at Writable.write (C:\Users\xioas\AppData\Roaming\npm\node_modules\firebase-tools\node_modules\winston-transport\node_modules\readable-stream\lib\_stream_writable.js:302:11)
    at DerivedLogger.ondata (C:\Users\xioas\AppData\Roaming\npm\node_modules\firebase-tools\node_modules\winston\node_modules\readable-stream\lib\_stream_readable.js:629:20)
[error] 
[error] Error: An unexpected error has occurred.
[debug] [2026-08-31T20:17:07.387Z] Error: EPIPE: broken pipe, write
    at Socket._write (node:internal/net:75:18)
    at writeOrBuffer (node:internal/streams/writable:570:12)
    at _write (node:internal/streams/writable:499:10)
    at Writable.write (node:internal/streams/writable:508:10)
    at Console.log (C:\Users\xioas\AppData\Roaming\npm\node_modules\firebase-tools\node_modules\winston\lib\winston\transports\console.js:87:23)
    at Console._write (C:\Users\xioas\AppData\Roaming\npm\node_modules\firebase-tools\node_modules\winston-transport\modern.js:103:17)
    at doWrite (C:\Users\xioas\AppData\Roaming\npm\node_modules\firebase-tools\node_modules\winston-transport\node_modules\readable-stream\lib\_stream_writable.js:390:139)
    at writeOrBuffer (C:\Users\xioas\AppData\Roaming\npm\node_modules\firebase-tools\node_modules\winston-transport\node_modules\readable-stream\lib\_stream_writable.js:381:5)
    at Writable.write (C:\Users\xioas\AppData\Roaming\npm\node_modules\firebase-tools\node_modules\winston-transport\node_modules\readable-stream\lib\_stream_writable.js:302:11)
    at DerivedLogger.ondata (C:\Users\xioas\AppData\Roaming\npm\node_modules\firebase-tools\node_modules\winston\node_modules\readable-stream\lib\_stream_readable.js:629:20)
[error] 
[error] Error: An unexpected error has occurred.
[debug] [2026-08-31T20:17:07.388Z] Error: EPIPE: broken pipe, write
    at Socket._write (node:internal/net:75:18)
    at writeOrBuffer (node:internal/streams/writable:570:12)
    at _write (node:internal/streams/writable:499:10)
    at Writable.write (node:internal/streams/writable:508:10)
    at Console.log (C:\Users\xioas\AppData\Roaming\npm\node_modules\firebase-tools\node_modules\winston\lib\winston\transports\console.js:87:23)
    at Console._write (C:\Users\xioas\AppData\Roaming\npm\node_modules\firebase-tools\node_modules\winston-transport\modern.js:103:17)
    at doWrite (C:\Users\xioas\AppData\Roaming\npm\node_modules\firebase-tools\node_modules\winston-transport\node_modules\readable-stream\lib\_stream_writable.js:390:139)
    at writeOrBuffer (C:\Users\xioas\AppData\Roaming\npm\node_modules\firebase-tools\node_modules\winston-transport\node_modules\readable-stream\lib\_stream_writable.js:381:5)
    at Writable.write (C:\Users\xioas\AppData\Roaming\npm\node_modules\firebase-tools\node_modules\winston-transport\node_modules\readable-stream\lib\_stream_writable.js:302:11)
    at DerivedLogger.ondata (C:\Users\xioas\AppData\Roaming\npm\node_modules\firebase-tools\node_modules\winston\node_modules\readable-stream\lib\_stream_readable.js:629:20)
[error] 
[error] Error: An unexpected error has occurred.
[debug] [2026-08-31T20:17:07.388Z] Error: EPIPE: broken pipe, write
    at Socket._write (node:internal/net:75:18)
    at writeOrBuffer (node:internal/streams/writable:570:12)
    at _write (node:internal/streams/writable:499:10)
    at Writable.write (node:internal/streams/writable:508:10)
    at Console.log (C:\Users\xioas\AppData\Roaming\npm\node_modules\firebase-tools\node_modules\winston\lib\winston\transports\console.js:87:23)
    at Console._write (C:\Users\xioas\AppData\Roaming\npm\node_modules\firebase-tools\node_modules\winston-transport\modern.js:103:17)
    at doWrite (C:\Users\xioas\AppData\Roaming\npm\node_modules\firebase-tools\node_modules\winston-transport\node_modules\readable-stream\lib\_stream_writable.js:390:139)
    at writeOrBuffer (C:\Users\xioas\AppData\Roaming\npm\node_modules\firebase-tools\node_modules\winston-transport\node_modules\readable-stream\lib\_stream_writable.js:381:5)
    at Writable.write (C:\Users\xioas\AppData\Roaming\npm\node_modules\firebase-tools\node_modules\winston-transport\node_modules\readable-stream\lib\_stream_writable.js:302:11)
    at DerivedLogger.ondata (C:\Users\xioas\AppData\Roaming\npm\node_modules\firebase-tools\node_modules\winston\node_modules\readable-stream\lib\_stream_readable.js:629:20)
[error] 
[error] Error: An unexpected error has occurred.
[debug] [2026-08-31T20:17:07.388Z] Error: EPIPE: broken pipe, write
    at Socket._write (node:internal/net:75:18)
    at writeOrBuffer (node:internal/streams/writable:570:12)
    at _write (node:internal/streams/writable:499:10)
    at Writable.write (node:internal/streams/writable:508:10)
    at Console.log (C:\Users\xioas\AppData\Roaming\npm\node_modules\firebase-tools\node_modules\winston\lib\winston\transports\console.js:87:23)
    at Console._write (C:\Users\xioas\AppData\Roaming\npm\node_modules\firebase-tools\node_modules\winston-transport\modern.js:103:17)
    at doWrite (C:\Users\xioas\AppData\Roaming\npm\node_modules\firebase-tools\node_modules\winston-transport\node_modules\readable-stream\lib\_stream_writable.js:390:139)
    at writeOrBuffer (C:\Users\xioas\AppData\Roaming\npm\node_modules\firebase-tools\node_modules\winston-transport\node_modules\readable-stream\lib\_stream_writable.js:381:5)
    at Writable.write (C:\Users\xioas\AppData\Roaming\npm\node_modules\firebase-tools\node_modules\winston-transport\node_modules\readable-stream\lib\_stream_writable.js:302:11)
    at DerivedLogger.ondata (C:\Users\xioas\AppData\Roaming\npm\node_modules\firebase-tools\node_modules\winston\node_modules\readable-stream\lib\_stream_readable.js:629:20)
[error] 
[error] Error: An unexpected error has occurred.
[debug] [2026-08-31T20:17:07.389Z] Error: EPIPE: broken pipe, write
    at Socket._write (node:internal/net:75:18)
    at writeOrBuffer (node:internal/streams/writable:570:12)
    at _write (node:internal/streams/writable:499:10)
    at Writable.write (node:internal/streams/writable:508:10)
    at Console.log (C:\Users\xioas\AppData\Roaming\npm\node_modules\firebase-tools\node_modules\winston\lib\winston\transports\console.js:87:23)
    at Console._write (C:\Users\xioas\AppData\Roaming\npm\node_modules\firebase-tools\node_modules\winston-transport\modern.js:103:17)
    at doWrite (C:\Users\xioas\AppData\Roaming\npm\node_modules\firebase-tools\node_modules\winston-transport\node_modules\readable-stream\lib\_stream_writable.js:390:139)
    at writeOrBuffer (C:\Users\xioas\AppData\Roaming\npm\node_modules\firebase-tools\node_modules\winston-transport\node_modules\readable-stream\lib\_stream_writable.js:381:5)
    at Writable.write (C:\Users\xioas\AppData\Roaming\npm\node_modules\firebase-tools\node_modules\winston-transport\node_modules\readable-stream\lib\_stream_writable.js:302:11)
    at DerivedLogger.ondata (C:\Users\xioas\AppData\Roaming\npm\node_modules\firebase-tools\node_modules\winston\node_modules\readable-stream\lib\_stream_readable.js:629:20)
[error] 
[error] Error: An unexpected error has occurred.
[debug] [2026-08-31T20:17:07.389Z] Error: EPIPE: broken pipe, write
    at Socket._write (node:internal/net:75:18)
    at writeOrBuffer (node:internal/streams/writable:570:12)
    at _write (node:internal/streams/writable:499:10)
    at Writable.write (node:internal/streams/writable:508:10)
    at Console.log (C:\Users\xioas\AppData\Roaming\npm\node_modules\firebase-tools\node_modules\winston\lib\winston\transports\console.js:87:23)
    at Console._write (C:\Users\xioas\AppData\Roaming\npm\node_modules\firebase-tools\node_modules\winston-transport\modern.js:103:17)
    at doWrite (C:\Users\xioas\AppData\Roaming\npm\node_modules\firebase-tools\node_modules\winston-transport\node_modules\readable-stream\lib\_stream_writable.js:390:139)
    at writeOrBuffer (C:\Users\xioas\AppData\Roaming\npm\node_modules\firebase-tools\node_modules\winston-transport\node_modules\readable-stream\lib\_stream_writable.js:381:5)
    at Writable.write (C:\Users\xioas\AppData\Roaming\npm\node_modules\firebase-tools\node_modules\winston-transport\node_modules\readable-stream\lib\_stream_writable.js:302:11)
    at DerivedLogger.ondata (C:\Users\xioas\AppData\Roaming\npm\node_modules\firebase-tools\node_modules\winston\node_modules\readable-stream\lib\_stream_readable.js:629:20)
[error] 
[error] Error: An unexpected error has occurred.
[debug] [2026-08-31T20:17:07.389Z] Error: EPIPE: broken pipe, write
    at Socket._write (node:internal/net:75:18)
    at writeOrBuffer (node:internal/streams/writable:570:12)
    at _write (node:internal/streams/writable:499:10)
    at Writable.write (node:internal/streams/writable:508:10)
    at Console.log (C:\Users\xioas\AppData\Roaming\npm\node_modules\firebase-tools\node_modules\winston\lib\winston\transports\console.js:87:23)
    at Console._write (C:\Users\xioas\AppData\Roaming\npm\node_modules\firebase-tools\node_modules\winston-transport\modern.js:103:17)
    at doWrite (C:\Users\xioas\AppData\Roaming\npm\node_modules\firebase-tools\node_modules\winston-transport\node_modules\readable-stream\lib\_stream_writable.js:390:139)
    at writeOrBuffer (C:\Users\xioas\AppData\Roaming\npm\node_modules\firebase-tools\node_modules\winston-transport\node_modules\readable-stream\lib\_stream_writable.js:381:5)
    at Writable.write (C:\Users\xioas\AppData\Roaming\npm\node_modules\firebase-tools\node_modules\winston-transport\node_modules\readable-stream\lib\_stream_writable.js:302:11)
    at DerivedLogger.ondata (C:\Users\xioas\AppData\Roaming\npm\node_modules\firebase-tools\node_modules\winston\node_modules\readable-stream\lib\_stream_readable.js:629:20)
[error] 
[error] Error: An unexpected error has occurred.
[debug] [2026-08-31T20:17:07.389Z] Error: EPIPE: broken pipe, write
    at Socket._write (node:internal/net:75:18)
    at writeOrBuffer (node:internal/streams/writable:570:12)
    at _write (node:internal/streams/writable:499:10)
    at Writable.write (node:internal/streams/writable:508:10)
    at Console.log (C:\Users\xioas\AppData\Roaming\npm\node_modules\firebase-tools\node_modules\winston\lib\winston\transports\console.js:87:23)
    at Console._write (C:\Users\xioas\AppData\Roaming\npm\node_modules\firebase-tools\node_modules\winston-transport\modern.js:103:17)
    at doWrite (C:\Users\xioas\AppData\Roaming\npm\node_modules\firebase-tools\node_modules\winston-transport\node_modules\readable-stream\lib\_stream_writable.js:390:139)
    at writeOrBuffer (C:\Users\xioas\AppData\Roaming\npm\node_modules\firebase-tools\node_modules\winston-transport\node_modules\readable-stream\lib\_stream_writable.js:381:5)
    at Writable.write (C:\Users\xioas\AppData\Roaming\npm\node_modules\firebase-tools\node_modules\winston-transport\node_modules\readable-stream\lib\_stream_writable.js:302:11)
    at DerivedLogger.ondata (C:\Users\xioas\AppData\Roaming\npm\node_modules\firebase-tools\node_modules\winston\node_modules\readable-stream\lib\_stream_readable.js:629:20)
[error] 
[error] Error: An unexpected error has occurred.
[debug] [2026-08-31T20:17:07.390Z] Error: EPIPE: broken pipe, write
    at Socket._write (node:internal/net:75:18)
    at writeOrBuffer (node:internal/streams/writable:570:12)
    at _write (node:internal/streams/writable:499:10)
    at Writable.write (node:internal/streams/writable:508:10)
    at Console.log (C:\Users\xioas\AppData\Roaming\npm\node_modules\firebase-tools\node_modules\winston\lib\winston\transports\console.js:87:23)
    at Console._write (C:\Users\xioas\AppData\Roaming\npm\node_modules\firebase-tools\node_modules\winston-transport\modern.js:103:17)
    at doWrite (C:\Users\xioas\AppData\Roaming\npm\node_modules\firebase-tools\node_modules\winston-transport\node_modules\readable-stream\lib\_stream_writable.js:390:139)
    at writeOrBuffer (C:\Users\xioas\AppData\Roaming\npm\node_modules\firebase-tools\node_modules\winston-transport\node_modules\readable-stream\lib\_stream_writable.js:381:5)
    at Writable.write (C:\Users\xioas\AppData\Roaming\npm\node_modules\firebase-tools\node_modules\winston-transport\node_modules\readable-stream\lib\_stream_writable.js:302:11)
    at DerivedLogger.ondata (C:\Users\xioas\AppData\Roaming\npm\node_modules\firebase-tools\node_modules\winston\node_modules\readable-stream\lib\_stream_readable.js:629:20)
[error] 
[error] Error: An unexpected error has occurred.
[debug] [2026-08-31T20:17:07.390Z] Error: EPIPE: broken pipe, write
    at Socket._write (node:internal/net:75:18)
    at writeOrBuffer (node:internal/streams/writable:570:12)
    at _write (node:internal/streams/writable:499:10)
    at Writable.write (node:internal/streams/writable:508:10)
    at Console.log (C:\Users\xioas\AppData\Roaming\npm\node_modules\firebase-tools\node_modules\winston\lib\winston\transports\console.js:87:23)
    at Console._write (C:\Users\xioas\AppData\Roaming\npm\node_modules\firebase-tools\node_modules\winston-transport\modern.js:103:17)
    at doWrite (C:\Users\xioas\AppData\Roaming\npm\node_modules\firebase-tools\node_modules\winston-transport\node_modules\readable-stream\lib\_stream_writable.js:390:139)
    at writeOrBuffer (C:\Users\xioas\AppData\Roaming\npm\node_modules\firebase-tools\node_modules\winston-transport\node_modules\readable-stream\lib\_stream_writable.js:381:5)
    at Writable.write (C:\Users\xioas\AppData\Roaming\npm\node_modules\firebase-tools\node_modules\winston-transport\node_modules\readable-stream\lib\_stream_writable.js:302:11)
    at DerivedLogger.ondata (C:\Users\xioas\AppData\Roaming\npm\node_modules\firebase-tools\node_modules\winston\node_modules\readable-stream\lib\_stream_readable.js:629:20)
[error] 
[error] Error: An unexpected error has occurred.
[debug] [2026-08-31T20:17:07.390Z] Error: EPIPE: broken pipe, write
    at Socket._write (node:internal/net:75:18)
    at writeOrBuffer (node:internal/streams/writable:570:12)
    at _write (node:internal/streams/writable:499:10)
    at Writable.write (node:internal/streams/writable:508:10)
    at Console.log (C:\Users\xioas\AppData\Roaming\npm\node_modules\firebase-tools\node_modules\winston\lib\winston\transports\console.js:87:23)
    at Console._write (C:\Users\xioas\AppData\Roaming\npm\node_modules\firebase-tools\node_modules\winston-transport\modern.js:103:17)
    at doWrite (C:\Users\xioas\AppData\Roaming\npm\node_modules\firebase-tools\node_modules\winston-transport\node_modules\readable-stream\lib\_stream_writable.js:390:139)
    at writeOrBuffer (C:\Users\xioas\AppData\Roaming\npm\node_modules\firebase-tools\node_modules\winston-transport\node_modules\readable-stream\lib\_stream_writable.js:381:5)
    at Writable.write (C:\Users\xioas\AppData\Roaming\npm\node_modules\firebase-tools\node_modules\winston-transport\node_modules\readable-stream\lib\_stream_writable.js:302:11)
    at DerivedLogger.ondata (C:\Users\xioas\AppData\Roaming\npm\node_modules\firebase-tools\node_modules\winston\node_modules\readable-stream\lib\_stream_readable.js:629:20)
[error] 
[error] Error: An unexpected error has occurred.
[debug] [2026-08-31T20:17:07.391Z] Error: EPIPE: broken pipe, write
    at Socket._write (node:internal/net:75:18)
    at writeOrBuffer (node:internal/streams/writable:570:12)
    at _write (node:internal/streams/writable:499:10)
    at Writable.write (node:internal/streams/writable:508:10)
    at Console.log (C:\Users\xioas\AppData\Roaming\npm\node_modules\firebase-tools\node_modules\winston\lib\winston\transports\console.js:87:23)
    at Console._write (C:\Users\xioas\AppData\Roaming\npm\node_modules\firebase-tools\node_modules\winston-transport\modern.js:103:17)
    at doWrite (C:\Users\xioas\AppData\Roaming\npm\node_modules\firebase-tools\node_modules\winston-transport\node_modules\readable-stream\lib\_stream_writable.js:390:139)
    at writeOrBuffer (C:\Users\xioas\AppData\Roaming\npm\node_modules\firebase-tools\node_modules\winston-transport\node_modules\readable-stream\lib\_stream_writable.js:381:5)
    at Writable.write (C:\Users\xioas\AppData\Roaming\npm\node_modules\firebase-tools\node_modules\winston-transport\node_modules\readable-stream\lib\_stream_writable.js:302:11)
    at DerivedLogger.ondata (C:\Users\xioas\AppData\Roaming\npm\node_modules\firebase-tools\node_modules\winston\node_modules\readable-stream\lib\_stream_readable.js:629:20)
[error] 
[error] Error: An unexpected error has occurred.
[debug] [2026-08-31T20:17:07.391Z] Error: EPIPE: broken pipe, write
    at Socket._write (node:internal/net:75:18)
    at writeOrBuffer (node:internal/streams/writable:570:12)
    at _write (node:internal/streams/writable:499:10)
    at Writable.write (node:internal/streams/writable:508:10)
    at Console.log (C:\Users\xioas\AppData\Roaming\npm\node_modules\firebase-tools\node_modules\winston\lib\winston\transports\console.js:87:23)
    at Console._write (C:\Users\xioas\AppData\Roaming\npm\node_modules\firebase-tools\node_modules\winston-transport\modern.js:103:17)
    at doWrite (C:\Users\xioas\AppData\Roaming\npm\node_modules\firebase-tools\node_modules\winston-transport\node_modules\readable-stream\lib\_stream_writable.js:390:139)
    at writeOrBuffer (C:\Users\xioas\AppData\Roaming\npm\node_modules\firebase-tools\node_modules\winston-transport\node_modules\readable-stream\lib\_stream_writable.js:381:5)
    at Writable.write (C:\Users\xioas\AppData\Roaming\npm\node_modules\firebase-tools\node_modules\winston-transport\node_modules\readable-stream\lib\_stream_writable.js:302:11)
    at DerivedLogger.ondata (C:\Users\xioas\AppData\Roaming\npm\node_modules\firebase-tools\node_modules\winston\node_modules\readable-stream\lib\_stream_readable.js:629:20)
[error] 
[error] Error: An unexpected error has occurred.
[debug] [2026-08-31T20:17:07.392Z] Error: EPIPE: broken pipe, write
    at Socket._write (node:internal/net:75:18)
    at writeOrBuffer (node:internal/streams/writable:570:12)
    at _write (node:internal/streams/writable:499:10)
    at Writable.write (node:internal/streams/writable:508:10)
    at Console.log (C:\Users\xioas\AppData\Roaming\npm\node_modules\firebase-tools\node_modules\winston\lib\winston\transports\console.js:87:23)
    at Console._write (C:\Users\xioas\AppData\Roaming\npm\node_modules\firebase-tools\node_modules\winston-transport\modern.js:103:17)
    at doWrite (C:\Users\xioas\AppData\Roaming\npm\node_modules\firebase-tools\node_modules\winston-transport\node_modules\readable-stream\lib\_stream_writable.js:390:139)
    at writeOrBuffer (C:\Users\xioas\AppData\Roaming\npm\node_modules\firebase-tools\node_modules\winston-transport\node_modules\readable-stream\lib\_stream_writable.js:381:5)
    at Writable.write (C:\Users\xioas\AppData\Roaming\npm\node_modules\firebase-tools\node_modules\winston-transport\node_modules\readable-stream\lib\_stream_writable.js:302:11)
    at DerivedLogger.ondata (C:\Users\xioas\AppData\Roaming\npm\node_modules\firebase-tools\node_modules\winston\node_modules\readable-stream\lib\_stream_readable.js:629:20)
[error] 
[error] Error: An unexpected error has occurred.
[debug] [2026-08-31T20:17:07.392Z] Error: EPIPE: broken pipe, write
    at Socket._write (node:internal/net:75:18)
    at writeOrBuffer (node:internal/streams/writable:570:12)
    at _write (node:internal/streams/writable:499:10)
    at Writable.write (node:internal/streams/writable:508:10)
    at Console.log (C:\Users\xioas\AppData\Roaming\npm\node_modules\firebase-tools\node_modules\winston\lib\winston\transports\console.js:87:23)
    at Console._write (C:\Users\xioas\AppData\Roaming\npm\node_modules\firebase-tools\node_modules\winston-transport\modern.js:103:17)
    at doWrite (C:\Users\xioas\AppData\Roaming\npm\node_modules\firebase-tools\node_modules\winston-transport\node_modules\readable-stream\lib\_stream_writable.js:390:139)
    at writeOrBuffer (C:\Users\xioas\AppData\Roaming\npm\node_modules\firebase-tools\node_modules\winston-transport\node_modules\readable-stream\lib\_stream_writable.js:381:5)
    at Writable.write (C:\Users\xioas\AppData\Roaming\npm\node_modules\firebase-tools\node_modules\winston-transport\node_modules\readable-stream\lib\_stream_writable.js:302:11)
    at DerivedLogger.ondata (C:\Users\xioas\AppData\Roaming\npm\node_modules\firebase-tools\node_modules\winston\node_modules\readable-stream\lib\_stream_readable.js:629:20)
[error] 
[error] Error: An unexpected error has occurred.
[debug] [2026-08-31T20:17:07.392Z] Error: EPIPE: broken pipe, write
    at Socket._write (node:internal/net:75:18)
    at writeOrBuffer (node:internal/streams/writable:570:12)
    at _write (node:internal/streams/writable:499:10)
    at Writable.write (node:internal/streams/writable:508:10)
    at Console.log (C:\Users\xioas\AppData\Roaming\npm\node_modules\firebase-tools\node_modules\winston\lib\winston\transports\console.js:87:23)
    at Console._write (C:\Users\xioas\AppData\Roaming\npm\node_modules\firebase-tools\node_modules\winston-transport\modern.js:103:17)
    at doWrite (C:\Users\xioas\AppData\Roaming\npm\node_modules\firebase-tools\node_modules\winston-transport\node_modules\readable-stream\lib\_stream_writable.js:390:139)
    at writeOrBuffer (C:\Users\xioas\AppData\Roaming\npm\node_modules\firebase-tools\node_modules\winston-transport\node_modules\readable-stream\lib\_stream_writable.js:381:5)
    at Writable.write (C:\Users\xioas\AppData\Roaming\npm\node_modules\firebase-tools\node_modules\winston-transport\node_modules\readable-stream\lib\_stream_writable.js:302:11)
    at DerivedLogger.ondata (C:\Users\xioas\AppData\Roaming\npm\node_modules\firebase-tools\node_modules\winston\node_modules\readable-stream\lib\_stream_readable.js:629:20)
[error] 
[error] Error: An unexpected error has occurred.
[debug] [2026-08-31T20:17:07.392Z] Error: EPIPE: broken pipe, write
    at Socket._write (node:internal/net:75:18)
    at writeOrBuffer (node:internal/streams/writable:570:12)
    at _write (node:internal/streams/writable:499:10)
    at Writable.write (node:internal/streams/writable:508:10)
    at Console.log (C:\Users\xioas\AppData\Roaming\npm\node_modules\firebase-tools\node_modules\winston\lib\winston\transports\console.js:87:23)
    at Console._write (C:\Users\xioas\AppData\Roaming\npm\node_modules\firebase-tools\node_modules\winston-transport\modern.js:103:17)
    at doWrite (C:\Users\xioas\AppData\Roaming\npm\node_modules\firebase-tools\node_modules\winston-transport\node_modules\readable-stream\lib\_stream_writable.js:390:139)
    at writeOrBuffer (C:\Users\xioas\AppData\Roaming\npm\node_modules\firebase-tools\node_modules\winston-transport\node_modules\readable-stream\lib\_stream_writable.js:381:5)
    at Writable.write (C:\Users\xioas\AppData\Roaming\npm\node_modules\firebase-tools\node_modules\winston-transport\node_modules\readable-stream\lib\_stream_writable.js:302:11)
    at DerivedLogger.ondata (C:\Users\xioas\AppData\Roaming\npm\node_modules\firebase-tools\node_modules\winston\node_modules\readable-stream\lib\_stream_readable.js:629:20)
[error] 
[error] Error: An unexpected error has occurred.
[debug] [2026-08-31T20:17:07.392Z] Error: EPIPE: broken pipe, write
    at Socket._write (node:internal/net:75:18)
    at writeOrBuffer (node:internal/streams/writable:570:12)
    at _write (node:internal/streams/writable:499:10)
    at Writable.write (node:internal/streams/writable:508:10)
    at Console.log (C:\Users\xioas\AppData\Roaming\npm\node_modules\firebase-tools\node_modules\winston\lib\winston\transports\console.js:87:23)
    at Console._write (C:\Users\xioas\AppData\Roaming\npm\node_modules\firebase-tools\node_modules\winston-transport\modern.js:103:17)
    at doWrite (C:\Users\xioas\AppData\Roaming\npm\node_modules\firebase-tools\node_modules\winston-transport\node_modules\readable-stream\lib\_stream_writable.js:390:139)
    at writeOrBuffer (C:\Users\xioas\AppData\Roaming\npm\node_modules\firebase-tools\node_modules\winston-transport\node_modules\readable-stream\lib\_stream_writable.js:381:5)
    at Writable.write (C:\Users\xioas\AppData\Roaming\npm\node_modules\firebase-tools\node_modules\winston-transport\node_modules\readable-stream\lib\_stream_writable.js:302:11)
    at DerivedLogger.ondata (C:\Users\xioas\AppData\Roaming\npm\node_modules\firebase-tools\node_modules\winston\node_modules\readable-stream\lib\_stream_readable.js:629:20)
[error] 
[error] Error: An unexpected error has occurred.
[debug] [2026-08-31T20:17:07.393Z] Error: EPIPE: broken pipe, write
    at Socket._write (node:internal/net:75:18)
    at writeOrBuffer (node:internal/streams/writable:570:12)
    at _write (node:internal/streams/writable:499:10)
    at Writable.write (node:internal/streams/writable:508:10)
    at Console.log (C:\Users\xioas\AppData\Roaming\npm\node_modules\firebase-tools\node_modules\winston\lib\winston\transports\console.js:87:23)
    at Console._write (C:\Users\xioas\AppData\Roaming\npm\node_modules\firebase-tools\node_modules\winston-transport\modern.js:103:17)
    at doWrite (C:\Users\xioas\AppData\Roaming\npm\node_modules\firebase-tools\node_modules\winston-transport\node_modules\readable-stream\lib\_stream_writable.js:390:139)
    at writeOrBuffer (C:\Users\xioas\AppData\Roaming\npm\node_modules\firebase-tools\node_modules\winston-transport\node_modules\readable-stream\lib\_stream_writable.js:381:5)
    at Writable.write (C:\Users\xioas\AppData\Roaming\npm\node_modules\firebase-tools\node_modules\winston-transport\node_modules\readable-stream\lib\_stream_writable.js:302:11)
    at DerivedLogger.ondata (C:\Users\xioas\AppData\Roaming\npm\node_modules\firebase-tools\node_modules\winston\node_modules\readable-stream\lib\_stream_readable.js:629:20)
[error] 
[error] Error: An unexpected error has occurred.
[debug] [2026-08-31T20:17:07.393Z] Error: EPIPE: broken pipe, write
    at Socket._write (node:internal/net:75:18)
    at writeOrBuffer (node:internal/streams/writable:570:12)
    at _write (node:internal/streams/writable:499:10)
    at Writable.write (node:internal/streams/writable:508:10)
    at Console.log (C:\Users\xioas\AppData\Roaming\npm\node_modules\firebase-tools\node_modules\winston\lib\winston\transports\console.js:87:23)
    at Console._write (C:\Users\xioas\AppData\Roaming\npm\node_modules\firebase-tools\node_modules\winston-transport\modern.js:103:17)
    at doWrite (C:\Users\xioas\AppData\Roaming\npm\node_modules\firebase-tools\node_modules\winston-transport\node_modules\readable-stream\lib\_stream_writable.js:390:139)
    at writeOrBuffer (C:\Users\xioas\AppData\Roaming\npm\node_modules\firebase-tools\node_modules\winston-transport\node_modules\readable-stream\lib\_stream_writable.js:381:5)
    at Writable.write (C:\Users\xioas\AppData\Roaming\npm\node_modules\firebase-tools\node_modules\winston-transport\node_modules\readable-stream\lib\_stream_writable.js:302:11)
    at DerivedLogger.ondata (C:\Users\xioas\AppData\Roaming\npm\node_modules\firebase-tools\node_modules\winston\node_modules\readable-stream\lib\_stream_readable.js:629:20)
[error] 
[error] Error: An unexpected error has occurred.
[debug] [2026-08-31T20:17:07.394Z] Error: EPIPE: broken pipe, write
    at Socket._write (node:internal/net:75:18)
    at writeOrBuffer (node:internal/streams/writable:570:12)
    at _write (node:internal/streams/writable:499:10)
    at Writable.write (node:internal/streams/writable:508:10)
    at Console.log (C:\Users\xioas\AppData\Roaming\npm\node_modules\firebase-tools\node_modules\winston\lib\winston\transports\console.js:87:23)
    at Console._write (C:\Users\xioas\AppData\Roaming\npm\node_modules\firebase-tools\node_modules\winston-transport\modern.js:103:17)
    at doWrite (C:\Users\xioas\AppData\Roaming\npm\node_modules\firebase-tools\node_modules\winston-transport\node_modules\readable-stream\lib\_stream_writable.js:390:139)
    at writeOrBuffer (C:\Users\xioas\AppData\Roaming\npm\node_modules\firebase-tools\node_modules\winston-transport\node_modules\readable-stream\lib\_stream_writable.js:381:5)
    at Writable.write (C:\Users\xioas\AppData\Roaming\npm\node_modules\firebase-tools\node_modules\winston-transport\node_modules\readable-stream\lib\_stream_writable.js:302:11)
    at DerivedLogger.ondata (C:\Users\xioas\AppData\Roaming\npm\node_modules\firebase-tools\node_modules\winston\node_modules\readable-stream\lib\_stream_readable.js:629:20)
[error] 
[error] Error: An unexpected error has occurred.
[debug] [2026-08-31T20:17:07.394Z] Error: EPIPE: broken pipe, write
    at Socket._write (node:internal/net:75:18)
    at writeOrBuffer (node:internal/streams/writable:570:12)
    at _write (node:internal/streams/writable:499:10)
    at Writable.write (node:internal/streams/writable:508:10)
    at Console.log (C:\Users\xioas\AppData\Roaming\npm\node_modules\firebase-tools\node_modules\winston\lib\winston\transports\console.js:87:23)
    at Console._write (C:\Users\xioas\AppData\Roaming\npm\node_modules\firebase-tools\node_modules\winston-transport\modern.js:103:17)
    at doWrite (C:\Users\xioas\AppData\Roaming\npm\node_modules\firebase-tools\node_modules\winston-transport\node_modules\readable-stream\lib\_stream_writable.js:390:139)
    at writeOrBuffer (C:\Users\xioas\AppData\Roaming\npm\node_modules\firebase-tools\node_modules\winston-transport\node_modules\readable-stream\lib\_stream_writable.js:381:5)
    at Writable.write (C:\Users\xioas\AppData\Roaming\npm\node_modules\firebase-tools\node_modules\winston-transport\node_modules\readable-stream\lib\_stream_writable.js:302:11)
    at DerivedLogger.ondata (C:\Users\xioas\AppData\Roaming\npm\node_modules\firebase-tools\node_modules\winston\node_modules\readable-stream\lib\_stream_readable.js:629:20)
[error] 
[error] Error: An unexpected error has occurred.
[debug] [2026-08-31T20:17:07.395Z] Error: EPIPE: broken pipe, write
    at Socket._write (node:internal/net:75:18)
    at writeOrBuffer (node:internal/streams/writable:570:12)
    at _write (node:internal/streams/writable:499:10)
    at Writable.write (node:internal/streams/writable:508:10)
    at Console.log (C:\Users\xioas\AppData\Roaming\npm\node_modules\firebase-tools\node_modules\winston\lib\winston\transports\console.js:87:23)
    at Console._write (C:\Users\xioas\AppData\Roaming\npm\node_modules\firebase-tools\node_modules\winston-transport\modern.js:103:17)
    at doWrite (C:\Users\xioas\AppData\Roaming\npm\node_modules\firebase-tools\node_modules\winston-transport\node_modules\readable-stream\lib\_stream_writable.js:390:139)
    at writeOrBuffer (C:\Users\xioas\AppData\Roaming\npm\node_modules\firebase-tools\node_modules\winston-transport\node_modules\readable-stream\lib\_stream_writable.js:381:5)
    at Writable.write (C:\Users\xioas\AppData\Roaming\npm\node_modules\firebase-tools\node_modules\winston-transport\node_modules\readable-stream\lib\_stream_writable.js:302:11)
    at DerivedLogger.ondata (C:\Users\xioas\AppData\Roaming\npm\node_modules\firebase-tools\node_modules\winston\node_modules\readable-stream\lib\_stream_readable.js:629:20)
[error] 
[error] Error: An unexpected error has occurred.
[debug] [2026-08-31T20:17:07.395Z] Error: EPIPE: broken pipe, write
    at Socket._write (node:internal/net:75:18)
    at writeOrBuffer (node:internal/streams/writable:570:12)
    at _write (node:internal/streams/writable:499:10)
    at Writable.write (node:internal/streams/writable:508:10)
    at Console.log (C:\Users\xioas\AppData\Roaming\npm\node_modules\firebase-tools\node_modules\winston\lib\winston\transports\console.js:87:23)
    at Console._write (C:\Users\xioas\AppData\Roaming\npm\node_modules\firebase-tools\node_modules\winston-transport\modern.js:103:17)
    at doWrite (C:\Users\xioas\AppData\Roaming\npm\node_modules\firebase-tools\node_modules\winston-transport\node_modules\readable-stream\lib\_stream_writable.js:390:139)
    at writeOrBuffer (C:\Users\xioas\AppData\Roaming\npm\node_modules\firebase-tools\node_modules\winston-transport\node_modules\readable-stream\lib\_stream_writable.js:381:5)
    at Writable.write (C:\Users\xioas\AppData\Roaming\npm\node_modules\firebase-tools\node_modules\winston-transport\node_modules\readable-stream\lib\_stream_writable.js:302:11)
    at DerivedLogger.ondata (C:\Users\xioas\AppData\Roaming\npm\node_modules\firebase-tools\node_modules\winston\node_modules\readable-stream\lib\_stream_readable.js:629:20)
[error] 
[error] Error: An unexpected error has occurred.
[debug] [2026-08-31T20:17:07.396Z] Error: EPIPE: broken pipe, write
    at Socket._write (node:internal/net:75:18)
    at writeOrBuffer (node:internal/streams/writable:570:12)
    at _write (node:internal/streams/writable:499:10)
    at Writable.write (node:internal/streams/writable:508:10)
    at Console.log (C:\Users\xioas\AppData\Roaming\npm\node_modules\firebase-tools\node_modules\winston\lib\winston\transports\console.js:87:23)
    at Console._write (C:\Users\xioas\AppData\Roaming\npm\node_modules\firebase-tools\node_modules\winston-transport\modern.js:103:17)
    at doWrite (C:\Users\xioas\AppData\Roaming\npm\node_modules\firebase-tools\node_modules\winston-transport\node_modules\readable-stream\lib\_stream_writable.js:390:139)
    at writeOrBuffer (C:\Users\xioas\AppData\Roaming\npm\node_modules\firebase-tools\node_modules\winston-transport\node_modules\readable-stream\lib\_stream_writable.js:381:5)
    at Writable.write (C:\Users\xioas\AppData\Roaming\npm\node_modules\firebase-tools\node_modules\winston-transport\node_modules\readable-stream\lib\_stream_writable.js:302:11)
    at DerivedLogger.ondata (C:\Users\xioas\AppData\Roaming\npm\node_modules\firebase-tools\node_modules\winston\node_modules\readable-stream\lib\_stream_readable.js:629:20)
[error] 
[error] Error: An unexpected error has occurred.
[debug] [2026-08-31T20:17:07.397Z] Error: EPIPE: broken pipe, write
    at Socket._write (node:internal/net:75:18)
    at writeOrBuffer (node:internal/streams/writable:570:12)
    at _write (node:internal/streams/writable:499:10)
    at Writable.write (node:internal/streams/writable:508:10)
    at Console.log (C:\Users\xioas\AppData\Roaming\npm\node_modules\firebase-tools\node_modules\winston\lib\winston\transports\console.js:87:23)
    at Console._write (C:\Users\xioas\AppData\Roaming\npm\node_modules\firebase-tools\node_modules\winston-transport\modern.js:103:17)
    at doWrite (C:\Users\xioas\AppData\Roaming\npm\node_modules\firebase-tools\node_modules\winston-transport\node_modules\readable-stream\lib\_stream_writable.js:390:139)
    at writeOrBuffer (C:\Users\xioas\AppData\Roaming\npm\node_modules\firebase-tools\node_modules\winston-transport\node_modules\readable-stream\lib\_stream_writable.js:381:5)
    at Writable.write (C:\Users\xioas\AppData\Roaming\npm\node_modules\firebase-tools\node_modules\winston-transport\node_modules\readable-stream\lib\_stream_writable.js:302:11)
    at DerivedLogger.ondata (C:\Users\xioas\AppData\Roaming\npm\node_modules\firebase-tools\node_modules\winston\node_modules\readable-stream\lib\_stream_readable.js:629:20)
[error] 
[error] Error: An unexpected error has occurred.
[debug] [2026-08-31T20:17:07.397Z] Error: EPIPE: broken pipe, write
    at Socket._write (node:internal/net:75:18)
    at writeOrBuffer (node:internal/streams/writable:570:12)
    at _write (node:internal/streams/writable:499:10)
    at Writable.write (node:internal/streams/writable:508:10)
    at Console.log (C:\Users\xioas\AppData\Roaming\npm\node_modules\firebase-tools\node_modules\winston\lib\winston\transports\console.js:87:23)
    at Console._write (C:\Users\xioas\AppData\Roaming\npm\node_modules\firebase-tools\node_modules\winston-transport\modern.js:103:17)
    at doWrite (C:\Users\xioas\AppData\Roaming\npm\node_modules\firebase-tools\node_modules\winston-transport\node_modules\readable-stream\lib\_stream_writable.js:390:139)
    at writeOrBuffer (C:\Users\xioas\AppData\Roaming\npm\node_modules\firebase-tools\node_modules\winston-transport\node_modules\readable-stream\lib\_stream_writable.js:381:5)
    at Writable.write (C:\Users\xioas\AppData\Roaming\npm\node_modules\firebase-tools\node_modules\winston-transport\node_modules\readable-stream\lib\_stream_writable.js:302:11)
    at DerivedLogger.ondata (C:\Users\xioas\AppData\Roaming\npm\node_modules\firebase-tools\node_modules\winston\node_modules\readable-stream\lib\_stream_readable.js:629:20)
[error] 
[error] Error: An unexpected error has occurred.
[debug] [2026-08-31T20:17:07.397Z] Error: EPIPE: broken pipe, write
    at Socket._write (node:internal/net:75:18)
    at writeOrBuffer (node:internal/streams/writable:570:12)
    at _write (node:internal/streams/writable:499:10)
    at Writable.write (node:internal/streams/writable:508:10)
    at Console.log (C:\Users\xioas\AppData\Roaming\npm\node_modules\firebase-tools\node_modules\winston\lib\winston\transports\console.js:87:23)
    at Console._write (C:\Users\xioas\AppData\Roaming\npm\node_modules\firebase-tools\node_modules\winston-transport\modern.js:103:17)
    at doWrite (C:\Users\xioas\AppData\Roaming\npm\node_modules\firebase-tools\node_modules\winston-transport\node_modules\readable-stream\lib\_stream_writable.js:390:139)
    at writeOrBuffer (C:\Users\xioas\AppData\Roaming\npm\node_modules\firebase-tools\node_modules\winston-transport\node_modules\readable-stream\lib\_stream_writable.js:381:5)
    at Writable.write (C:\Users\xioas\AppData\Roaming\npm\node_modules\firebase-tools\node_modules\winston-transport\node_modules\readable-stream\lib\_stream_writable.js:302:11)
    at DerivedLogger.ondata (C:\Users\xioas\AppData\Roaming\npm\node_modules\firebase-tools\node_modules\winston\node_modules\readable-stream\lib\_stream_readable.js:629:20)
[error] 
[error] Error: An unexpected error has occurred.
[debug] [2026-08-31T20:17:07.398Z] Error: EPIPE: broken pipe, write
    at Socket._write (node:internal/net:75:18)
    at writeOrBuffer (node:internal/streams/writable:570:12)
    at _write (node:internal/streams/writable:499:10)
    at Writable.write (node:internal/streams/writable:508:10)
    at Console.log (C:\Users\xioas\AppData\Roaming\npm\node_modules\firebase-tools\node_modules\winston\lib\winston\transports\console.js:87:23)
    at Console._write (C:\Users\xioas\AppData\Roaming\npm\node_modules\firebase-tools\node_modules\winston-transport\modern.js:103:17)
    at doWrite (C:\Users\xioas\AppData\Roaming\npm\node_modules\firebase-tools\node_modules\winston-transport\node_modules\readable-stream\lib\_stream_writable.js:390:139)
    at writeOrBuffer (C:\Users\xioas\AppData\Roaming\npm\node_modules\firebase-tools\node_modules\winston-transport\node_modules\readable-stream\lib\_stream_writable.js:381:5)
    at Writable.write (C:\Users\xioas\AppData\Roaming\npm\node_modules\firebase-tools\node_modules\winston-transport\node_modules\readable-stream\lib\_stream_writable.js:302:11)
    at DerivedLogger.ondata (C:\Users\xioas\AppData\Roaming\npm\node_modules\firebase-tools\node_modules\winston\node_modules\readable-stream\lib\_stream_readable.js:629:20)
[error] 
[error] Error: An unexpected error has occurred.
[debug] [2026-08-31T20:17:07.400Z] Error: EPIPE: broken pipe, write
    at Socket._write (node:internal/net:75:18)
    at writeOrBuffer (node:internal/streams/writable:570:12)
    at _write (node:internal/streams/writable:499:10)
    at Writable.write (node:internal/streams/writable:508:10)
    at Console.log (C:\Users\xioas\AppData\Roaming\npm\node_modules\firebase-tools\node_modules\winston\lib\winston\transports\console.js:87:23)
    at Console._write (C:\Users\xioas\AppData\Roaming\npm\node_modules\firebase-tools\node_modules\winston-transport\modern.js:103:17)
    at doWrite (C:\Users\xioas\AppData\Roaming\npm\node_modules\firebase-tools\node_modules\winston-transport\node_modules\readable-stream\lib\_stream_writable.js:390:139)
    at writeOrBuffer (C:\Users\xioas\AppData\Roaming\npm\node_modules\firebase-tools\node_modules\winston-transport\node_modules\readable-stream\lib\_stream_writable.js:381:5)
    at Writable.write (C:\Users\xioas\AppData\Roaming\npm\node_modules\firebase-tools\node_modules\winston-transport\node_modules\readable-stream\lib\_stream_writable.js:302:11)
    at DerivedLogger.ondata (C:\Users\xioas\AppData\Roaming\npm\node_modules\firebase-tools\node_modules\winston\node_modules\readable-stream\lib\_stream_readable.js:629:20)
[error] 
[error] Error: An unexpected error has occurred.
[debug] [2026-08-31T20:17:07.400Z] Error: EPIPE: broken pipe, write
    at Socket._write (node:internal/net:75:18)
    at writeOrBuffer (node:internal/streams/writable:570:12)
    at _write (node:internal/streams/writable:499:10)
    at Writable.write (node:internal/streams/writable:508:10)
    at Console.log (C:\Users\xioas\AppData\Roaming\npm\node_modules\firebase-tools\node_modules\winston\lib\winston\transports\console.js:87:23)
    at Console._write (C:\Users\xioas\AppData\Roaming\npm\node_modules\firebase-tools\node_modules\winston-transport\modern.js:103:17)
    at doWrite (C:\Users\xioas\AppData\Roaming\npm\node_modules\firebase-tools\node_modules\winston-transport\node_modules\readable-stream\lib\_stream_writable.js:390:139)
    at writeOrBuffer (C:\Users\xioas\AppData\Roaming\npm\node_modules\firebase-tools\node_modules\winston-transport\node_modules\readable-stream\lib\_stream_writable.js:381:5)
    at Writable.write (C:\Users\xioas\AppData\Roaming\npm\node_modules\firebase-tools\node_modules\winston-transport\node_modules\readable-stream\lib\_stream_writable.js:302:11)
    at DerivedLogger.ondata (C:\Users\xioas\AppData\Roaming\npm\node_modules\firebase-tools\node_modules\winston\node_modules\readable-stream\lib\_stream_readable.js:629:20)
[error] 
[error] Error: An unexpected error has occurred.
[debug] [2026-08-31T20:17:07.401Z] Error: EPIPE: broken pipe, write
    at Socket._write (node:internal/net:75:18)
    at writeOrBuffer (node:internal/streams/writable:570:12)
    at _write (node:internal/streams/writable:499:10)
    at Writable.write (node:internal/streams/writable:508:10)
    at Console.log (C:\Users\xioas\AppData\Roaming\npm\node_modules\firebase-tools\node_modules\winston\lib\winston\transports\console.js:87:23)
    at Console._write (C:\Users\xioas\AppData\Roaming\npm\node_modules\firebase-tools\node_modules\winston-transport\modern.js:103:17)
    at doWrite (C:\Users\xioas\AppData\Roaming\npm\node_modules\firebase-tools\node_modules\winston-transport\node_modules\readable-stream\lib\_stream_writable.js:390:139)
    at writeOrBuffer (C:\Users\xioas\AppData\Roaming\npm\node_modules\firebase-tools\node_modules\winston-transport\node_modules\readable-stream\lib\_stream_writable.js:381:5)
    at Writable.write (C:\Users\xioas\AppData\Roaming\npm\node_modules\firebase-tools\node_modules\winston-transport\node_modules\readable-stream\lib\_stream_writable.js:302:11)
    at DerivedLogger.ondata (C:\Users\xioas\AppData\Roaming\npm\node_modules\firebase-tools\node_modules\winston\node_modules\readable-stream\lib\_stream_readable.js:629:20)
[error] 
[error] Error: An unexpected error has occurred.
[debug] [2026-08-31T20:17:07.401Z] Error: EPIPE: broken pipe, write
    at Socket._write (node:internal/net:75:18)
    at writeOrBuffer (node:internal/streams/writable:570:12)
    at _write (node:internal/streams/writable:499:10)
    at Writable.write (node:internal/streams/writable:508:10)
    at Console.log (C:\Users\xioas\AppData\Roaming\npm\node_modules\firebase-tools\node_modules\winston\lib\winston\transports\console.js:87:23)
    at Console._write (C:\Users\xioas\AppData\Roaming\npm\node_modules\firebase-tools\node_modules\winston-transport\modern.js:103:17)
    at doWrite (C:\Users\xioas\AppData\Roaming\npm\node_modules\firebase-tools\node_modules\winston-transport\node_modules\readable-stream\lib\_stream_writable.js:390:139)
    at writeOrBuffer (C:\Users\xioas\AppData\Roaming\npm\node_modules\firebase-tools\node_modules\winston-transport\node_modules\readable-stream\lib\_stream_writable.js:381:5)
    at Writable.write (C:\Users\xioas\AppData\Roaming\npm\node_modules\firebase-tools\node_modules\winston-transport\node_modules\readable-stream\lib\_stream_writable.js:302:11)
    at DerivedLogger.ondata (C:\Users\xioas\AppData\Roaming\npm\node_modules\firebase-tools\node_modules\winston\node_modules\readable-stream\lib\_stream_readable.js:629:20)
[error] 
[error] Error: An unexpected error has occurred.
[debug] [2026-08-31T20:17:07.402Z] Error: EPIPE: broken pipe, write
    at Socket._write (node:internal/net:75:18)
    at writeOrBuffer (node:internal/streams/writable:570:12)
    at _write (node:internal/streams/writable:499:10)
    at Writable.write (node:internal/streams/writable:508:10)
    at Console.log (C:\Users\xioas\AppData\Roaming\npm\node_modules\firebase-tools\node_modules\winston\lib\winston\transports\console.js:87:23)
    at Console._write (C:\Users\xioas\AppData\Roaming\npm\node_modules\firebase-tools\node_modules\winston-transport\modern.js:103:17)
    at doWrite (C:\Users\xioas\AppData\Roaming\npm\node_modules\firebase-tools\node_modules\winston-transport\node_modules\readable-stream\lib\_stream_writable.js:390:139)
    at writeOrBuffer (C:\Users\xioas\AppData\Roaming\npm\node_modules\firebase-tools\node_modules\winston-transport\node_modules\readable-stream\lib\_stream_writable.js:381:5)
    at Writable.write (C:\Users\xioas\AppData\Roaming\npm\node_modules\firebase-tools\node_modules\winston-transport\node_modules\readable-stream\lib\_stream_writable.js:302:11)
    at DerivedLogger.ondata (C:\Users\xioas\AppData\Roaming\npm\node_modules\firebase-tools\node_modules\winston\node_modules\readable-stream\lib\_stream_readable.js:629:20)
[error] 
[error] Error: An unexpected error has occurred.
[debug] [2026-08-31T20:17:07.402Z] Error: EPIPE: broken pipe, write
    at Socket._write (node:internal/net:75:18)
    at writeOrBuffer (node:internal/streams/writable:570:12)
    at _write (node:internal/streams/writable:499:10)
    at Writable.write (node:internal/streams/writable:508:10)
    at Console.log (C:\Users\xioas\AppData\Roaming\npm\node_modules\firebase-tools\node_modules\winston\lib\winston\transports\console.js:87:23)
    at Console._write (C:\Users\xioas\AppData\Roaming\npm\node_modules\firebase-tools\node_modules\winston-transport\modern.js:103:17)
    at doWrite (C:\Users\xioas\AppData\Roaming\npm\node_modules\firebase-tools\node_modules\winston-transport\node_modules\readable-stream\lib\_stream_writable.js:390:139)
    at writeOrBuffer (C:\Users\xioas\AppData\Roaming\npm\node_modules\firebase-tools\node_modules\winston-transport\node_modules\readable-stream\lib\_stream_writable.js:381:5)
    at Writable.write (C:\Users\xioas\AppData\Roaming\npm\node_modules\firebase-tools\node_modules\winston-transport\node_modules\readable-stream\lib\_stream_writable.js:302:11)
    at DerivedLogger.ondata (C:\Users\xioas\AppData\Roaming\npm\node_modules\firebase-tools\node_modules\winston\node_modules\readable-stream\lib\_stream_readable.js:629:20)
[error] 
[error] Error: An unexpected error has occurred.
[debug] [2026-08-31T20:17:07.402Z] Error: EPIPE: broken pipe, write
    at Socket._write (node:internal/net:75:18)
    at writeOrBuffer (node:internal/streams/writable:570:12)
    at _write (node:internal/streams/writable:499:10)
    at Writable.write (node:internal/streams/writable:508:10)
    at Console.log (C:\Users\xioas\AppData\Roaming\npm\node_modules\firebase-tools\node_modules\winston\lib\winston\transports\console.js:87:23)
    at Console._write (C:\Users\xioas\AppData\Roaming\npm\node_modules\firebase-tools\node_modules\winston-transport\modern.js:103:17)
    at doWrite (C:\Users\xioas\AppData\Roaming\npm\node_modules\firebase-tools\node_modules\winston-transport\node_modules\readable-stream\lib\_stream_writable.js:390:139)
    at writeOrBuffer (C:\Users\xioas\AppData\Roaming\npm\node_modules\firebase-tools\node_modules\winston-transport\node_modules\readable-stream\lib\_stream_writable.js:381:5)
    at Writable.write (C:\Users\xioas\AppData\Roaming\npm\node_modules\firebase-tools\node_modules\winston-transport\node_modules\readable-stream\lib\_stream_writable.js:302:11)
    at DerivedLogger.ondata (C:\Users\xioas\AppData\Roaming\npm\node_modules\firebase-tools\node_modules\winston\node_modules\readable-stream\lib\_stream_readable.js:629:20)
[error] 
[error] Error: An unexpected error has occurred.
[debug] [2026-08-31T20:17:07.403Z] Error: EPIPE: broken pipe, write
    at Socket._write (node:internal/net:75:18)
    at writeOrBuffer (node:internal/streams/writable:570:12)
    at _write (node:internal/streams/writable:499:10)
    at Writable.write (node:internal/streams/writable:508:10)
    at Console.log (C:\Users\xioas\AppData\Roaming\npm\node_modules\firebase-tools\node_modules\winston\lib\winston\transports\console.js:87:23)
    at Console._write (C:\Users\xioas\AppData\Roaming\npm\node_modules\firebase-tools\node_modules\winston-transport\modern.js:103:17)
    at doWrite (C:\Users\xioas\AppData\Roaming\npm\node_modules\firebase-tools\node_modules\winston-transport\node_modules\readable-stream\lib\_stream_writable.js:390:139)
    at writeOrBuffer (C:\Users\xioas\AppData\Roaming\npm\node_modules\firebase-tools\node_modules\winston-transport\node_modules\readable-stream\lib\_stream_writable.js:381:5)
    at Writable.write (C:\Users\xioas\AppData\Roaming\npm\node_modules\firebase-tools\node_modules\winston-transport\node_modules\readable-stream\lib\_stream_writable.js:302:11)
    at DerivedLogger.ondata (C:\Users\xioas\AppData\Roaming\npm\node_modules\firebase-tools\node_modules\winston\node_modules\readable-stream\lib\_stream_readable.js:629:20)
[error] 
[error] Error: An unexpected error has occurred.
[debug] [2026-08-31T20:17:07.404Z] Error: EPIPE: broken pipe, write
    at Socket._write (node:internal/net:75:18)
    at writeOrBuffer (node:internal/streams/writable:570:12)
    at _write (node:internal/streams/writable:499:10)
    at Writable.write (node:internal/streams/writable:508:10)
    at Console.log (C:\Users\xioas\AppData\Roaming\npm\node_modules\firebase-tools\node_modules\winston\lib\winston\transports\console.js:87:23)
    at Console._write (C:\Users\xioas\AppData\Roaming\npm\node_modules\firebase-tools\node_modules\winston-transport\modern.js:103:17)
    at doWrite (C:\Users\xioas\AppData\Roaming\npm\node_modules\firebase-tools\node_modules\winston-transport\node_modules\readable-stream\lib\_stream_writable.js:390:139)
    at writeOrBuffer (C:\Users\xioas\AppData\Roaming\npm\node_modules\firebase-tools\node_modules\winston-transport\node_modules\readable-stream\lib\_stream_writable.js:381:5)
    at Writable.write (C:\Users\xioas\AppData\Roaming\npm\node_modules\firebase-tools\node_modules\winston-transport\node_modules\readable-stream\lib\_stream_writable.js:302:11)
    at DerivedLogger.ondata (C:\Users\xioas\AppData\Roaming\npm\node_modules\firebase-tools\node_modules\winston\node_modules\readable-stream\lib\_stream_readable.js:629:20)
[error] 
[error] Error: An unexpected error has occurred.
[debug] [2026-08-31T20:17:07.404Z] Error: EPIPE: broken pipe, write
    at Socket._write (node:internal/net:75:18)
    at writeOrBuffer (node:internal/streams/writable:570:12)
    at _write (node:internal/streams/writable:499:10)
    at Writable.write (node:internal/streams/writable:508:10)
    at Console.log (C:\Users\xioas\AppData\Roaming\npm\node_modules\firebase-tools\node_modules\winston\lib\winston\transports\console.js:87:23)
    at Console._write (C:\Users\xioas\AppData\Roaming\npm\node_modules\firebase-tools\node_modules\winston-transport\modern.js:103:17)
    at doWrite (C:\Users\xioas\AppData\Roaming\npm\node_modules\firebase-tools\node_modules\winston-transport\node_modules\readable-stream\lib\_stream_writable.js:390:139)
    at writeOrBuffer (C:\Users\xioas\AppData\Roaming\npm\node_modules\firebase-tools\node_modules\winston-transport\node_modules\readable-stream\lib\_stream_writable.js:381:5)
    at Writable.write (C:\Users\xioas\AppData\Roaming\npm\node_modules\firebase-tools\node_modules\winston-transport\node_modules\readable-stream\lib\_stream_writable.js:302:11)
    at DerivedLogger.ondata (C:\Users\xioas\AppData\Roaming\npm\node_modules\firebase-tools\node_modules\winston\node_modules\readable-stream\lib\_stream_readable.js:629:20)
[error] 
[error] Error: An unexpected error has occurred.
[debug] [2026-08-31T20:17:07.404Z] Error: EPIPE: broken pipe, write
    at Socket._write (node:internal/net:75:18)
    at writeOrBuffer (node:internal/streams/writable:570:12)
    at _write (node:internal/streams/writable:499:10)
    at Writable.write (node:internal/streams/writable:508:10)
    at Console.log (C:\Users\xioas\AppData\Roaming\npm\node_modules\firebase-tools\node_modules\winston\lib\winston\transports\console.js:87:23)
    at Console._write (C:\Users\xioas\AppData\Roaming\npm\node_modules\firebase-tools\node_modules\winston-transport\modern.js:103:17)
    at doWrite (C:\Users\xioas\AppData\Roaming\npm\node_modules\firebase-tools\node_modules\winston-transport\node_modules\readable-stream\lib\_stream_writable.js:390:139)
    at writeOrBuffer (C:\Users\xioas\AppData\Roaming\npm\node_modules\firebase-tools\node_modules\winston-transport\node_modules\readable-stream\lib\_stream_writable.js:381:5)
    at Writable.write (C:\Users\xioas\AppData\Roaming\npm\node_modules\firebase-tools\node_modules\winston-transport\node_modules\readable-stream\lib\_stream_writable.js:302:11)
    at DerivedLogger.ondata (C:\Users\xioas\AppData\Roaming\npm\node_modules\firebase-tools\node_modules\winston\node_modules\readable-stream\lib\_stream_readable.js:629:20)
[error] 
[error] Error: An unexpected error has occurred.
[debug] [2026-08-31T20:17:07.405Z] Error: EPIPE: broken pipe, write
    at Socket._write (node:internal/net:75:18)
    at writeOrBuffer (node:internal/streams/writable:570:12)
    at _write (node:internal/streams/writable:499:10)
    at Writable.write (node:internal/streams/writable:508:10)
    at Console.log (C:\Users\xioas\AppData\Roaming\npm\node_modules\firebase-tools\node_modules\winston\lib\winston\transports\console.js:87:23)
    at Console._write (C:\Users\xioas\AppData\Roaming\npm\node_modules\firebase-tools\node_modules\winston-transport\modern.js:103:17)
    at doWrite (C:\Users\xioas\AppData\Roaming\npm\node_modules\firebase-tools\node_modules\winston-transport\node_modules\readable-stream\lib\_stream_writable.js:390:139)
    at writeOrBuffer (C:\Users\xioas\AppData\Roaming\npm\node_modules\firebase-tools\node_modules\winston-transport\node_modules\readable-stream\lib\_stream_writable.js:381:5)
    at Writable.write (C:\Users\xioas\AppData\Roaming\npm\node_modules\firebase-tools\node_modules\winston-transport\node_modules\readable-stream\lib\_stream_writable.js:302:11)
    at DerivedLogger.ondata (C:\Users\xioas\AppData\Roaming\npm\node_modules\firebase-tools\node_modules\winston\node_modules\readable-stream\lib\_stream_readable.js:629:20)
[error] 
[error] Error: An unexpected error has occurred.
[debug] [2026-08-31T20:17:07.405Z] Error: EPIPE: broken pipe, write
    at Socket._write (node:internal/net:75:18)
    at writeOrBuffer (node:internal/streams/writable:570:12)
    at _write (node:internal/streams/writable:499:10)
    at Writable.write (node:internal/streams/writable:508:10)
    at Console.log (C:\Users\xioas\AppData\Roaming\npm\node_modules\firebase-tools\node_modules\winston\lib\winston\transports\console.js:87:23)
    at Console._write (C:\Users\xioas\AppData\Roaming\npm\node_modules\firebase-tools\node_modules\winston-transport\modern.js:103:17)
    at doWrite (C:\Users\xioas\AppData\Roaming\npm\node_modules\firebase-tools\node_modules\winston-transport\node_modules\readable-stream\lib\_stream_writable.js:390:139)
    at writeOrBuffer (C:\Users\xioas\AppData\Roaming\npm\node_modules\firebase-tools\node_modules\winston-transport\node_modules\readable-stream\lib\_stream_writable.js:381:5)
    at Writable.write (C:\Users\xioas\AppData\Roaming\npm\node_modules\firebase-tools\node_modules\winston-transport\node_modules\readable-stream\lib\_stream_writable.js:302:11)
    at DerivedLogger.ondata (C:\Users\xioas\AppData\Roaming\npm\node_modules\firebase-tools\node_modules\winston\node_modules\readable-stream\lib\_stream_readable.js:629:20)
[error] 
[error] Error: An unexpected error has occurred.
[debug] [2026-08-31T20:17:07.405Z] Error: EPIPE: broken pipe, write
    at Socket._write (node:internal/net:75:18)
    at writeOrBuffer (node:internal/streams/writable:570:12)
    at _write (node:internal/streams/writable:499:10)
    at Writable.write (node:internal/streams/writable:508:10)
    at Console.log (C:\Users\xioas\AppData\Roaming\npm\node_modules\firebase-tools\node_modules\winston\lib\winston\transports\console.js:87:23)
    at Console._write (C:\Users\xioas\AppData\Roaming\npm\node_modules\firebase-tools\node_modules\winston-transport\modern.js:103:17)
    at doWrite (C:\Users\xioas\AppData\Roaming\npm\node_modules\firebase-tools\node_modules\winston-transport\node_modules\readable-stream\lib\_stream_writable.js:390:139)
    at writeOrBuffer (C:\Users\xioas\AppData\Roaming\npm\node_modules\firebase-tools\node_modules\winston-transport\node_modules\readable-stream\lib\_stream_writable.js:381:5)
    at Writable.write (C:\Users\xioas\AppData\Roaming\npm\node_modules\firebase-tools\node_modules\winston-transport\node_modules\readable-stream\lib\_stream_writable.js:302:11)
    at DerivedLogger.ondata (C:\Users\xioas\AppData\Roaming\npm\node_modules\firebase-tools\node_modules\winston\node_modules\readable-stream\lib\_stream_readable.js:629:20)
[error] 
[error] Error: An unexpected error has occurred.
[debug] [2026-08-31T20:17:07.406Z] Error: EPIPE: broken pipe, write
    at Socket._write (node:internal/net:75:18)
    at writeOrBuffer (node:internal/streams/writable:570:12)
    at _write (node:internal/streams/writable:499:10)
    at Writable.write (node:internal/streams/writable:508:10)
    at Console.log (C:\Users\xioas\AppData\Roaming\npm\node_modules\firebase-tools\node_modules\winston\lib\winston\transports\console.js:87:23)
    at Console._write (C:\Users\xioas\AppData\Roaming\npm\node_modules\firebase-tools\node_modules\winston-transport\modern.js:103:17)
    at doWrite (C:\Users\xioas\AppData\Roaming\npm\node_modules\firebase-tools\node_modules\winston-transport\node_modules\readable-stream\lib\_stream_writable.js:390:139)
    at writeOrBuffer (C:\Users\xioas\AppData\Roaming\npm\node_modules\firebase-tools\node_modules\winston-transport\node_modules\readable-stream\lib\_stream_writable.js:381:5)
    at Writable.write (C:\Users\xioas\AppData\Roaming\npm\node_modules\firebase-tools\node_modules\winston-transport\node_modules\readable-stream\lib\_stream_writable.js:302:11)
    at DerivedLogger.ondata (C:\Users\xioas\AppData\Roaming\npm\node_modules\firebase-tools\node_modules\winston\node_modules\readable-stream\lib\_stream_readable.js:629:20)
[error] 
[error] Error: An unexpected error has occurred.
[debug] [2026-08-31T20:17:07.406Z] Error: EPIPE: broken pipe, write
    at Socket._write (node:internal/net:75:18)
    at writeOrBuffer (node:internal/streams/writable:570:12)
    at _write (node:internal/streams/writable:499:10)
    at Writable.write (node:internal/streams/writable:508:10)
    at Console.log (C:\Users\xioas\AppData\Roaming\npm\node_modules\firebase-tools\node_modules\winston\lib\winston\transports\console.js:87:23)
    at Console._write (C:\Users\xioas\AppData\Roaming\npm\node_modules\firebase-tools\node_modules\winston-transport\modern.js:103:17)
    at doWrite (C:\Users\xioas\AppData\Roaming\npm\node_modules\firebase-tools\node_modules\winston-transport\node_modules\readable-stream\lib\_stream_writable.js:390:139)
    at writeOrBuffer (C:\Users\xioas\AppData\Roaming\npm\node_modules\firebase-tools\node_modules\winston-transport\node_modules\readable-stream\lib\_stream_writable.js:381:5)
    at Writable.write (C:\Users\xioas\AppData\Roaming\npm\node_modules\firebase-tools\node_modules\winston-transport\node_modules\readable-stream\lib\_stream_writable.js:302:11)
    at DerivedLogger.ondata (C:\Users\xioas\AppData\Roaming\npm\node_modules\firebase-tools\node_modules\winston\node_modules\readable-stream\lib\_stream_readable.js:629:20)
[error] 
[error] Error: An unexpected error has occurred.
[debug] [2026-08-31T20:17:07.406Z] Error: EPIPE: broken pipe, write
    at Socket._write (node:internal/net:75:18)
    at writeOrBuffer (node:internal/streams/writable:570:12)
    at _write (node:internal/streams/writable:499:10)
    at Writable.write (node:internal/streams/writable:508:10)
    at Console.log (C:\Users\xioas\AppData\Roaming\npm\node_modules\firebase-tools\node_modules\winston\lib\winston\transports\console.js:87:23)
    at Console._write (C:\Users\xioas\AppData\Roaming\npm\node_modules\firebase-tools\node_modules\winston-transport\modern.js:103:17)
    at doWrite (C:\Users\xioas\AppData\Roaming\npm\node_modules\firebase-tools\node_modules\winston-transport\node_modules\readable-stream\lib\_stream_writable.js:390:139)
    at writeOrBuffer (C:\Users\xioas\AppData\Roaming\npm\node_modules\firebase-tools\node_modules\winston-transport\node_modules\readable-stream\lib\_stream_writable.js:381:5)
    at Writable.write (C:\Users\xioas\AppData\Roaming\npm\node_modules\firebase-tools\node_modules\winston-transport\node_modules\readable-stream\lib\_stream_writable.js:302:11)
    at DerivedLogger.ondata (C:\Users\xioas\AppData\Roaming\npm\node_modules\firebase-tools\node_modules\winston\node_modules\readable-stream\lib\_stream_readable.js:629:20)
[error] 
[error] Error: An unexpected error has occurred.
[debug] [2026-08-31T20:17:07.406Z] Error: EPIPE: broken pipe, write
    at Socket._write (node:internal/net:75:18)
    at writeOrBuffer (node:internal/streams/writable:570:12)
    at _write (node:internal/streams/writable:499:10)
    at Writable.write (node:internal/streams/writable:508:10)
    at Console.log (C:\Users\xioas\AppData\Roaming\npm\node_modules\firebase-tools\node_modules\winston\lib\winston\transports\console.js:87:23)
    at Console._write (C:\Users\xioas\AppData\Roaming\npm\node_modules\firebase-tools\node_modules\winston-transport\modern.js:103:17)
    at doWrite (C:\Users\xioas\AppData\Roaming\npm\node_modules\firebase-tools\node_modules\winston-transport\node_modules\readable-stream\lib\_stream_writable.js:390:139)
    at writeOrBuffer (C:\Users\xioas\AppData\Roaming\npm\node_modules\firebase-tools\node_modules\winston-transport\node_modules\readable-stream\lib\_stream_writable.js:381:5)
    at Writable.write (C:\Users\xioas\AppData\Roaming\npm\node_modules\firebase-tools\node_modules\winston-transport\node_modules\readable-stream\lib\_stream_writable.js:302:11)
    at DerivedLogger.ondata (C:\Users\xioas\AppData\Roaming\npm\node_modules\firebase-tools\node_modules\winston\node_modules\readable-stream\lib\_stream_readable.js:629:20)
[error] 
[error] Error: An unexpected error has occurred.
[debug] [2026-08-31T20:17:07.406Z] Error: EPIPE: broken pipe, write
    at Socket._write (node:internal/net:75:18)
    at writeOrBuffer (node:internal/streams/writable:570:12)
    at _write (node:internal/streams/writable:499:10)
    at Writable.write (node:internal/streams/writable:508:10)
    at Console.log (C:\Users\xioas\AppData\Roaming\npm\node_modules\firebase-tools\node_modules\winston\lib\winston\transports\console.js:87:23)
    at Console._write (C:\Users\xioas\AppData\Roaming\npm\node_modules\firebase-tools\node_modules\winston-transport\modern.js:103:17)
    at doWrite (C:\Users\xioas\AppData\Roaming\npm\node_modules\firebase-tools\node_modules\winston-transport\node_modules\readable-stream\lib\_stream_writable.js:390:139)
    at writeOrBuffer (C:\Users\xioas\AppData\Roaming\npm\node_modules\firebase-tools\node_modules\winston-transport\node_modules\readable-stream\lib\_stream_writable.js:381:5)
    at Writable.write (C:\Users\xioas\AppData\Roaming\npm\node_modules\firebase-tools\node_modules\winston-transport\node_modules\readable-stream\lib\_stream_writable.js:302:11)
    at DerivedLogger.ondata (C:\Users\xioas\AppData\Roaming\npm\node_modules\firebase-tools\node_modules\winston\node_modules\readable-stream\lib\_stream_readable.js:629:20)
[error] 
[error] Error: An unexpected error has occurred.
[debug] [2026-08-31T20:17:07.407Z] Error: EPIPE: broken pipe, write
    at Socket._write (node:internal/net:75:18)
    at writeOrBuffer (node:internal/streams/writable:570:12)
    at _write (node:internal/streams/writable:499:10)
    at Writable.write (node:internal/streams/writable:508:10)
    at Console.log (C:\Users\xioas\AppData\Roaming\npm\node_modules\firebase-tools\node_modules\winston\lib\winston\transports\console.js:87:23)
    at Console._write (C:\Users\xioas\AppData\Roaming\npm\node_modules\firebase-tools\node_modules\winston-transport\modern.js:103:17)
    at doWrite (C:\Users\xioas\AppData\Roaming\npm\node_modules\firebase-tools\node_modules\winston-transport\node_modules\readable-stream\lib\_stream_writable.js:390:139)
    at writeOrBuffer (C:\Users\xioas\AppData\Roaming\npm\node_modules\firebase-tools\node_modules\winston-transport\node_modules\readable-stream\lib\_stream_writable.js:381:5)
    at Writable.write (C:\Users\xioas\AppData\Roaming\npm\node_modules\firebase-tools\node_modules\winston-transport\node_modules\readable-stream\lib\_stream_writable.js:302:11)
    at DerivedLogger.ondata (C:\Users\xioas\AppData\Roaming\npm\node_modules\firebase-tools\node_modules\winston\node_modules\readable-stream\lib\_stream_readable.js:629:20)
[error] 
[error] Error: An unexpected error has occurred.
[debug] [2026-08-31T20:17:07.407Z] Error: EPIPE: broken pipe, write
    at Socket._write (node:internal/net:75:18)
    at writeOrBuffer (node:internal/streams/writable:570:12)
    at _write (node:internal/streams/writable:499:10)
    at Writable.write (node:internal/streams/writable:508:10)
    at Console.log (C:\Users\xioas\AppData\Roaming\npm\node_modules\firebase-tools\node_modules\winston\lib\winston\transports\console.js:87:23)
    at Console._write (C:\Users\xioas\AppData\Roaming\npm\node_modules\firebase-tools\node_modules\winston-transport\modern.js:103:17)
    at doWrite (C:\Users\xioas\AppData\Roaming\npm\node_modules\firebase-tools\node_modules\winston-transport\node_modules\readable-stream\lib\_stream_writable.js:390:139)
    at writeOrBuffer (C:\Users\xioas\AppData\Roaming\npm\node_modules\firebase-tools\node_modules\winston-transport\node_modules\readable-stream\lib\_stream_writable.js:381:5)
    at Writable.write (C:\Users\xioas\AppData\Roaming\npm\node_modules\firebase-tools\node_modules\winston-transport\node_modules\readable-stream\lib\_stream_writable.js:302:11)
    at DerivedLogger.ondata (C:\Users\xioas\AppData\Roaming\npm\node_modules\firebase-tools\node_modules\winston\node_modules\readable-stream\lib\_stream_readable.js:629:20)
[error] 
[error] Error: An unexpected error has occurred.
[debug] [2026-08-31T20:17:07.408Z] Error: EPIPE: broken pipe, write
    at Socket._write (node:internal/net:75:18)
    at writeOrBuffer (node:internal/streams/writable:570:12)
    at _write (node:internal/streams/writable:499:10)
    at Writable.write (node:internal/streams/writable:508:10)
    at Console.log (C:\Users\xioas\AppData\Roaming\npm\node_modules\firebase-tools\node_modules\winston\lib\winston\transports\console.js:87:23)
    at Console._write (C:\Users\xioas\AppData\Roaming\npm\node_modules\firebase-tools\node_modules\winston-transport\modern.js:103:17)
    at doWrite (C:\Users\xioas\AppData\Roaming\npm\node_modules\firebase-tools\node_modules\winston-transport\node_modules\readable-stream\lib\_stream_writable.js:390:139)
    at writeOrBuffer (C:\Users\xioas\AppData\Roaming\npm\node_modules\firebase-tools\node_modules\winston-transport\node_modules\readable-stream\lib\_stream_writable.js:381:5)
    at Writable.write (C:\Users\xioas\AppData\Roaming\npm\node_modules\firebase-tools\node_modules\winston-transport\node_modules\readable-stream\lib\_stream_writable.js:302:11)
    at DerivedLogger.ondata (C:\Users\xioas\AppData\Roaming\npm\node_modules\firebase-tools\node_modules\winston\node_modules\readable-stream\lib\_stream_readable.js:629:20)
[error] 
[error] Error: An unexpected error has occurred.
[debug] [2026-08-31T20:17:07.408Z] Error: EPIPE: broken pipe, write
    at Socket._write (node:internal/net:75:18)
    at writeOrBuffer (node:internal/streams/writable:570:12)
    at _write (node:internal/streams/writable:499:10)
    at Writable.write (node:internal/streams/writable:508:10)
    at Console.log (C:\Users\xioas\AppData\Roaming\npm\node_modules\firebase-tools\node_modules\winston\lib\winston\transports\console.js:87:23)
    at Console._write (C:\Users\xioas\AppData\Roaming\npm\node_modules\firebase-tools\node_modules\winston-transport\modern.js:103:17)
    at doWrite (C:\Users\xioas\AppData\Roaming\npm\node_modules\firebase-tools\node_modules\winston-transport\node_modules\readable-stream\lib\_stream_writable.js:390:139)
    at writeOrBuffer (C:\Users\xioas\AppData\Roaming\npm\node_modules\firebase-tools\node_modules\winston-transport\node_modules\readable-stream\lib\_stream_writable.js:381:5)
    at Writable.write (C:\Users\xioas\AppData\Roaming\npm\node_modules\firebase-tools\node_modules\winston-transport\node_modules\readable-stream\lib\_stream_writable.js:302:11)
    at DerivedLogger.ondata (C:\Users\xioas\AppData\Roaming\npm\node_modules\firebase-tools\node_modules\winston\node_modules\readable-stream\lib\_stream_readable.js:629:20)
[error] 
[error] Error: An unexpected error has occurred.
[debug] [2026-08-31T20:17:07.408Z] Error: EPIPE: broken pipe, write
    at Socket._write (node:internal/net:75:18)
    at writeOrBuffer (node:internal/streams/writable:570:12)
    at _write (node:internal/streams/writable:499:10)
    at Writable.write (node:internal/streams/writable:508:10)
    at Console.log (C:\Users\xioas\AppData\Roaming\npm\node_modules\firebase-tools\node_modules\winston\lib\winston\transports\console.js:87:23)
    at Console._write (C:\Users\xioas\AppData\Roaming\npm\node_modules\firebase-tools\node_modules\winston-transport\modern.js:103:17)
    at doWrite (C:\Users\xioas\AppData\Roaming\npm\node_modules\firebase-tools\node_modules\winston-transport\node_modules\readable-stream\lib\_stream_writable.js:390:139)
    at writeOrBuffer (C:\Users\xioas\AppData\Roaming\npm\node_modules\firebase-tools\node_modules\winston-transport\node_modules\readable-stream\lib\_stream_writable.js:381:5)
    at Writable.write (C:\Users\xioas\AppData\Roaming\npm\node_modules\firebase-tools\node_modules\winston-transport\node_modules\readable-stream\lib\_stream_writable.js:302:11)
    at DerivedLogger.ondata (C:\Users\xioas\AppData\Roaming\npm\node_modules\firebase-tools\node_modules\winston\node_modules\readable-stream\lib\_stream_readable.js:629:20)
[error] 
[error] Error: An unexpected error has occurred.
[debug] [2026-08-31T20:17:07.409Z] Error: EPIPE: broken pipe, write
    at Socket._write (node:internal/net:75:18)
    at writeOrBuffer (node:internal/streams/writable:570:12)
    at _write (node:internal/streams/writable:499:10)
    at Writable.write (node:internal/streams/writable:508:10)
    at Console.log (C:\Users\xioas\AppData\Roaming\npm\node_modules\firebase-tools\node_modules\winston\lib\winston\transports\console.js:87:23)
    at Console._write (C:\Users\xioas\AppData\Roaming\npm\node_modules\firebase-tools\node_modules\winston-transport\modern.js:103:17)
    at doWrite (C:\Users\xioas\AppData\Roaming\npm\node_modules\firebase-tools\node_modules\winston-transport\node_modules\readable-stream\lib\_stream_writable.js:390:139)
    at writeOrBuffer (C:\Users\xioas\AppData\Roaming\npm\node_modules\firebase-tools\node_modules\winston-transport\node_modules\readable-stream\lib\_stream_writable.js:381:5)
    at Writable.write (C:\Users\xioas\AppData\Roaming\npm\node_modules\firebase-tools\node_modules\winston-transport\node_modules\readable-stream\lib\_stream_writable.js:302:11)
    at DerivedLogger.ondata (C:\Users\xioas\AppData\Roaming\npm\node_modules\firebase-tools\node_modules\winston\node_modules\readable-stream\lib\_stream_readable.js:629:20)
[error] 
[error] Error: An unexpected error has occurred.
[debug] [2026-08-31T20:17:07.409Z] Error: EPIPE: broken pipe, write
    at Socket._write (node:internal/net:75:18)
    at writeOrBuffer (node:internal/streams/writable:570:12)
    at _write (node:internal/streams/writable:499:10)
    at Writable.write (node:internal/streams/writable:508:10)
    at Console.log (C:\Users\xioas\AppData\Roaming\npm\node_modules\firebase-tools\node_modules\winston\lib\winston\transports\console.js:87:23)
    at Console._write (C:\Users\xioas\AppData\Roaming\npm\node_modules\firebase-tools\node_modules\winston-transport\modern.js:103:17)
    at doWrite (C:\Users\xioas\AppData\Roaming\npm\node_modules\firebase-tools\node_modules\winston-transport\node_modules\readable-stream\lib\_stream_writable.js:390:139)
    at writeOrBuffer (C:\Users\xioas\AppData\Roaming\npm\node_modules\firebase-tools\node_modules\winston-transport\node_modules\readable-stream\lib\_stream_writable.js:381:5)
    at Writable.write (C:\Users\xioas\AppData\Roaming\npm\node_modules\firebase-tools\node_modules\winston-transport\node_modules\readable-stream\lib\_stream_writable.js:302:11)
    at DerivedLogger.ondata (C:\Users\xioas\AppData\Roaming\npm\node_modules\firebase-tools\node_modules\winston\node_modules\readable-stream\lib\_stream_readable.js:629:20)
[error] 
[error] Error: An unexpected error has occurred.
[debug] [2026-08-31T20:17:07.409Z] Error: EPIPE: broken pipe, write
    at Socket._write (node:internal/net:75:18)
    at writeOrBuffer (node:internal/streams/writable:570:12)
    at _write (node:internal/streams/writable:499:10)
    at Writable.write (node:internal/streams/writable:508:10)
    at Console.log (C:\Users\xioas\AppData\Roaming\npm\node_modules\firebase-tools\node_modules\winston\lib\winston\transports\console.js:87:23)
    at Console._write (C:\Users\xioas\AppData\Roaming\npm\node_modules\firebase-tools\node_modules\winston-transport\modern.js:103:17)
    at doWrite (C:\Users\xioas\AppData\Roaming\npm\node_modules\firebase-tools\node_modules\winston-transport\node_modules\readable-stream\lib\_stream_writable.js:390:139)
    at writeOrBuffer (C:\Users\xioas\AppData\Roaming\npm\node_modules\firebase-tools\node_modules\winston-transport\node_modules\readable-stream\lib\_stream_writable.js:381:5)
    at Writable.write (C:\Users\xioas\AppData\Roaming\npm\node_modules\firebase-tools\node_modules\winston-transport\node_modules\readable-stream\lib\_stream_writable.js:302:11)
    at DerivedLogger.ondata (C:\Users\xioas\AppData\Roaming\npm\node_modules\firebase-tools\node_modules\winston\node_modules\readable-stream\lib\_stream_readable.js:629:20)
[error] 
[error] Error: An unexpected error has occurred.
[debug] [2026-08-31T20:17:07.409Z] Error: EPIPE: broken pipe, write
    at Socket._write (node:internal/net:75:18)
    at writeOrBuffer (node:internal/streams/writable:570:12)
    at _write (node:internal/streams/writable:499:10)
    at Writable.write (node:internal/streams/writable:508:10)
    at Console.log (C:\Users\xioas\AppData\Roaming\npm\node_modules\firebase-tools\node_modules\winston\lib\winston\transports\console.js:87:23)
    at Console._write (C:\Users\xioas\AppData\Roaming\npm\node_modules\firebase-tools\node_modules\winston-transport\modern.js:103:17)
    at doWrite (C:\Users\xioas\AppData\Roaming\npm\node_modules\firebase-tools\node_modules\winston-transport\node_modules\readable-stream\lib\_stream_writable.js:390:139)
    at writeOrBuffer (C:\Users\xioas\AppData\Roaming\npm\node_modules\firebase-tools\node_modules\winston-transport\node_modules\readable-stream\lib\_stream_writable.js:381:5)
    at Writable.write (C:\Users\xioas\AppData\Roaming\npm\node_modules\firebase-tools\node_modules\winston-transport\node_modules\readable-stream\lib\_stream_writable.js:302:11)
    at DerivedLogger.ondata (C:\Users\xioas\AppData\Roaming\npm\node_modules\firebase-tools\node_modules\winston\node_modules\readable-stream\lib\_stream_readable.js:629:20)
[error] 
[error] Error: An unexpected error has occurred.
[debug] [2026-08-31T20:17:07.410Z] Error: EPIPE: broken pipe, write
    at Socket._write (node:internal/net:75:18)
    at writeOrBuffer (node:internal/streams/writable:570:12)
    at _write (node:internal/streams/writable:499:10)
    at Writable.write (node:internal/streams/writable:508:10)
    at Console.log (C:\Users\xioas\AppData\Roaming\npm\node_modules\firebase-tools\node_modules\winston\lib\winston\transports\console.js:87:23)
    at Console._write (C:\Users\xioas\AppData\Roaming\npm\node_modules\firebase-tools\node_modules\winston-transport\modern.js:103:17)
    at doWrite (C:\Users\xioas\AppData\Roaming\npm\node_modules\firebase-tools\node_modules\winston-transport\node_modules\readable-stream\lib\_stream_writable.js:390:139)
    at writeOrBuffer (C:\Users\xioas\AppData\Roaming\npm\node_modules\firebase-tools\node_modules\winston-transport\node_modules\readable-stream\lib\_stream_writable.js:381:5)
    at Writable.write (C:\Users\xioas\AppData\Roaming\npm\node_modules\firebase-tools\node_modules\winston-transport\node_modules\readable-stream\lib\_stream_writable.js:302:11)
    at DerivedLogger.ondata (C:\Users\xioas\AppData\Roaming\npm\node_modules\firebase-tools\node_modules\winston\node_modules\readable-stream\lib\_stream_readable.js:629:20)
[error] 
[error] Error: An unexpected error has occurred.
[debug] [2026-08-31T20:17:07.410Z] Error: EPIPE: broken pipe, write
    at Socket._write (node:internal/net:75:18)
    at writeOrBuffer (node:internal/streams/writable:570:12)
    at _write (node:internal/streams/writable:499:10)
    at Writable.write (node:internal/streams/writable:508:10)
    at Console.log (C:\Users\xioas\AppData\Roaming\npm\node_modules\firebase-tools\node_modules\winston\lib\winston\transports\console.js:87:23)
    at Console._write (C:\Users\xioas\AppData\Roaming\npm\node_modules\firebase-tools\node_modules\winston-transport\modern.js:103:17)
    at doWrite (C:\Users\xioas\AppData\Roaming\npm\node_modules\firebase-tools\node_modules\winston-transport\node_modules\readable-stream\lib\_stream_writable.js:390:139)
    at writeOrBuffer (C:\Users\xioas\AppData\Roaming\npm\node_modules\firebase-tools\node_modules\winston-transport\node_modules\readable-stream\lib\_stream_writable.js:381:5)
    at Writable.write (C:\Users\xioas\AppData\Roaming\npm\node_modules\firebase-tools\node_modules\winston-transport\node_modules\readable-stream\lib\_stream_writable.js:302:11)
    at DerivedLogger.ondata (C:\Users\xioas\AppData\Roaming\npm\node_modules\firebase-tools\node_modules\winston\node_modules\readable-stream\lib\_stream_readable.js:629:20)
[error] 
[error] Error: An unexpected error has occurred.
[debug] [2026-08-31T20:17:07.410Z] Error: EPIPE: broken pipe, write
    at Socket._write (node:internal/net:75:18)
    at writeOrBuffer (node:internal/streams/writable:570:12)
    at _write (node:internal/streams/writable:499:10)
    at Writable.write (node:internal/streams/writable:508:10)
    at Console.log (C:\Users\xioas\AppData\Roaming\npm\node_modules\firebase-tools\node_modules\winston\lib\winston\transports\console.js:87:23)
    at Console._write (C:\Users\xioas\AppData\Roaming\npm\node_modules\firebase-tools\node_modules\winston-transport\modern.js:103:17)
    at doWrite (C:\Users\xioas\AppData\Roaming\npm\node_modules\firebase-tools\node_modules\winston-transport\node_modules\readable-stream\lib\_stream_writable.js:390:139)
    at writeOrBuffer (C:\Users\xioas\AppData\Roaming\npm\node_modules\firebase-tools\node_modules\winston-transport\node_modules\readable-stream\lib\_stream_writable.js:381:5)
    at Writable.write (C:\Users\xioas\AppData\Roaming\npm\node_modules\firebase-tools\node_modules\winston-transport\node_modules\readable-stream\lib\_stream_writable.js:302:11)
    at DerivedLogger.ondata (C:\Users\xioas\AppData\Roaming\npm\node_modules\firebase-tools\node_modules\winston\node_modules\readable-stream\lib\_stream_readable.js:629:20)
[error] 
[error] Error: An unexpected error has occurred.
[debug] [2026-08-31T20:17:07.411Z] Error: EPIPE: broken pipe, write
    at Socket._write (node:internal/net:75:18)
    at writeOrBuffer (node:internal/streams/writable:570:12)
    at _write (node:internal/streams/writable:499:10)
    at Writable.write (node:internal/streams/writable:508:10)
    at Console.log (C:\Users\xioas\AppData\Roaming\npm\node_modules\firebase-tools\node_modules\winston\lib\winston\transports\console.js:87:23)
    at Console._write (C:\Users\xioas\AppData\Roaming\npm\node_modules\firebase-tools\node_modules\winston-transport\modern.js:103:17)
    at doWrite (C:\Users\xioas\AppData\Roaming\npm\node_modules\firebase-tools\node_modules\winston-transport\node_modules\readable-stream\lib\_stream_writable.js:390:139)
    at writeOrBuffer (C:\Users\xioas\AppData\Roaming\npm\node_modules\firebase-tools\node_modules\winston-transport\node_modules\readable-stream\lib\_stream_writable.js:381:5)
    at Writable.write (C:\Users\xioas\AppData\Roaming\npm\node_modules\firebase-tools\node_modules\winston-transport\node_modules\readable-stream\lib\_stream_writable.js:302:11)
    at DerivedLogger.ondata (C:\Users\xioas\AppData\Roaming\npm\node_modules\firebase-tools\node_modules\winston\node_modules\readable-stream\lib\_stream_readable.js:629:20)
[error] 
[error] Error: An unexpected error has occurred.
[debug] [2026-08-31T20:17:07.411Z] Error: EPIPE: broken pipe, write
    at Socket._write (node:internal/net:75:18)
    at writeOrBuffer (node:internal/streams/writable:570:12)
    at _write (node:internal/streams/writable:499:10)
    at Writable.write (node:internal/streams/writable:508:10)
    at Console.log (C:\Users\xioas\AppData\Roaming\npm\node_modules\firebase-tools\node_modules\winston\lib\winston\transports\console.js:87:23)
    at Console._write (C:\Users\xioas\AppData\Roaming\npm\node_modules\firebase-tools\node_modules\winston-transport\modern.js:103:17)
    at doWrite (C:\Users\xioas\AppData\Roaming\npm\node_modules\firebase-tools\node_modules\winston-transport\node_modules\readable-stream\lib\_stream_writable.js:390:139)
    at writeOrBuffer (C:\Users\xioas\AppData\Roaming\npm\node_modules\firebase-tools\node_modules\winston-transport\node_modules\readable-stream\lib\_stream_writable.js:381:5)
    at Writable.write (C:\Users\xioas\AppData\Roaming\npm\node_modules\firebase-tools\node_modules\winston-transport\node_modules\readable-stream\lib\_stream_writable.js:302:11)
    at DerivedLogger.ondata (C:\Users\xioas\AppData\Roaming\npm\node_modules\firebase-tools\node_modules\winston\node_modules\readable-stream\lib\_stream_readable.js:629:20)
[error] 
[error] Error: An unexpected error has occurred.
[debug] [2026-08-31T20:17:07.412Z] Error: EPIPE: broken pipe, write
    at Socket._write (node:internal/net:75:18)
    at writeOrBuffer (node:internal/streams/writable:570:12)
    at _write (node:internal/streams/writable:499:10)
    at Writable.write (node:internal/streams/writable:508:10)
    at Console.log (C:\Users\xioas\AppData\Roaming\npm\node_modules\firebase-tools\node_modules\winston\lib\winston\transports\console.js:87:23)
    at Console._write (C:\Users\xioas\AppData\Roaming\npm\node_modules\firebase-tools\node_modules\winston-transport\modern.js:103:17)
    at doWrite (C:\Users\xioas\AppData\Roaming\npm\node_modules\firebase-tools\node_modules\winston-transport\node_modules\readable-stream\lib\_stream_writable.js:390:139)
    at writeOrBuffer (C:\Users\xioas\AppData\Roaming\npm\node_modules\firebase-tools\node_modules\winston-transport\node_modules\readable-stream\lib\_stream_writable.js:381:5)
    at Writable.write (C:\Users\xioas\AppData\Roaming\npm\node_modules\firebase-tools\node_modules\winston-transport\node_modules\readable-stream\lib\_stream_writable.js:302:11)
    at DerivedLogger.ondata (C:\Users\xioas\AppData\Roaming\npm\node_modules\firebase-tools\node_modules\winston\node_modules\readable-stream\lib\_stream_readable.js:629:20)
[error] 
[error] Error: An unexpected error has occurred.
[debug] [2026-08-31T20:17:07.413Z] Error: EPIPE: broken pipe, write
    at Socket._write (node:internal/net:75:18)
    at writeOrBuffer (node:internal/streams/writable:570:12)
    at _write (node:internal/streams/writable:499:10)
    at Writable.write (node:internal/streams/writable:508:10)
    at Console.log (C:\Users\xioas\AppData\Roaming\npm\node_modules\firebase-tools\node_modules\winston\lib\winston\transports\console.js:87:23)
    at Console._write (C:\Users\xioas\AppData\Roaming\npm\node_modules\firebase-tools\node_modules\winston-transport\modern.js:103:17)
    at doWrite (C:\Users\xioas\AppData\Roaming\npm\node_modules\firebase-tools\node_modules\winston-transport\node_modules\readable-stream\lib\_stream_writable.js:390:139)
    at writeOrBuffer (C:\Users\xioas\AppData\Roaming\npm\node_modules\firebase-tools\node_modules\winston-transport\node_modules\readable-stream\lib\_stream_writable.js:381:5)
    at Writable.write (C:\Users\xioas\AppData\Roaming\npm\node_modules\firebase-tools\node_modules\winston-transport\node_modules\readable-stream\lib\_stream_writable.js:302:11)
    at DerivedLogger.ondata (C:\Users\xioas\AppData\Roaming\npm\node_modules\firebase-tools\node_modules\winston\node_modules\readable-stream\lib\_stream_readable.js:629:20)
[error] 
[error] Error: An unexpected error has occurred.
[debug] [2026-08-31T20:17:07.414Z] Error: EPIPE: broken pipe, write
    at Socket._write (node:internal/net:75:18)
    at writeOrBuffer (node:internal/streams/writable:570:12)
    at _write (node:internal/streams/writable:499:10)
    at Writable.write (node:internal/streams/writable:508:10)
    at Console.log (C:\Users\xioas\AppData\Roaming\npm\node_modules\firebase-tools\node_modules\winston\lib\winston\transports\console.js:87:23)
    at Console._write (C:\Users\xioas\AppData\Roaming\npm\node_modules\firebase-tools\node_modules\winston-transport\modern.js:103:17)
    at doWrite (C:\Users\xioas\AppData\Roaming\npm\node_modules\firebase-tools\node_modules\winston-transport\node_modules\readable-stream\lib\_stream_writable.js:390:139)
    at writeOrBuffer (C:\Users\xioas\AppData\Roaming\npm\node_modules\firebase-tools\node_modules\winston-transport\node_modules\readable-stream\lib\_stream_writable.js:381:5)
    at Writable.write (C:\Users\xioas\AppData\Roaming\npm\node_modules\firebase-tools\node_modules\winston-transport\node_modules\readable-stream\lib\_stream_writable.js:302:11)
    at DerivedLogger.ondata (C:\Users\xioas\AppData\Roaming\npm\node_modules\firebase-tools\node_modules\winston\node_modules\readable-stream\lib\_stream_readable.js:629:20)
[error] 
[error] Error: An unexpected error has occurred.
[debug] [2026-08-31T20:17:07.414Z] Error: EPIPE: broken pipe, write
    at Socket._write (node:internal/net:75:18)
    at writeOrBuffer (node:internal/streams/writable:570:12)
    at _write (node:internal/streams/writable:499:10)
    at Writable.write (node:internal/streams/writable:508:10)
    at Console.log (C:\Users\xioas\AppData\Roaming\npm\node_modules\firebase-tools\node_modules\winston\lib\winston\transports\console.js:87:23)
    at Console._write (C:\Users\xioas\AppData\Roaming\npm\node_modules\firebase-tools\node_modules\winston-transport\modern.js:103:17)
    at doWrite (C:\Users\xioas\AppData\Roaming\npm\node_modules\firebase-tools\node_modules\winston-transport\node_modules\readable-stream\lib\_stream_writable.js:390:139)
    at writeOrBuffer (C:\Users\xioas\AppData\Roaming\npm\node_modules\firebase-tools\node_modules\winston-transport\node_modules\readable-stream\lib\_stream_writable.js:381:5)
    at Writable.write (C:\Users\xioas\AppData\Roaming\npm\node_modules\firebase-tools\node_modules\winston-transport\node_modules\readable-stream\lib\_stream_writable.js:302:11)
    at DerivedLogger.ondata (C:\Users\xioas\AppData\Roaming\npm\node_modules\firebase-tools\node_modules\winston\node_modules\readable-stream\lib\_stream_readable.js:629:20)
[error] 
[error] Error: An unexpected error has occurred.
[debug] [2026-08-31T20:17:07.415Z] Error: EPIPE: broken pipe, write
    at Socket._write (node:internal/net:75:18)
    at writeOrBuffer (node:internal/streams/writable:570:12)
    at _write (node:internal/streams/writable:499:10)
    at Writable.write (node:internal/streams/writable:508:10)
    at Console.log (C:\Users\xioas\AppData\Roaming\npm\node_modules\firebase-tools\node_modules\winston\lib\winston\transports\console.js:87:23)
    at Console._write (C:\Users\xioas\AppData\Roaming\npm\node_modules\firebase-tools\node_modules\winston-transport\modern.js:103:17)
    at doWrite (C:\Users\xioas\AppData\Roaming\npm\node_modules\firebase-tools\node_modules\winston-transport\node_modules\readable-stream\lib\_stream_writable.js:390:139)
    at writeOrBuffer (C:\Users\xioas\AppData\Roaming\npm\node_modules\firebase-tools\node_modules\winston-transport\node_modules\readable-stream\lib\_stream_writable.js:381:5)
    at Writable.write (C:\Users\xioas\AppData\Roaming\npm\node_modules\firebase-tools\node_modules\winston-transport\node_modules\readable-stream\lib\_stream_writable.js:302:11)
    at DerivedLogger.ondata (C:\Users\xioas\AppData\Roaming\npm\node_modules\firebase-tools\node_modules\winston\node_modules\readable-stream\lib\_stream_readable.js:629:20)
[error] 
[error] Error: An unexpected error has occurred.
[debug] [2026-08-31T20:17:07.416Z] Error: EPIPE: broken pipe, write
    at Socket._write (node:internal/net:75:18)
    at writeOrBuffer (node:internal/streams/writable:570:12)
    at _write (node:internal/streams/writable:499:10)
    at Writable.write (node:internal/streams/writable:508:10)
    at Console.log (C:\Users\xioas\AppData\Roaming\npm\node_modules\firebase-tools\node_modules\winston\lib\winston\transports\console.js:87:23)
    at Console._write (C:\Users\xioas\AppData\Roaming\npm\node_modules\firebase-tools\node_modules\winston-transport\modern.js:103:17)
    at doWrite (C:\Users\xioas\AppData\Roaming\npm\node_modules\firebase-tools\node_modules\winston-transport\node_modules\readable-stream\lib\_stream_writable.js:390:139)
    at writeOrBuffer (C:\Users\xioas\AppData\Roaming\npm\node_modules\firebase-tools\node_modules\winston-transport\node_modules\readable-stream\lib\_stream_writable.js:381:5)
    at Writable.write (C:\Users\xioas\AppData\Roaming\npm\node_modules\firebase-tools\node_modules\winston-transport\node_modules\readable-stream\lib\_stream_writable.js:302:11)
    at DerivedLogger.ondata (C:\Users\xioas\AppData\Roaming\npm\node_modules\firebase-tools\node_modules\winston\node_modules\readable-stream\lib\_stream_readable.js:629:20)
[error] 
[error] Error: An unexpected error has occurred.
[debug] [2026-08-31T20:17:07.416Z] Error: EPIPE: broken pipe, write
    at Socket._write (node:internal/net:75:18)
    at writeOrBuffer (node:internal/streams/writable:570:12)
    at _write (node:internal/streams/writable:499:10)
    at Writable.write (node:internal/streams/writable:508:10)
    at Console.log (C:\Users\xioas\AppData\Roaming\npm\node_modules\firebase-tools\node_modules\winston\lib\winston\transports\console.js:87:23)
    at Console._write (C:\Users\xioas\AppData\Roaming\npm\node_modules\firebase-tools\node_modules\winston-transport\modern.js:103:17)
    at doWrite (C:\Users\xioas\AppData\Roaming\npm\node_modules\firebase-tools\node_modules\winston-transport\node_modules\readable-stream\lib\_stream_writable.js:390:139)
    at writeOrBuffer (C:\Users\xioas\AppData\Roaming\npm\node_modules\firebase-tools\node_modules\winston-transport\node_modules\readable-stream\lib\_stream_writable.js:381:5)
    at Writable.write (C:\Users\xioas\AppData\Roaming\npm\node_modules\firebase-tools\node_modules\winston-transport\node_modules\readable-stream\lib\_stream_writable.js:302:11)
    at DerivedLogger.ondata (C:\Users\xioas\AppData\Roaming\npm\node_modules\firebase-tools\node_modules\winston\node_modules\readable-stream\lib\_stream_readable.js:629:20)
[error] 
[error] Error: An unexpected error has occurred.
[debug] [2026-08-31T20:17:07.417Z] Error: EPIPE: broken pipe, write
    at Socket._write (node:internal/net:75:18)
    at writeOrBuffer (node:internal/streams/writable:570:12)
    at _write (node:internal/streams/writable:499:10)
    at Writable.write (node:internal/streams/writable:508:10)
    at Console.log (C:\Users\xioas\AppData\Roaming\npm\node_modules\firebase-tools\node_modules\winston\lib\winston\transports\console.js:87:23)
    at Console._write (C:\Users\xioas\AppData\Roaming\npm\node_modules\firebase-tools\node_modules\winston-transport\modern.js:103:17)
    at doWrite (C:\Users\xioas\AppData\Roaming\npm\node_modules\firebase-tools\node_modules\winston-transport\node_modules\readable-stream\lib\_stream_writable.js:390:139)
    at writeOrBuffer (C:\Users\xioas\AppData\Roaming\npm\node_modules\firebase-tools\node_modules\winston-transport\node_modules\readable-stream\lib\_stream_writable.js:381:5)
    at Writable.write (C:\Users\xioas\AppData\Roaming\npm\node_modules\firebase-tools\node_modules\winston-transport\node_modules\readable-stream\lib\_stream_writable.js:302:11)
    at DerivedLogger.ondata (C:\Users\xioas\AppData\Roaming\npm\node_modules\firebase-tools\node_modules\winston\node_modules\readable-stream\lib\_stream_readable.js:629:20)
[error] 
[error] Error: An unexpected error has occurred.
[debug] [2026-08-31T20:17:07.418Z] Error: EPIPE: broken pipe, write
    at Socket._write (node:internal/net:75:18)
    at writeOrBuffer (node:internal/streams/writable:570:12)
    at _write (node:internal/streams/writable:499:10)
    at Writable.write (node:internal/streams/writable:508:10)
    at Console.log (C:\Users\xioas\AppData\Roaming\npm\node_modules\firebase-tools\node_modules\winston\lib\winston\transports\console.js:87:23)
    at Console._write (C:\Users\xioas\AppData\Roaming\npm\node_modules\firebase-tools\node_modules\winston-transport\modern.js:103:17)
    at doWrite (C:\Users\xioas\AppData\Roaming\npm\node_modules\firebase-tools\node_modules\winston-transport\node_modules\readable-stream\lib\_stream_writable.js:390:139)
    at writeOrBuffer (C:\Users\xioas\AppData\Roaming\npm\node_modules\firebase-tools\node_modules\winston-transport\node_modules\readable-stream\lib\_stream_writable.js:381:5)
    at Writable.write (C:\Users\xioas\AppData\Roaming\npm\node_modules\firebase-tools\node_modules\winston-transport\node_modules\readable-stream\lib\_stream_writable.js:302:11)
    at DerivedLogger.ondata (C:\Users\xioas\AppData\Roaming\npm\node_modules\firebase-tools\node_modules\winston\node_modules\readable-stream\lib\_stream_readable.js:629:20)
[error] 
[error] Error: An unexpected error has occurred.
[debug] [2026-08-31T20:17:07.419Z] Error: EPIPE: broken pipe, write
    at Socket._write (node:internal/net:75:18)
    at writeOrBuffer (node:internal/streams/writable:570:12)
    at _write (node:internal/streams/writable:499:10)
    at Writable.write (node:internal/streams/writable:508:10)
    at Console.log (C:\Users\xioas\AppData\Roaming\npm\node_modules\firebase-tools\node_modules\winston\lib\winston\transports\console.js:87:23)
    at Console._write (C:\Users\xioas\AppData\Roaming\npm\node_modules\firebase-tools\node_modules\winston-transport\modern.js:103:17)
    at doWrite (C:\Users\xioas\AppData\Roaming\npm\node_modules\firebase-tools\node_modules\winston-transport\node_modules\readable-stream\lib\_stream_writable.js:390:139)
    at writeOrBuffer (C:\Users\xioas\AppData\Roaming\npm\node_modules\firebase-tools\node_modules\winston-transport\node_modules\readable-stream\lib\_stream_writable.js:381:5)
    at Writable.write (C:\Users\xioas\AppData\Roaming\npm\node_modules\firebase-tools\node_modules\winston-transport\node_modules\readable-stream\lib\_stream_writable.js:302:11)
    at DerivedLogger.ondata (C:\Users\xioas\AppData\Roaming\npm\node_modules\firebase-tools\node_modules\winston\node_modules\readable-stream\lib\_stream_readable.js:629:20)
[error] 
[error] Error: An unexpected error has occurred.
[debug] [2026-08-31T20:17:07.420Z] Error: EPIPE: broken pipe, write
    at Socket._write (node:internal/net:75:18)
    at writeOrBuffer (node:internal/streams/writable:570:12)
    at _write (node:internal/streams/writable:499:10)
    at Writable.write (node:internal/streams/writable:508:10)
    at Console.log (C:\Users\xioas\AppData\Roaming\npm\node_modules\firebase-tools\node_modules\winston\lib\winston\transports\console.js:87:23)
    at Console._write (C:\Users\xioas\AppData\Roaming\npm\node_modules\firebase-tools\node_modules\winston-transport\modern.js:103:17)
    at doWrite (C:\Users\xioas\AppData\Roaming\npm\node_modules\firebase-tools\node_modules\winston-transport\node_modules\readable-stream\lib\_stream_writable.js:390:139)
    at writeOrBuffer (C:\Users\xioas\AppData\Roaming\npm\node_modules\firebase-tools\node_modules\winston-transport\node_modules\readable-stream\lib\_stream_writable.js:381:5)
    at Writable.write (C:\Users\xioas\AppData\Roaming\npm\node_modules\firebase-tools\node_modules\winston-transport\node_modules\readable-stream\lib\_stream_writable.js:302:11)
    at DerivedLogger.ondata (C:\Users\xioas\AppData\Roaming\npm\node_modules\firebase-tools\node_modules\winston\node_modules\readable-stream\lib\_stream_readable.js:629:20)
[error] 
[error] Error: An unexpected error has occurred.
[debug] [2026-08-31T20:17:07.420Z] Error: EPIPE: broken pipe, write
    at Socket._write (node:internal/net:75:18)
    at writeOrBuffer (node:internal/streams/writable:570:12)
    at _write (node:internal/streams/writable:499:10)
    at Writable.write (node:internal/streams/writable:508:10)
    at Console.log (C:\Users\xioas\AppData\Roaming\npm\node_modules\firebase-tools\node_modules\winston\lib\winston\transports\console.js:87:23)
    at Console._write (C:\Users\xioas\AppData\Roaming\npm\node_modules\firebase-tools\node_modules\winston-transport\modern.js:103:17)
    at doWrite (C:\Users\xioas\AppData\Roaming\npm\node_modules\firebase-tools\node_modules\winston-transport\node_modules\readable-stream\lib\_stream_writable.js:390:139)
    at writeOrBuffer (C:\Users\xioas\AppData\Roaming\npm\node_modules\firebase-tools\node_modules\winston-transport\node_modules\readable-stream\lib\_stream_writable.js:381:5)
    at Writable.write (C:\Users\xioas\AppData\Roaming\npm\node_modules\firebase-tools\node_modules\winston-transport\node_modules\readable-stream\lib\_stream_writable.js:302:11)
    at DerivedLogger.ondata (C:\Users\xioas\AppData\Roaming\npm\node_modules\firebase-tools\node_modules\winston\node_modules\readable-stream\lib\_stream_readable.js:629:20)
[error] 
[error] Error: An unexpected error has occurred.
[debug] [2026-08-31T20:17:07.421Z] Error: EPIPE: broken pipe, write
    at Socket._write (node:internal/net:75:18)
    at writeOrBuffer (node:internal/streams/writable:570:12)
    at _write (node:internal/streams/writable:499:10)
    at Writable.write (node:internal/streams/writable:508:10)
    at Console.log (C:\Users\xioas\AppData\Roaming\npm\node_modules\firebase-tools\node_modules\winston\lib\winston\transports\console.js:87:23)
    at Console._write (C:\Users\xioas\AppData\Roaming\npm\node_modules\firebase-tools\node_modules\winston-transport\modern.js:103:17)
    at doWrite (C:\Users\xioas\AppData\Roaming\npm\node_modules\firebase-tools\node_modules\winston-transport\node_modules\readable-stream\lib\_stream_writable.js:390:139)
    at writeOrBuffer (C:\Users\xioas\AppData\Roaming\npm\node_modules\firebase-tools\node_modules\winston-transport\node_modules\readable-stream\lib\_stream_writable.js:381:5)
    at Writable.write (C:\Users\xioas\AppData\Roaming\npm\node_modules\firebase-tools\node_modules\winston-transport\node_modules\readable-stream\lib\_stream_writable.js:302:11)
    at DerivedLogger.ondata (C:\Users\xioas\AppData\Roaming\npm\node_modules\firebase-tools\node_modules\winston\node_modules\readable-stream\lib\_stream_readable.js:629:20)
[error] 
[error] Error: An unexpected error has occurred.
[debug] [2026-08-31T20:17:07.421Z] Error: EPIPE: broken pipe, write
    at Socket._write (node:internal/net:75:18)
    at writeOrBuffer (node:internal/streams/writable:570:12)
    at _write (node:internal/streams/writable:499:10)
    at Writable.write (node:internal/streams/writable:508:10)
    at Console.log (C:\Users\xioas\AppData\Roaming\npm\node_modules\firebase-tools\node_modules\winston\lib\winston\transports\console.js:87:23)
    at Console._write (C:\Users\xioas\AppData\Roaming\npm\node_modules\firebase-tools\node_modules\winston-transport\modern.js:103:17)
    at doWrite (C:\Users\xioas\AppData\Roaming\npm\node_modules\firebase-tools\node_modules\winston-transport\node_modules\readable-stream\lib\_stream_writable.js:390:139)
    at writeOrBuffer (C:\Users\xioas\AppData\Roaming\npm\node_modules\firebase-tools\node_modules\winston-transport\node_modules\readable-stream\lib\_stream_writable.js:381:5)
    at Writable.write (C:\Users\xioas\AppData\Roaming\npm\node_modules\firebase-tools\node_modules\winston-transport\node_modules\readable-stream\lib\_stream_writable.js:302:11)
    at DerivedLogger.ondata (C:\Users\xioas\AppData\Roaming\npm\node_modules\firebase-tools\node_modules\winston\node_modules\readable-stream\lib\_stream_readable.js:629:20)
[error] 
[error] Error: An unexpected error has occurred.
[debug] [2026-08-31T20:17:07.422Z] Error: EPIPE: broken pipe, write
    at Socket._write (node:internal/net:75:18)
    at writeOrBuffer (node:internal/streams/writable:570:12)
    at _write (node:internal/streams/writable:499:10)
    at Writable.write (node:internal/streams/writable:508:10)
    at Console.log (C:\Users\xioas\AppData\Roaming\npm\node_modules\firebase-tools\node_modules\winston\lib\winston\transports\console.js:87:23)
    at Console._write (C:\Users\xioas\AppData\Roaming\npm\node_modules\firebase-tools\node_modules\winston-transport\modern.js:103:17)
    at doWrite (C:\Users\xioas\AppData\Roaming\npm\node_modules\firebase-tools\node_modules\winston-transport\node_modules\readable-stream\lib\_stream_writable.js:390:139)
    at writeOrBuffer (C:\Users\xioas\AppData\Roaming\npm\node_modules\firebase-tools\node_modules\winston-transport\node_modules\readable-stream\lib\_stream_writable.js:381:5)
    at Writable.write (C:\Users\xioas\AppData\Roaming\npm\node_modules\firebase-tools\node_modules\winston-transport\node_modules\readable-stream\lib\_stream_writable.js:302:11)
    at DerivedLogger.ondata (C:\Users\xioas\AppData\Roaming\npm\node_modules\firebase-tools\node_modules\winston\node_modules\readable-stream\lib\_stream_readable.js:629:20)
[error] 
[error] Error: An unexpected error has occurred.
[debug] [2026-08-31T20:17:07.423Z] Error: EPIPE: broken pipe, write
    at Socket._write (node:internal/net:75:18)
    at writeOrBuffer (node:internal/streams/writable:570:12)
    at _write (node:internal/streams/writable:499:10)
    at Writable.write (node:internal/streams/writable:508:10)
    at Console.log (C:\Users\xioas\AppData\Roaming\npm\node_modules\firebase-tools\node_modules\winston\lib\winston\transports\console.js:87:23)
    at Console._write (C:\Users\xioas\AppData\Roaming\npm\node_modules\firebase-tools\node_modules\winston-transport\modern.js:103:17)
    at doWrite (C:\Users\xioas\AppData\Roaming\npm\node_modules\firebase-tools\node_modules\winston-transport\node_modules\readable-stream\lib\_stream_writable.js:390:139)
    at writeOrBuffer (C:\Users\xioas\AppData\Roaming\npm\node_modules\firebase-tools\node_modules\winston-transport\node_modules\readable-stream\lib\_stream_writable.js:381:5)
    at Writable.write (C:\Users\xioas\AppData\Roaming\npm\node_modules\firebase-tools\node_modules\winston-transport\node_modules\readable-stream\lib\_stream_writable.js:302:11)
    at DerivedLogger.ondata (C:\Users\xioas\AppData\Roaming\npm\node_modules\firebase-tools\node_modules\winston\node_modules\readable-stream\lib\_stream_readable.js:629:20)
[error] 
[error] Error: An unexpected error has occurred.
[debug] [2026-08-31T20:17:07.423Z] Error: EPIPE: broken pipe, write
    at Socket._write (node:internal/net:75:18)
    at writeOrBuffer (node:internal/streams/writable:570:12)
    at _write (node:internal/streams/writable:499:10)
    at Writable.write (node:internal/streams/writable:508:10)
    at Console.log (C:\Users\xioas\AppData\Roaming\npm\node_modules\firebase-tools\node_modules\winston\lib\winston\transports\console.js:87:23)
    at Console._write (C:\Users\xioas\AppData\Roaming\npm\node_modules\firebase-tools\node_modules\winston-transport\modern.js:103:17)
    at doWrite (C:\Users\xioas\AppData\Roaming\npm\node_modules\firebase-tools\node_modules\winston-transport\node_modules\readable-stream\lib\_stream_writable.js:390:139)
    at writeOrBuffer (C:\Users\xioas\AppData\Roaming\npm\node_modules\firebase-tools\node_modules\winston-transport\node_modules\readable-stream\lib\_stream_writable.js:381:5)
    at Writable.write (C:\Users\xioas\AppData\Roaming\npm\node_modules\firebase-tools\node_modules\winston-transport\node_modules\readable-stream\lib\_stream_writable.js:302:11)
    at DerivedLogger.ondata (C:\Users\xioas\AppData\Roaming\npm\node_modules\firebase-tools\node_modules\winston\node_modules\readable-stream\lib\_stream_readable.js:629:20)
[error] 
[error] Error: An unexpected error has occurred.
[debug] [2026-08-31T20:17:07.423Z] Error: EPIPE: broken pipe, write
    at Socket._write (node:internal/net:75:18)
    at writeOrBuffer (node:internal/streams/writable:570:12)
    at _write (node:internal/streams/writable:499:10)
    at Writable.write (node:internal/streams/writable:508:10)
    at Console.log (C:\Users\xioas\AppData\Roaming\npm\node_modules\firebase-tools\node_modules\winston\lib\winston\transports\console.js:87:23)
    at Console._write (C:\Users\xioas\AppData\Roaming\npm\node_modules\firebase-tools\node_modules\winston-transport\modern.js:103:17)
    at doWrite (C:\Users\xioas\AppData\Roaming\npm\node_modules\firebase-tools\node_modules\winston-transport\node_modules\readable-stream\lib\_stream_writable.js:390:139)
    at writeOrBuffer (C:\Users\xioas\AppData\Roaming\npm\node_modules\firebase-tools\node_modules\winston-transport\node_modules\readable-stream\lib\_stream_writable.js:381:5)
    at Writable.write (C:\Users\xioas\AppData\Roaming\npm\node_modules\firebase-tools\node_modules\winston-transport\node_modules\readable-stream\lib\_stream_writable.js:302:11)
    at DerivedLogger.ondata (C:\Users\xioas\AppData\Roaming\npm\node_modules\firebase-tools\node_modules\winston\node_modules\readable-stream\lib\_stream_readable.js:629:20)
[error] 
[error] Error: An unexpected error has occurred.
[debug] [2026-08-31T20:17:07.424Z] Error: EPIPE: broken pipe, write
    at Socket._write (node:internal/net:75:18)
    at writeOrBuffer (node:internal/streams/writable:570:12)
    at _write (node:internal/streams/writable:499:10)
    at Writable.write (node:internal/streams/writable:508:10)
    at Console.log (C:\Users\xioas\AppData\Roaming\npm\node_modules\firebase-tools\node_modules\winston\lib\winston\transports\console.js:87:23)
    at Console._write (C:\Users\xioas\AppData\Roaming\npm\node_modules\firebase-tools\node_modules\winston-transport\modern.js:103:17)
    at doWrite (C:\Users\xioas\AppData\Roaming\npm\node_modules\firebase-tools\node_modules\winston-transport\node_modules\readable-stream\lib\_stream_writable.js:390:139)
    at writeOrBuffer (C:\Users\xioas\AppData\Roaming\npm\node_modules\firebase-tools\node_modules\winston-transport\node_modules\readable-stream\lib\_stream_writable.js:381:5)
    at Writable.write (C:\Users\xioas\AppData\Roaming\npm\node_modules\firebase-tools\node_modules\winston-transport\node_modules\readable-stream\lib\_stream_writable.js:302:11)
    at DerivedLogger.ondata (C:\Users\xioas\AppData\Roaming\npm\node_modules\firebase-tools\node_modules\winston\node_modules\readable-stream\lib\_stream_readable.js:629:20)
[error] 
[error] Error: An unexpected error has occurred.
[debug] [2026-08-31T20:17:07.424Z] Error: EPIPE: broken pipe, write
    at Socket._write (node:internal/net:75:18)
    at writeOrBuffer (node:internal/streams/writable:570:12)
    at _write (node:internal/streams/writable:499:10)
    at Writable.write (node:internal/streams/writable:508:10)
    at Console.log (C:\Users\xioas\AppData\Roaming\npm\node_modules\firebase-tools\node_modules\winston\lib\winston\transports\console.js:87:23)
    at Console._write (C:\Users\xioas\AppData\Roaming\npm\node_modules\firebase-tools\node_modules\winston-transport\modern.js:103:17)
    at doWrite (C:\Users\xioas\AppData\Roaming\npm\node_modules\firebase-tools\node_modules\winston-transport\node_modules\readable-stream\lib\_stream_writable.js:390:139)
    at writeOrBuffer (C:\Users\xioas\AppData\Roaming\npm\node_modules\firebase-tools\node_modules\winston-transport\node_modules\readable-stream\lib\_stream_writable.js:381:5)
    at Writable.write (C:\Users\xioas\AppData\Roaming\npm\node_modules\firebase-tools\node_modules\winston-transport\node_modules\readable-stream\lib\_stream_writable.js:302:11)
    at DerivedLogger.ondata (C:\Users\xioas\AppData\Roaming\npm\node_modules\firebase-tools\node_modules\winston\node_modules\readable-stream\lib\_stream_readable.js:629:20)
[error] 
[error] Error: An unexpected error has occurred.
[debug] [2026-08-31T20:17:07.424Z] Error: EPIPE: broken pipe, write
    at Socket._write (node:internal/net:75:18)
    at writeOrBuffer (node:internal/streams/writable:570:12)
    at _write (node:internal/streams/writable:499:10)
    at Writable.write (node:internal/streams/writable:508:10)
    at Console.log (C:\Users\xioas\AppData\Roaming\npm\node_modules\firebase-tools\node_modules\winston\lib\winston\transports\console.js:87:23)
    at Console._write (C:\Users\xioas\AppData\Roaming\npm\node_modules\firebase-tools\node_modules\winston-transport\modern.js:103:17)
    at doWrite (C:\Users\xioas\AppData\Roaming\npm\node_modules\firebase-tools\node_modules\winston-transport\node_modules\readable-stream\lib\_stream_writable.js:390:139)
    at writeOrBuffer (C:\Users\xioas\AppData\Roaming\npm\node_modules\firebase-tools\node_modules\winston-transport\node_modules\readable-stream\lib\_stream_writable.js:381:5)
    at Writable.write (C:\Users\xioas\AppData\Roaming\npm\node_modules\firebase-tools\node_modules\winston-transport\node_modules\readable-stream\lib\_stream_writable.js:302:11)
    at DerivedLogger.ondata (C:\Users\xioas\AppData\Roaming\npm\node_modules\firebase-tools\node_modules\winston\node_modules\readable-stream\lib\_stream_readable.js:629:20)
[error] 
[error] Error: An unexpected error has occurred.
[debug] [2026-08-31T20:17:07.424Z] Error: EPIPE: broken pipe, write
    at Socket._write (node:internal/net:75:18)
    at writeOrBuffer (node:internal/streams/writable:570:12)
    at _write (node:internal/streams/writable:499:10)
    at Writable.write (node:internal/streams/writable:508:10)
    at Console.log (C:\Users\xioas\AppData\Roaming\npm\node_modules\firebase-tools\node_modules\winston\lib\winston\transports\console.js:87:23)
    at Console._write (C:\Users\xioas\AppData\Roaming\npm\node_modules\firebase-tools\node_modules\winston-transport\modern.js:103:17)
    at doWrite (C:\Users\xioas\AppData\Roaming\npm\node_modules\firebase-tools\node_modules\winston-transport\node_modules\readable-stream\lib\_stream_writable.js:390:139)
    at writeOrBuffer (C:\Users\xioas\AppData\Roaming\npm\node_modules\firebase-tools\node_modules\winston-transport\node_modules\readable-stream\lib\_stream_writable.js:381:5)
    at Writable.write (C:\Users\xioas\AppData\Roaming\npm\node_modules\firebase-tools\node_modules\winston-transport\node_modules\readable-stream\lib\_stream_writable.js:302:11)
    at DerivedLogger.ondata (C:\Users\xioas\AppData\Roaming\npm\node_modules\firebase-tools\node_modules\winston\node_modules\readable-stream\lib\_stream_readable.js:629:20)
[error] 
[error] Error: An unexpected error has occurred.
[debug] [2026-08-31T20:17:07.424Z] Error: EPIPE: broken pipe, write
    at Socket._write (node:internal/net:75:18)
    at writeOrBuffer (node:internal/streams/writable:570:12)
    at _write (node:internal/streams/writable:499:10)
    at Writable.write (node:internal/streams/writable:508:10)
    at Console.log (C:\Users\xioas\AppData\Roaming\npm\node_modules\firebase-tools\node_modules\winston\lib\winston\transports\console.js:87:23)
    at Console._write (C:\Users\xioas\AppData\Roaming\npm\node_modules\firebase-tools\node_modules\winston-transport\modern.js:103:17)
    at doWrite (C:\Users\xioas\AppData\Roaming\npm\node_modules\firebase-tools\node_modules\winston-transport\node_modules\readable-stream\lib\_stream_writable.js:390:139)
    at writeOrBuffer (C:\Users\xioas\AppData\Roaming\npm\node_modules\firebase-tools\node_modules\winston-transport\node_modules\readable-stream\lib\_stream_writable.js:381:5)
    at Writable.write (C:\Users\xioas\AppData\Roaming\npm\node_modules\firebase-tools\node_modules\winston-transport\node_modules\readable-stream\lib\_stream_writable.js:302:11)
    at DerivedLogger.ondata (C:\Users\xioas\AppData\Roaming\npm\node_modules\firebase-tools\node_modules\winston\node_modules\readable-stream\lib\_stream_readable.js:629:20)
[error] 
[error] Error: An unexpected error has occurred.
[debug] [2026-08-31T20:17:07.425Z] Error: EPIPE: broken pipe, write
    at Socket._write (node:internal/net:75:18)
    at writeOrBuffer (node:internal/streams/writable:570:12)
    at _write (node:internal/streams/writable:499:10)
    at Writable.write (node:internal/streams/writable:508:10)
    at Console.log (C:\Users\xioas\AppData\Roaming\npm\node_modules\firebase-tools\node_modules\winston\lib\winston\transports\console.js:87:23)
    at Console._write (C:\Users\xioas\AppData\Roaming\npm\node_modules\firebase-tools\node_modules\winston-transport\modern.js:103:17)
    at doWrite (C:\Users\xioas\AppData\Roaming\npm\node_modules\firebase-tools\node_modules\winston-transport\node_modules\readable-stream\lib\_stream_writable.js:390:139)
    at writeOrBuffer (C:\Users\xioas\AppData\Roaming\npm\node_modules\firebase-tools\node_modules\winston-transport\node_modules\readable-stream\lib\_stream_writable.js:381:5)
    at Writable.write (C:\Users\xioas\AppData\Roaming\npm\node_modules\firebase-tools\node_modules\winston-transport\node_modules\readable-stream\lib\_stream_writable.js:302:11)
    at DerivedLogger.ondata (C:\Users\xioas\AppData\Roaming\npm\node_modules\firebase-tools\node_modules\winston\node_modules\readable-stream\lib\_stream_readable.js:629:20)
[error] 
[error] Error: An unexpected error has occurred.
[debug] [2026-08-31T20:17:07.425Z] Error: EPIPE: broken pipe, write
    at Socket._write (node:internal/net:75:18)
    at writeOrBuffer (node:internal/streams/writable:570:12)
    at _write (node:internal/streams/writable:499:10)
    at Writable.write (node:internal/streams/writable:508:10)
    at Console.log (C:\Users\xioas\AppData\Roaming\npm\node_modules\firebase-tools\node_modules\winston\lib\winston\transports\console.js:87:23)
    at Console._write (C:\Users\xioas\AppData\Roaming\npm\node_modules\firebase-tools\node_modules\winston-transport\modern.js:103:17)
    at doWrite (C:\Users\xioas\AppData\Roaming\npm\node_modules\firebase-tools\node_modules\winston-transport\node_modules\readable-stream\lib\_stream_writable.js:390:139)
    at writeOrBuffer (C:\Users\xioas\AppData\Roaming\npm\node_modules\firebase-tools\node_modules\winston-transport\node_modules\readable-stream\lib\_stream_writable.js:381:5)
    at Writable.write (C:\Users\xioas\AppData\Roaming\npm\node_modules\firebase-tools\node_modules\winston-transport\node_modules\readable-stream\lib\_stream_writable.js:302:11)
    at DerivedLogger.ondata (C:\Users\xioas\AppData\Roaming\npm\node_modules\firebase-tools\node_modules\winston\node_modules\readable-stream\lib\_stream_readable.js:629:20)
[error] 
[error] Error: An unexpected error has occurred.
[debug] [2026-08-31T20:17:07.425Z] Error: EPIPE: broken pipe, write
    at Socket._write (node:internal/net:75:18)
    at writeOrBuffer (node:internal/streams/writable:570:12)
    at _write (node:internal/streams/writable:499:10)
    at Writable.write (node:internal/streams/writable:508:10)
    at Console.log (C:\Users\xioas\AppData\Roaming\npm\node_modules\firebase-tools\node_modules\winston\lib\winston\transports\console.js:87:23)
    at Console._write (C:\Users\xioas\AppData\Roaming\npm\node_modules\firebase-tools\node_modules\winston-transport\modern.js:103:17)
    at doWrite (C:\Users\xioas\AppData\Roaming\npm\node_modules\firebase-tools\node_modules\winston-transport\node_modules\readable-stream\lib\_stream_writable.js:390:139)
    at writeOrBuffer (C:\Users\xioas\AppData\Roaming\npm\node_modules\firebase-tools\node_modules\winston-transport\node_modules\readable-stream\lib\_stream_writable.js:381:5)
    at Writable.write (C:\Users\xioas\AppData\Roaming\npm\node_modules\firebase-tools\node_modules\winston-transport\node_modules\readable-stream\lib\_stream_writable.js:302:11)
    at DerivedLogger.ondata (C:\Users\xioas\AppData\Roaming\npm\node_modules\firebase-tools\node_modules\winston\node_modules\readable-stream\lib\_stream_readable.js:629:20)
[error] 
[error] Error: An unexpected error has occurred.
[debug] [2026-08-31T20:17:07.426Z] Error: EPIPE: broken pipe, write
    at Socket._write (node:internal/net:75:18)
    at writeOrBuffer (node:internal/streams/writable:570:12)
    at _write (node:internal/streams/writable:499:10)
    at Writable.write (node:internal/streams/writable:508:10)
    at Console.log (C:\Users\xioas\AppData\Roaming\npm\node_modules\firebase-tools\node_modules\winston\lib\winston\transports\console.js:87:23)
    at Console._write (C:\Users\xioas\AppData\Roaming\npm\node_modules\firebase-tools\node_modules\winston-transport\modern.js:103:17)
    at doWrite (C:\Users\xioas\AppData\Roaming\npm\node_modules\firebase-tools\node_modules\winston-transport\node_modules\readable-stream\lib\_stream_writable.js:390:139)
    at writeOrBuffer (C:\Users\xioas\AppData\Roaming\npm\node_modules\firebase-tools\node_modules\winston-transport\node_modules\readable-stream\lib\_stream_writable.js:381:5)
    at Writable.write (C:\Users\xioas\AppData\Roaming\npm\node_modules\firebase-tools\node_modules\winston-transport\node_modules\readable-stream\lib\_stream_writable.js:302:11)
    at DerivedLogger.ondata (C:\Users\xioas\AppData\Roaming\npm\node_modules\firebase-tools\node_modules\winston\node_modules\readable-stream\lib\_stream_readable.js:629:20)
[error] 
[error] Error: An unexpected error has occurred.
[debug] [2026-08-31T20:17:07.426Z] Error: EPIPE: broken pipe, write
    at Socket._write (node:internal/net:75:18)
    at writeOrBuffer (node:internal/streams/writable:570:12)
    at _write (node:internal/streams/writable:499:10)
    at Writable.write (node:internal/streams/writable:508:10)
    at Console.log (C:\Users\xioas\AppData\Roaming\npm\node_modules\firebase-tools\node_modules\winston\lib\winston\transports\console.js:87:23)
    at Console._write (C:\Users\xioas\AppData\Roaming\npm\node_modules\firebase-tools\node_modules\winston-transport\modern.js:103:17)
    at doWrite (C:\Users\xioas\AppData\Roaming\npm\node_modules\firebase-tools\node_modules\winston-transport\node_modules\readable-stream\lib\_stream_writable.js:390:139)
    at writeOrBuffer (C:\Users\xioas\AppData\Roaming\npm\node_modules\firebase-tools\node_modules\winston-transport\node_modules\readable-stream\lib\_stream_writable.js:381:5)
    at Writable.write (C:\Users\xioas\AppData\Roaming\npm\node_modules\firebase-tools\node_modules\winston-transport\node_modules\readable-stream\lib\_stream_writable.js:302:11)
    at DerivedLogger.ondata (C:\Users\xioas\AppData\Roaming\npm\node_modules\firebase-tools\node_modules\winston\node_modules\readable-stream\lib\_stream_readable.js:629:20)
[error] 
[error] Error: An unexpected error has occurred.
[debug] [2026-08-31T20:17:07.426Z] Error: EPIPE: broken pipe, write
    at Socket._write (node:internal/net:75:18)
    at writeOrBuffer (node:internal/streams/writable:570:12)
    at _write (node:internal/streams/writable:499:10)
    at Writable.write (node:internal/streams/writable:508:10)
    at Console.log (C:\Users\xioas\AppData\Roaming\npm\node_modules\firebase-tools\node_modules\winston\lib\winston\transports\console.js:87:23)
    at Console._write (C:\Users\xioas\AppData\Roaming\npm\node_modules\firebase-tools\node_modules\winston-transport\modern.js:103:17)
    at doWrite (C:\Users\xioas\AppData\Roaming\npm\node_modules\firebase-tools\node_modules\winston-transport\node_modules\readable-stream\lib\_stream_writable.js:390:139)
    at writeOrBuffer (C:\Users\xioas\AppData\Roaming\npm\node_modules\firebase-tools\node_modules\winston-transport\node_modules\readable-stream\lib\_stream_writable.js:381:5)
    at Writable.write (C:\Users\xioas\AppData\Roaming\npm\node_modules\firebase-tools\node_modules\winston-transport\node_modules\readable-stream\lib\_stream_writable.js:302:11)
    at DerivedLogger.ondata (C:\Users\xioas\AppData\Roaming\npm\node_modules\firebase-tools\node_modules\winston\node_modules\readable-stream\lib\_stream_readable.js:629:20)
[error] 
[error] Error: An unexpected error has occurred.
[debug] [2026-08-31T20:17:07.427Z] Error: EPIPE: broken pipe, write
    at Socket._write (node:internal/net:75:18)
    at writeOrBuffer (node:internal/streams/writable:570:12)
    at _write (node:internal/streams/writable:499:10)
    at Writable.write (node:internal/streams/writable:508:10)
    at Console.log (C:\Users\xioas\AppData\Roaming\npm\node_modules\firebase-tools\node_modules\winston\lib\winston\transports\console.js:87:23)
    at Console._write (C:\Users\xioas\AppData\Roaming\npm\node_modules\firebase-tools\node_modules\winston-transport\modern.js:103:17)
    at doWrite (C:\Users\xioas\AppData\Roaming\npm\node_modules\firebase-tools\node_modules\winston-transport\node_modules\readable-stream\lib\_stream_writable.js:390:139)
    at writeOrBuffer (C:\Users\xioas\AppData\Roaming\npm\node_modules\firebase-tools\node_modules\winston-transport\node_modules\readable-stream\lib\_stream_writable.js:381:5)
    at Writable.write (C:\Users\xioas\AppData\Roaming\npm\node_modules\firebase-tools\node_modules\winston-transport\node_modules\readable-stream\lib\_stream_writable.js:302:11)
    at DerivedLogger.ondata (C:\Users\xioas\AppData\Roaming\npm\node_modules\firebase-tools\node_modules\winston\node_modules\readable-stream\lib\_stream_readable.js:629:20)
[error] 
[error] Error: An unexpected error has occurred.
[debug] [2026-08-31T20:17:07.427Z] Error: EPIPE: broken pipe, write
    at Socket._write (node:internal/net:75:18)
    at writeOrBuffer (node:internal/streams/writable:570:12)
    at _write (node:internal/streams/writable:499:10)
    at Writable.write (node:internal/streams/writable:508:10)
    at Console.log (C:\Users\xioas\AppData\Roaming\npm\node_modules\firebase-tools\node_modules\winston\lib\winston\transports\console.js:87:23)
    at Console._write (C:\Users\xioas\AppData\Roaming\npm\node_modules\firebase-tools\node_modules\winston-transport\modern.js:103:17)
    at doWrite (C:\Users\xioas\AppData\Roaming\npm\node_modules\firebase-tools\node_modules\winston-transport\node_modules\readable-stream\lib\_stream_writable.js:390:139)
    at writeOrBuffer (C:\Users\xioas\AppData\Roaming\npm\node_modules\firebase-tools\node_modules\winston-transport\node_modules\readable-stream\lib\_stream_writable.js:381:5)
    at Writable.write (C:\Users\xioas\AppData\Roaming\npm\node_modules\firebase-tools\node_modules\winston-transport\node_modules\readable-stream\lib\_stream_writable.js:302:11)
    at DerivedLogger.ondata (C:\Users\xioas\AppData\Roaming\npm\node_modules\firebase-tools\node_modules\winston\node_modules\readable-stream\lib\_stream_readable.js:629:20)
[error] 
[error] Error: An unexpected error has occurred.
[debug] [2026-08-31T20:17:07.427Z] Error: EPIPE: broken pipe, write
    at Socket._write (node:internal/net:75:18)
    at writeOrBuffer (node:internal/streams/writable:570:12)
    at _write (node:internal/streams/writable:499:10)
    at Writable.write (node:internal/streams/writable:508:10)
    at Console.log (C:\Users\xioas\AppData\Roaming\npm\node_modules\firebase-tools\node_modules\winston\lib\winston\transports\console.js:87:23)
    at Console._write (C:\Users\xioas\AppData\Roaming\npm\node_modules\firebase-tools\node_modules\winston-transport\modern.js:103:17)
    at doWrite (C:\Users\xioas\AppData\Roaming\npm\node_modules\firebase-tools\node_modules\winston-transport\node_modules\readable-stream\lib\_stream_writable.js:390:139)
    at writeOrBuffer (C:\Users\xioas\AppData\Roaming\npm\node_modules\firebase-tools\node_modules\winston-transport\node_modules\readable-stream\lib\_stream_writable.js:381:5)
    at Writable.write (C:\Users\xioas\AppData\Roaming\npm\node_modules\firebase-tools\node_modules\winston-transport\node_modules\readable-stream\lib\_stream_writable.js:302:11)
    at DerivedLogger.ondata (C:\Users\xioas\AppData\Roaming\npm\node_modules\firebase-tools\node_modules\winston\node_modules\readable-stream\lib\_stream_readable.js:629:20)
[error] 
[error] Error: An unexpected error has occurred.
[debug] [2026-08-31T20:17:07.427Z] Error: EPIPE: broken pipe, write
    at Socket._write (node:internal/net:75:18)
    at writeOrBuffer (node:internal/streams/writable:570:12)
    at _write (node:internal/streams/writable:499:10)
    at Writable.write (node:internal/streams/writable:508:10)
    at Console.log (C:\Users\xioas\AppData\Roaming\npm\node_modules\firebase-tools\node_modules\winston\lib\winston\transports\console.js:87:23)
    at Console._write (C:\Users\xioas\AppData\Roaming\npm\node_modules\firebase-tools\node_modules\winston-transport\modern.js:103:17)
    at doWrite (C:\Users\xioas\AppData\Roaming\npm\node_modules\firebase-tools\node_modules\winston-transport\node_modules\readable-stream\lib\_stream_writable.js:390:139)
    at writeOrBuffer (C:\Users\xioas\AppData\Roaming\npm\node_modules\firebase-tools\node_modules\winston-transport\node_modules\readable-stream\lib\_stream_writable.js:381:5)
    at Writable.write (C:\Users\xioas\AppData\Roaming\npm\node_modules\firebase-tools\node_modules\winston-transport\node_modules\readable-stream\lib\_stream_writable.js:302:11)
    at DerivedLogger.ondata (C:\Users\xioas\AppData\Roaming\npm\node_modules\firebase-tools\node_modules\winston\node_modules\readable-stream\lib\_stream_readable.js:629:20)
[error] 
[error] Error: An unexpected error has occurred.
[debug] [2026-08-31T20:17:07.427Z] Error: EPIPE: broken pipe, write
    at Socket._write (node:internal/net:75:18)
    at writeOrBuffer (node:internal/streams/writable:570:12)
    at _write (node:internal/streams/writable:499:10)
    at Writable.write (node:internal/streams/writable:508:10)
    at Console.log (C:\Users\xioas\AppData\Roaming\npm\node_modules\firebase-tools\node_modules\winston\lib\winston\transports\console.js:87:23)
    at Console._write (C:\Users\xioas\AppData\Roaming\npm\node_modules\firebase-tools\node_modules\winston-transport\modern.js:103:17)
    at doWrite (C:\Users\xioas\AppData\Roaming\npm\node_modules\firebase-tools\node_modules\winston-transport\node_modules\readable-stream\lib\_stream_writable.js:390:139)
    at writeOrBuffer (C:\Users\xioas\AppData\Roaming\npm\node_modules\firebase-tools\node_modules\winston-transport\node_modules\readable-stream\lib\_stream_writable.js:381:5)
    at Writable.write (C:\Users\xioas\AppData\Roaming\npm\node_modules\firebase-tools\node_modules\winston-transport\node_modules\readable-stream\lib\_stream_writable.js:302:11)
    at DerivedLogger.ondata (C:\Users\xioas\AppData\Roaming\npm\node_modules\firebase-tools\node_modules\winston\node_modules\readable-stream\lib\_stream_readable.js:629:20)
[error] 
[error] Error: An unexpected error has occurred.
[debug] [2026-08-31T20:17:07.428Z] Error: EPIPE: broken pipe, write
    at Socket._write (node:internal/net:75:18)
    at writeOrBuffer (node:internal/streams/writable:570:12)
    at _write (node:internal/streams/writable:499:10)
    at Writable.write (node:internal/streams/writable:508:10)
    at Console.log (C:\Users\xioas\AppData\Roaming\npm\node_modules\firebase-tools\node_modules\winston\lib\winston\transports\console.js:87:23)
    at Console._write (C:\Users\xioas\AppData\Roaming\npm\node_modules\firebase-tools\node_modules\winston-transport\modern.js:103:17)
    at doWrite (C:\Users\xioas\AppData\Roaming\npm\node_modules\firebase-tools\node_modules\winston-transport\node_modules\readable-stream\lib\_stream_writable.js:390:139)
    at writeOrBuffer (C:\Users\xioas\AppData\Roaming\npm\node_modules\firebase-tools\node_modules\winston-transport\node_modules\readable-stream\lib\_stream_writable.js:381:5)
    at Writable.write (C:\Users\xioas\AppData\Roaming\npm\node_modules\firebase-tools\node_modules\winston-transport\node_modules\readable-stream\lib\_stream_writable.js:302:11)
    at DerivedLogger.ondata (C:\Users\xioas\AppData\Roaming\npm\node_modules\firebase-tools\node_modules\winston\node_modules\readable-stream\lib\_stream_readable.js:629:20)
[error] 
[error] Error: An unexpected error has occurred.
[debug] [2026-08-31T20:17:07.428Z] Error: EPIPE: broken pipe, write
    at Socket._write (node:internal/net:75:18)
    at writeOrBuffer (node:internal/streams/writable:570:12)
    at _write (node:internal/streams/writable:499:10)
    at Writable.write (node:internal/streams/writable:508:10)
    at Console.log (C:\Users\xioas\AppData\Roaming\npm\node_modules\firebase-tools\node_modules\winston\lib\winston\transports\console.js:87:23)
    at Console._write (C:\Users\xioas\AppData\Roaming\npm\node_modules\firebase-tools\node_modules\winston-transport\modern.js:103:17)
    at doWrite (C:\Users\xioas\AppData\Roaming\npm\node_modules\firebase-tools\node_modules\winston-transport\node_modules\readable-stream\lib\_stream_writable.js:390:139)
    at writeOrBuffer (C:\Users\xioas\AppData\Roaming\npm\node_modules\firebase-tools\node_modules\winston-transport\node_modules\readable-stream\lib\_stream_writable.js:381:5)
    at Writable.write (C:\Users\xioas\AppData\Roaming\npm\node_modules\firebase-tools\node_modules\winston-transport\node_modules\readable-stream\lib\_stream_writable.js:302:11)
    at DerivedLogger.ondata (C:\Users\xioas\AppData\Roaming\npm\node_modules\firebase-tools\node_modules\winston\node_modules\readable-stream\lib\_stream_readable.js:629:20)
[error] 
[error] Error: An unexpected error has occurred.
[debug] [2026-08-31T20:17:07.429Z] Error: EPIPE: broken pipe, write
    at Socket._write (node:internal/net:75:18)
    at writeOrBuffer (node:internal/streams/writable:570:12)
    at _write (node:internal/streams/writable:499:10)
    at Writable.write (node:internal/streams/writable:508:10)
    at Console.log (C:\Users\xioas\AppData\Roaming\npm\node_modules\firebase-tools\node_modules\winston\lib\winston\transports\console.js:87:23)
    at Console._write (C:\Users\xioas\AppData\Roaming\npm\node_modules\firebase-tools\node_modules\winston-transport\modern.js:103:17)
    at doWrite (C:\Users\xioas\AppData\Roaming\npm\node_modules\firebase-tools\node_modules\winston-transport\node_modules\readable-stream\lib\_stream_writable.js:390:139)
    at writeOrBuffer (C:\Users\xioas\AppData\Roaming\npm\node_modules\firebase-tools\node_modules\winston-transport\node_modules\readable-stream\lib\_stream_writable.js:381:5)
    at Writable.write (C:\Users\xioas\AppData\Roaming\npm\node_modules\firebase-tools\node_modules\winston-transport\node_modules\readable-stream\lib\_stream_writable.js:302:11)
    at DerivedLogger.ondata (C:\Users\xioas\AppData\Roaming\npm\node_modules\firebase-tools\node_modules\winston\node_modules\readable-stream\lib\_stream_readable.js:629:20)
[error] 
[error] Error: An unexpected error has occurred.
[debug] [2026-08-31T20:17:07.429Z] Error: EPIPE: broken pipe, write
    at Socket._write (node:internal/net:75:18)
    at writeOrBuffer (node:internal/streams/writable:570:12)
    at _write (node:internal/streams/writable:499:10)
    at Writable.write (node:internal/streams/writable:508:10)
    at Console.log (C:\Users\xioas\AppData\Roaming\npm\node_modules\firebase-tools\node_modules\winston\lib\winston\transports\console.js:87:23)
    at Console._write (C:\Users\xioas\AppData\Roaming\npm\node_modules\firebase-tools\node_modules\winston-transport\modern.js:103:17)
    at doWrite (C:\Users\xioas\AppData\Roaming\npm\node_modules\firebase-tools\node_modules\winston-transport\node_modules\readable-stream\lib\_stream_writable.js:390:139)
    at writeOrBuffer (C:\Users\xioas\AppData\Roaming\npm\node_modules\firebase-tools\node_modules\winston-transport\node_modules\readable-stream\lib\_stream_writable.js:381:5)
    at Writable.write (C:\Users\xioas\AppData\Roaming\npm\node_modules\firebase-tools\node_modules\winston-transport\node_modules\readable-stream\lib\_stream_writable.js:302:11)
    at DerivedLogger.ondata (C:\Users\xioas\AppData\Roaming\npm\node_modules\firebase-tools\node_modules\winston\node_modules\readable-stream\lib\_stream_readable.js:629:20)
[error] 
[error] Error: An unexpected error has occurred.
[debug] [2026-08-31T20:17:07.429Z] Error: EPIPE: broken pipe, write
    at Socket._write (node:internal/net:75:18)
    at writeOrBuffer (node:internal/streams/writable:570:12)
    at _write (node:internal/streams/writable:499:10)
    at Writable.write (node:internal/streams/writable:508:10)
    at Console.log (C:\Users\xioas\AppData\Roaming\npm\node_modules\firebase-tools\node_modules\winston\lib\winston\transports\console.js:87:23)
    at Console._write (C:\Users\xioas\AppData\Roaming\npm\node_modules\firebase-tools\node_modules\winston-transport\modern.js:103:17)
    at doWrite (C:\Users\xioas\AppData\Roaming\npm\node_modules\firebase-tools\node_modules\winston-transport\node_modules\readable-stream\lib\_stream_writable.js:390:139)
    at writeOrBuffer (C:\Users\xioas\AppData\Roaming\npm\node_modules\firebase-tools\node_modules\winston-transport\node_modules\readable-stream\lib\_stream_writable.js:381:5)
    at Writable.write (C:\Users\xioas\AppData\Roaming\npm\node_modules\firebase-tools\node_modules\winston-transport\node_modules\readable-stream\lib\_stream_writable.js:302:11)
    at DerivedLogger.ondata (C:\Users\xioas\AppData\Roaming\npm\node_modules\firebase-tools\node_modules\winston\node_modules\readable-stream\lib\_stream_readable.js:629:20)
[error] 
[error] Error: An unexpected error has occurred.
[debug] [2026-08-31T20:17:07.430Z] Error: EPIPE: broken pipe, write
    at Socket._write (node:internal/net:75:18)
    at writeOrBuffer (node:internal/streams/writable:570:12)
    at _write (node:internal/streams/writable:499:10)
    at Writable.write (node:internal/streams/writable:508:10)
    at Console.log (C:\Users\xioas\AppData\Roaming\npm\node_modules\firebase-tools\node_modules\winston\lib\winston\transports\console.js:87:23)
    at Console._write (C:\Users\xioas\AppData\Roaming\npm\node_modules\firebase-tools\node_modules\winston-transport\modern.js:103:17)
    at doWrite (C:\Users\xioas\AppData\Roaming\npm\node_modules\firebase-tools\node_modules\winston-transport\node_modules\readable-stream\lib\_stream_writable.js:390:139)
    at writeOrBuffer (C:\Users\xioas\AppData\Roaming\npm\node_modules\firebase-tools\node_modules\winston-transport\node_modules\readable-stream\lib\_stream_writable.js:381:5)
    at Writable.write (C:\Users\xioas\AppData\Roaming\npm\node_modules\firebase-tools\node_modules\winston-transport\node_modules\readable-stream\lib\_stream_writable.js:302:11)
    at DerivedLogger.ondata (C:\Users\xioas\AppData\Roaming\npm\node_modules\firebase-tools\node_modules\winston\node_modules\readable-stream\lib\_stream_readable.js:629:20)
[error] 
[error] Error: An unexpected error has occurred.
[debug] [2026-08-31T20:17:07.431Z] Error: EPIPE: broken pipe, write
    at Socket._write (node:internal/net:75:18)
    at writeOrBuffer (node:internal/streams/writable:570:12)
    at _write (node:internal/streams/writable:499:10)
    at Writable.write (node:internal/streams/writable:508:10)
    at Console.log (C:\Users\xioas\AppData\Roaming\npm\node_modules\firebase-tools\node_modules\winston\lib\winston\transports\console.js:87:23)
    at Console._write (C:\Users\xioas\AppData\Roaming\npm\node_modules\firebase-tools\node_modules\winston-transport\modern.js:103:17)
    at doWrite (C:\Users\xioas\AppData\Roaming\npm\node_modules\firebase-tools\node_modules\winston-transport\node_modules\readable-stream\lib\_stream_writable.js:390:139)
    at writeOrBuffer (C:\Users\xioas\AppData\Roaming\npm\node_modules\firebase-tools\node_modules\winston-transport\node_modules\readable-stream\lib\_stream_writable.js:381:5)
    at Writable.write (C:\Users\xioas\AppData\Roaming\npm\node_modules\firebase-tools\node_modules\winston-transport\node_modules\readable-stream\lib\_stream_writable.js:302:11)
    at DerivedLogger.ondata (C:\Users\xioas\AppData\Roaming\npm\node_modules\firebase-tools\node_modules\winston\node_modules\readable-stream\lib\_stream_readable.js:629:20)
[error] 
[error] Error: An unexpected error has occurred.
[debug] [2026-08-31T20:17:07.432Z] Error: EPIPE: broken pipe, write
    at Socket._write (node:internal/net:75:18)
    at writeOrBuffer (node:internal/streams/writable:570:12)
    at _write (node:internal/streams/writable:499:10)
    at Writable.write (node:internal/streams/writable:508:10)
    at Console.log (C:\Users\xioas\AppData\Roaming\npm\node_modules\firebase-tools\node_modules\winston\lib\winston\transports\console.js:87:23)
    at Console._write (C:\Users\xioas\AppData\Roaming\npm\node_modules\firebase-tools\node_modules\winston-transport\modern.js:103:17)
    at doWrite (C:\Users\xioas\AppData\Roaming\npm\node_modules\firebase-tools\node_modules\winston-transport\node_modules\readable-stream\lib\_stream_writable.js:390:139)
    at writeOrBuffer (C:\Users\xioas\AppData\Roaming\npm\node_modules\firebase-tools\node_modules\winston-transport\node_modules\readable-stream\lib\_stream_writable.js:381:5)
    at Writable.write (C:\Users\xioas\AppData\Roaming\npm\node_modules\firebase-tools\node_modules\winston-transport\node_modules\readable-stream\lib\_stream_writable.js:302:11)
    at DerivedLogger.ondata (C:\Users\xioas\AppData\Roaming\npm\node_modules\firebase-tools\node_modules\winston\node_modules\readable-stream\lib\_stream_readable.js:629:20)
[error] 
[error] Error: An unexpected error has occurred.
[debug] [2026-08-31T20:17:07.433Z] Error: EPIPE: broken pipe, write
    at Socket._write (node:internal/net:75:18)
    at writeOrBuffer (node:internal/streams/writable:570:12)
    at _write (node:internal/streams/writable:499:10)
    at Writable.write (node:internal/streams/writable:508:10)
    at Console.log (C:\Users\xioas\AppData\Roaming\npm\node_modules\firebase-tools\node_modules\winston\lib\winston\transports\console.js:87:23)
    at Console._write (C:\Users\xioas\AppData\Roaming\npm\node_modules\firebase-tools\node_modules\winston-transport\modern.js:103:17)
    at doWrite (C:\Users\xioas\AppData\Roaming\npm\node_modules\firebase-tools\node_modules\winston-transport\node_modules\readable-stream\lib\_stream_writable.js:390:139)
    at writeOrBuffer (C:\Users\xioas\AppData\Roaming\npm\node_modules\firebase-tools\node_modules\winston-transport\node_modules\readable-stream\lib\_stream_writable.js:381:5)
    at Writable.write (C:\Users\xioas\AppData\Roaming\npm\node_modules\firebase-tools\node_modules\winston-transport\node_modules\readable-stream\lib\_stream_writable.js:302:11)
    at DerivedLogger.ondata (C:\Users\xioas\AppData\Roaming\npm\node_modules\firebase-tools\node_modules\winston\node_modules\readable-stream\lib\_stream_readable.js:629:20)
[error] 
[error] Error: An unexpected error has occurred.
[debug] [2026-08-31T20:17:07.433Z] Error: EPIPE: broken pipe, write
    at Socket._write (node:internal/net:75:18)
    at writeOrBuffer (node:internal/streams/writable:570:12)
    at _write (node:internal/streams/writable:499:10)
    at Writable.write (node:internal/streams/writable:508:10)
    at Console.log (C:\Users\xioas\AppData\Roaming\npm\node_modules\firebase-tools\node_modules\winston\lib\winston\transports\console.js:87:23)
    at Console._write (C:\Users\xioas\AppData\Roaming\npm\node_modules\firebase-tools\node_modules\winston-transport\modern.js:103:17)
    at doWrite (C:\Users\xioas\AppData\Roaming\npm\node_modules\firebase-tools\node_modules\winston-transport\node_modules\readable-stream\lib\_stream_writable.js:390:139)
    at writeOrBuffer (C:\Users\xioas\AppData\Roaming\npm\node_modules\firebase-tools\node_modules\winston-transport\node_modules\readable-stream\lib\_stream_writable.js:381:5)
    at Writable.write (C:\Users\xioas\AppData\Roaming\npm\node_modules\firebase-tools\node_modules\winston-transport\node_modules\readable-stream\lib\_stream_writable.js:302:11)
    at DerivedLogger.ondata (C:\Users\xioas\AppData\Roaming\npm\node_modules\firebase-tools\node_modules\winston\node_modules\readable-stream\lib\_stream_readable.js:629:20)
[error] 
[error] Error: An unexpected error has occurred.
[debug] [2026-08-31T20:17:07.433Z] Error: EPIPE: broken pipe, write
    at Socket._write (node:internal/net:75:18)
    at writeOrBuffer (node:internal/streams/writable:570:12)
    at _write (node:internal/streams/writable:499:10)
    at Writable.write (node:internal/streams/writable:508:10)
    at Console.log (C:\Users\xioas\AppData\Roaming\npm\node_modules\firebase-tools\node_modules\winston\lib\winston\transports\console.js:87:23)
    at Console._write (C:\Users\xioas\AppData\Roaming\npm\node_modules\firebase-tools\node_modules\winston-transport\modern.js:103:17)
    at doWrite (C:\Users\xioas\AppData\Roaming\npm\node_modules\firebase-tools\node_modules\winston-transport\node_modules\readable-stream\lib\_stream_writable.js:390:139)
    at writeOrBuffer (C:\Users\xioas\AppData\Roaming\npm\node_modules\firebase-tools\node_modules\winston-transport\node_modules\readable-stream\lib\_stream_writable.js:381:5)
    at Writable.write (C:\Users\xioas\AppData\Roaming\npm\node_modules\firebase-tools\node_modules\winston-transport\node_modules\readable-stream\lib\_stream_writable.js:302:11)
    at DerivedLogger.ondata (C:\Users\xioas\AppData\Roaming\npm\node_modules\firebase-tools\node_modules\winston\node_modules\readable-stream\lib\_stream_readable.js:629:20)
[error] 
[error] Error: An unexpected error has occurred.
[debug] [2026-08-31T20:17:07.434Z] Error: EPIPE: broken pipe, write
    at Socket._write (node:internal/net:75:18)
    at writeOrBuffer (node:internal/streams/writable:570:12)
    at _write (node:internal/streams/writable:499:10)
    at Writable.write (node:internal/streams/writable:508:10)
    at Console.log (C:\Users\xioas\AppData\Roaming\npm\node_modules\firebase-tools\node_modules\winston\lib\winston\transports\console.js:87:23)
    at Console._write (C:\Users\xioas\AppData\Roaming\npm\node_modules\firebase-tools\node_modules\winston-transport\modern.js:103:17)
    at doWrite (C:\Users\xioas\AppData\Roaming\npm\node_modules\firebase-tools\node_modules\winston-transport\node_modules\readable-stream\lib\_stream_writable.js:390:139)
    at writeOrBuffer (C:\Users\xioas\AppData\Roaming\npm\node_modules\firebase-tools\node_modules\winston-transport\node_modules\readable-stream\lib\_stream_writable.js:381:5)
    at Writable.write (C:\Users\xioas\AppData\Roaming\npm\node_modules\firebase-tools\node_modules\winston-transport\node_modules\readable-stream\lib\_stream_writable.js:302:11)
    at DerivedLogger.ondata (C:\Users\xioas\AppData\Roaming\npm\node_modules\firebase-tools\node_modules\winston\node_modules\readable-stream\lib\_stream_readable.js:629:20)
[error] 
[error] Error: An unexpected error has occurred.
[debug] [2026-08-31T20:17:07.434Z] Error: EPIPE: broken pipe, write
    at Socket._write (node:internal/net:75:18)
    at writeOrBuffer (node:internal/streams/writable:570:12)
    at _write (node:internal/streams/writable:499:10)
    at Writable.write (node:internal/streams/writable:508:10)
    at Console.log (C:\Users\xioas\AppData\Roaming\npm\node_modules\firebase-tools\node_modules\winston\lib\winston\transports\console.js:87:23)
    at Console._write (C:\Users\xioas\AppData\Roaming\npm\node_modules\firebase-tools\node_modules\winston-transport\modern.js:103:17)
    at doWrite (C:\Users\xioas\AppData\Roaming\npm\node_modules\firebase-tools\node_modules\winston-transport\node_modules\readable-stream\lib\_stream_writable.js:390:139)
    at writeOrBuffer (C:\Users\xioas\AppData\Roaming\npm\node_modules\firebase-tools\node_modules\winston-transport\node_modules\readable-stream\lib\_stream_writable.js:381:5)
    at Writable.write (C:\Users\xioas\AppData\Roaming\npm\node_modules\firebase-tools\node_modules\winston-transport\node_modules\readable-stream\lib\_stream_writable.js:302:11)
    at DerivedLogger.ondata (C:\Users\xioas\AppData\Roaming\npm\node_modules\firebase-tools\node_modules\winston\node_modules\readable-stream\lib\_stream_readable.js:629:20)
[error] 
[error] Error: An unexpected error has occurred.
[debug] [2026-08-31T20:17:07.434Z] Error: EPIPE: broken pipe, write
    at Socket._write (node:internal/net:75:18)
    at writeOrBuffer (node:internal/streams/writable:570:12)
    at _write (node:internal/streams/writable:499:10)
    at Writable.write (node:internal/streams/writable:508:10)
    at Console.log (C:\Users\xioas\AppData\Roaming\npm\node_modules\firebase-tools\node_modules\winston\lib\winston\transports\console.js:87:23)
    at Console._write (C:\Users\xioas\AppData\Roaming\npm\node_modules\firebase-tools\node_modules\winston-transport\modern.js:103:17)
    at doWrite (C:\Users\xioas\AppData\Roaming\npm\node_modules\firebase-tools\node_modules\winston-transport\node_modules\readable-stream\lib\_stream_writable.js:390:139)
    at writeOrBuffer (C:\Users\xioas\AppData\Roaming\npm\node_modules\firebase-tools\node_modules\winston-transport\node_modules\readable-stream\lib\_stream_writable.js:381:5)
    at Writable.write (C:\Users\xioas\AppData\Roaming\npm\node_modules\firebase-tools\node_modules\winston-transport\node_modules\readable-stream\lib\_stream_writable.js:302:11)
    at DerivedLogger.ondata (C:\Users\xioas\AppData\Roaming\npm\node_modules\firebase-tools\node_modules\winston\node_modules\readable-stream\lib\_stream_readable.js:629:20)
[error] 
[error] Error: An unexpected error has occurred.
[debug] [2026-08-31T20:17:07.434Z] Error: EPIPE: broken pipe, write
    at Socket._write (node:internal/net:75:18)
    at writeOrBuffer (node:internal/streams/writable:570:12)
    at _write (node:internal/streams/writable:499:10)
    at Writable.write (node:internal/streams/writable:508:10)
    at Console.log (C:\Users\xioas\AppData\Roaming\npm\node_modules\firebase-tools\node_modules\winston\lib\winston\transports\console.js:87:23)
    at Console._write (C:\Users\xioas\AppData\Roaming\npm\node_modules\firebase-tools\node_modules\winston-transport\modern.js:103:17)
    at doWrite (C:\Users\xioas\AppData\Roaming\npm\node_modules\firebase-tools\node_modules\winston-transport\node_modules\readable-stream\lib\_stream_writable.js:390:139)
    at writeOrBuffer (C:\Users\xioas\AppData\Roaming\npm\node_modules\firebase-tools\node_modules\winston-transport\node_modules\readable-stream\lib\_stream_writable.js:381:5)
    at Writable.write (C:\Users\xioas\AppData\Roaming\npm\node_modules\firebase-tools\node_modules\winston-transport\node_modules\readable-stream\lib\_stream_writable.js:302:11)
    at DerivedLogger.ondata (C:\Users\xioas\AppData\Roaming\npm\node_modules\firebase-tools\node_modules\winston\node_modules\readable-stream\lib\_stream_readable.js:629:20)
[error] 
[error] Error: An unexpected error has occurred.
[debug] [2026-08-31T20:17:07.434Z] Error: EPIPE: broken pipe, write
    at Socket._write (node:internal/net:75:18)
    at writeOrBuffer (node:internal/streams/writable:570:12)
    at _write (node:internal/streams/writable:499:10)
    at Writable.write (node:internal/streams/writable:508:10)
    at Console.log (C:\Users\xioas\AppData\Roaming\npm\node_modules\firebase-tools\node_modules\winston\lib\winston\transports\console.js:87:23)
    at Console._write (C:\Users\xioas\AppData\Roaming\npm\node_modules\firebase-tools\node_modules\winston-transport\modern.js:103:17)
    at doWrite (C:\Users\xioas\AppData\Roaming\npm\node_modules\firebase-tools\node_modules\winston-transport\node_modules\readable-stream\lib\_stream_writable.js:390:139)
    at writeOrBuffer (C:\Users\xioas\AppData\Roaming\npm\node_modules\firebase-tools\node_modules\winston-transport\node_modules\readable-stream\lib\_stream_writable.js:381:5)
    at Writable.write (C:\Users\xioas\AppData\Roaming\npm\node_modules\firebase-tools\node_modules\winston-transport\node_modules\readable-stream\lib\_stream_writable.js:302:11)
    at DerivedLogger.ondata (C:\Users\xioas\AppData\Roaming\npm\node_modules\firebase-tools\node_modules\winston\node_modules\readable-stream\lib\_stream_readable.js:629:20)
[error] 
[error] Error: An unexpected error has occurred.
[debug] [2026-08-31T20:17:07.435Z] Error: EPIPE: broken pipe, write
    at Socket._write (node:internal/net:75:18)
    at writeOrBuffer (node:internal/streams/writable:570:12)
    at _write (node:internal/streams/writable:499:10)
    at Writable.write (node:internal/streams/writable:508:10)
    at Console.log (C:\Users\xioas\AppData\Roaming\npm\node_modules\firebase-tools\node_modules\winston\lib\winston\transports\console.js:87:23)
    at Console._write (C:\Users\xioas\AppData\Roaming\npm\node_modules\firebase-tools\node_modules\winston-transport\modern.js:103:17)
    at doWrite (C:\Users\xioas\AppData\Roaming\npm\node_modules\firebase-tools\node_modules\winston-transport\node_modules\readable-stream\lib\_stream_writable.js:390:139)
    at writeOrBuffer (C:\Users\xioas\AppData\Roaming\npm\node_modules\firebase-tools\node_modules\winston-transport\node_modules\readable-stream\lib\_stream_writable.js:381:5)
    at Writable.write (C:\Users\xioas\AppData\Roaming\npm\node_modules\firebase-tools\node_modules\winston-transport\node_modules\readable-stream\lib\_stream_writable.js:302:11)
    at DerivedLogger.ondata (C:\Users\xioas\AppData\Roaming\npm\node_modules\firebase-tools\node_modules\winston\node_modules\readable-stream\lib\_stream_readable.js:629:20)
[error] 
[error] Error: An unexpected error has occurred.
[debug] [2026-08-31T20:17:07.435Z] Error: EPIPE: broken pipe, write
    at Socket._write (node:internal/net:75:18)
    at writeOrBuffer (node:internal/streams/writable:570:12)
    at _write (node:internal/streams/writable:499:10)
    at Writable.write (node:internal/streams/writable:508:10)
    at Console.log (C:\Users\xioas\AppData\Roaming\npm\node_modules\firebase-tools\node_modules\winston\lib\winston\transports\console.js:87:23)
    at Console._write (C:\Users\xioas\AppData\Roaming\npm\node_modules\firebase-tools\node_modules\winston-transport\modern.js:103:17)
    at doWrite (C:\Users\xioas\AppData\Roaming\npm\node_modules\firebase-tools\node_modules\winston-transport\node_modules\readable-stream\lib\_stream_writable.js:390:139)
    at writeOrBuffer (C:\Users\xioas\AppData\Roaming\npm\node_modules\firebase-tools\node_modules\winston-transport\node_modules\readable-stream\lib\_stream_writable.js:381:5)
    at Writable.write (C:\Users\xioas\AppData\Roaming\npm\node_modules\firebase-tools\node_modules\winston-transport\node_modules\readable-stream\lib\_stream_writable.js:302:11)
    at DerivedLogger.ondata (C:\Users\xioas\AppData\Roaming\npm\node_modules\firebase-tools\node_modules\winston\node_modules\readable-stream\lib\_stream_readable.js:629:20)
[error] 
[error] Error: An unexpected error has occurred.
[debug] [2026-08-31T20:17:07.435Z] Error: EPIPE: broken pipe, write
    at Socket._write (node:internal/net:75:18)
    at writeOrBuffer (node:internal/streams/writable:570:12)
    at _write (node:internal/streams/writable:499:10)
    at Writable.write (node:internal/streams/writable:508:10)
    at Console.log (C:\Users\xioas\AppData\Roaming\npm\node_modules\firebase-tools\node_modules\winston\lib\winston\transports\console.js:87:23)
    at Console._write (C:\Users\xioas\AppData\Roaming\npm\node_modules\firebase-tools\node_modules\winston-transport\modern.js:103:17)
    at doWrite (C:\Users\xioas\AppData\Roaming\npm\node_modules\firebase-tools\node_modules\winston-transport\node_modules\readable-stream\lib\_stream_writable.js:390:139)
    at writeOrBuffer (C:\Users\xioas\AppData\Roaming\npm\node_modules\firebase-tools\node_modules\winston-transport\node_modules\readable-stream\lib\_stream_writable.js:381:5)
    at Writable.write (C:\Users\xioas\AppData\Roaming\npm\node_modules\firebase-tools\node_modules\winston-transport\node_modules\readable-stream\lib\_stream_writable.js:302:11)
    at DerivedLogger.ondata (C:\Users\xioas\AppData\Roaming\npm\node_modules\firebase-tools\node_modules\winston\node_modules\readable-stream\lib\_stream_readable.js:629:20)
[error] 
[error] Error: An unexpected error has occurred.
[debug] [2026-08-31T20:17:07.436Z] Error: EPIPE: broken pipe, write
    at Socket._write (node:internal/net:75:18)
    at writeOrBuffer (node:internal/streams/writable:570:12)
    at _write (node:internal/streams/writable:499:10)
    at Writable.write (node:internal/streams/writable:508:10)
    at Console.log (C:\Users\xioas\AppData\Roaming\npm\node_modules\firebase-tools\node_modules\winston\lib\winston\transports\console.js:87:23)
    at Console._write (C:\Users\xioas\AppData\Roaming\npm\node_modules\firebase-tools\node_modules\winston-transport\modern.js:103:17)
    at doWrite (C:\Users\xioas\AppData\Roaming\npm\node_modules\firebase-tools\node_modules\winston-transport\node_modules\readable-stream\lib\_stream_writable.js:390:139)
    at writeOrBuffer (C:\Users\xioas\AppData\Roaming\npm\node_modules\firebase-tools\node_modules\winston-transport\node_modules\readable-stream\lib\_stream_writable.js:381:5)
    at Writable.write (C:\Users\xioas\AppData\Roaming\npm\node_modules\firebase-tools\node_modules\winston-transport\node_modules\readable-stream\lib\_stream_writable.js:302:11)
    at DerivedLogger.ondata (C:\Users\xioas\AppData\Roaming\npm\node_modules\firebase-tools\node_modules\winston\node_modules\readable-stream\lib\_stream_readable.js:629:20)
[error] 
[error] Error: An unexpected error has occurred.
[debug] [2026-08-31T20:17:07.436Z] Error: EPIPE: broken pipe, write
    at Socket._write (node:internal/net:75:18)
    at writeOrBuffer (node:internal/streams/writable:570:12)
    at _write (node:internal/streams/writable:499:10)
    at Writable.write (node:internal/streams/writable:508:10)
    at Console.log (C:\Users\xioas\AppData\Roaming\npm\node_modules\firebase-tools\node_modules\winston\lib\winston\transports\console.js:87:23)
    at Console._write (C:\Users\xioas\AppData\Roaming\npm\node_modules\firebase-tools\node_modules\winston-transport\modern.js:103:17)
    at doWrite (C:\Users\xioas\AppData\Roaming\npm\node_modules\firebase-tools\node_modules\winston-transport\node_modules\readable-stream\lib\_stream_writable.js:390:139)
    at writeOrBuffer (C:\Users\xioas\AppData\Roaming\npm\node_modules\firebase-tools\node_modules\winston-transport\node_modules\readable-stream\lib\_stream_writable.js:381:5)
    at Writable.write (C:\Users\xioas\AppData\Roaming\npm\node_modules\firebase-tools\node_modules\winston-transport\node_modules\readable-stream\lib\_stream_writable.js:302:11)
    at DerivedLogger.ondata (C:\Users\xioas\AppData\Roaming\npm\node_modules\firebase-tools\node_modules\winston\node_modules\readable-stream\lib\_stream_readable.js:629:20)
[error] 
[error] Error: An unexpected error has occurred.
[debug] [2026-08-31T20:17:07.437Z] Error: EPIPE: broken pipe, write
    at Socket._write (node:internal/net:75:18)
    at writeOrBuffer (node:internal/streams/writable:570:12)
    at _write (node:internal/streams/writable:499:10)
    at Writable.write (node:internal/streams/writable:508:10)
    at Console.log (C:\Users\xioas\AppData\Roaming\npm\node_modules\firebase-tools\node_modules\winston\lib\winston\transports\console.js:87:23)
    at Console._write (C:\Users\xioas\AppData\Roaming\npm\node_modules\firebase-tools\node_modules\winston-transport\modern.js:103:17)
    at doWrite (C:\Users\xioas\AppData\Roaming\npm\node_modules\firebase-tools\node_modules\winston-transport\node_modules\readable-stream\lib\_stream_writable.js:390:139)
    at writeOrBuffer (C:\Users\xioas\AppData\Roaming\npm\node_modules\firebase-tools\node_modules\winston-transport\node_modules\readable-stream\lib\_stream_writable.js:381:5)
    at Writable.write (C:\Users\xioas\AppData\Roaming\npm\node_modules\firebase-tools\node_modules\winston-transport\node_modules\readable-stream\lib\_stream_writable.js:302:11)
    at DerivedLogger.ondata (C:\Users\xioas\AppData\Roaming\npm\node_modules\firebase-tools\node_modules\winston\node_modules\readable-stream\lib\_stream_readable.js:629:20)
[error] 
[error] Error: An unexpected error has occurred.
[debug] [2026-08-31T20:17:07.437Z] Error: EPIPE: broken pipe, write
    at Socket._write (node:internal/net:75:18)
    at writeOrBuffer (node:internal/streams/writable:570:12)
    at _write (node:internal/streams/writable:499:10)
    at Writable.write (node:internal/streams/writable:508:10)
    at Console.log (C:\Users\xioas\AppData\Roaming\npm\node_modules\firebase-tools\node_modules\winston\lib\winston\transports\console.js:87:23)
    at Console._write (C:\Users\xioas\AppData\Roaming\npm\node_modules\firebase-tools\node_modules\winston-transport\modern.js:103:17)
    at doWrite (C:\Users\xioas\AppData\Roaming\npm\node_modules\firebase-tools\node_modules\winston-transport\node_modules\readable-stream\lib\_stream_writable.js:390:139)
    at writeOrBuffer (C:\Users\xioas\AppData\Roaming\npm\node_modules\firebase-tools\node_modules\winston-transport\node_modules\readable-stream\lib\_stream_writable.js:381:5)
    at Writable.write (C:\Users\xioas\AppData\Roaming\npm\node_modules\firebase-tools\node_modules\winston-transport\node_modules\readable-stream\lib\_stream_writable.js:302:11)
    at DerivedLogger.ondata (C:\Users\xioas\AppData\Roaming\npm\node_modules\firebase-tools\node_modules\winston\node_modules\readable-stream\lib\_stream_readable.js:629:20)
[error] 
[error] Error: An unexpected error has occurred.
[debug] [2026-08-31T20:17:07.437Z] Error: EPIPE: broken pipe, write
    at Socket._write (node:internal/net:75:18)
    at writeOrBuffer (node:internal/streams/writable:570:12)
    at _write (node:internal/streams/writable:499:10)
    at Writable.write (node:internal/streams/writable:508:10)
    at Console.log (C:\Users\xioas\AppData\Roaming\npm\node_modules\firebase-tools\node_modules\winston\lib\winston\transports\console.js:87:23)
    at Console._write (C:\Users\xioas\AppData\Roaming\npm\node_modules\firebase-tools\node_modules\winston-transport\modern.js:103:17)
    at doWrite (C:\Users\xioas\AppData\Roaming\npm\node_modules\firebase-tools\node_modules\winston-transport\node_modules\readable-stream\lib\_stream_writable.js:390:139)
    at writeOrBuffer (C:\Users\xioas\AppData\Roaming\npm\node_modules\firebase-tools\node_modules\winston-transport\node_modules\readable-stream\lib\_stream_writable.js:381:5)
    at Writable.write (C:\Users\xioas\AppData\Roaming\npm\node_modules\firebase-tools\node_modules\winston-transport\node_modules\readable-stream\lib\_stream_writable.js:302:11)
    at DerivedLogger.ondata (C:\Users\xioas\AppData\Roaming\npm\node_modules\firebase-tools\node_modules\winston\node_modules\readable-stream\lib\_stream_readable.js:629:20)
[error] 
[error] Error: An unexpected error has occurred.
[debug] [2026-08-31T20:17:07.437Z] Error: EPIPE: broken pipe, write
    at Socket._write (node:internal/net:75:18)
    at writeOrBuffer (node:internal/streams/writable:570:12)
    at _write (node:internal/streams/writable:499:10)
    at Writable.write (node:internal/streams/writable:508:10)
    at Console.log (C:\Users\xioas\AppData\Roaming\npm\node_modules\firebase-tools\node_modules\winston\lib\winston\transports\console.js:87:23)
    at Console._write (C:\Users\xioas\AppData\Roaming\npm\node_modules\firebase-tools\node_modules\winston-transport\modern.js:103:17)
    at doWrite (C:\Users\xioas\AppData\Roaming\npm\node_modules\firebase-tools\node_modules\winston-transport\node_modules\readable-stream\lib\_stream_writable.js:390:139)
    at writeOrBuffer (C:\Users\xioas\AppData\Roaming\npm\node_modules\firebase-tools\node_modules\winston-transport\node_modules\readable-stream\lib\_stream_writable.js:381:5)
    at Writable.write (C:\Users\xioas\AppData\Roaming\npm\node_modules\firebase-tools\node_modules\winston-transport\node_modules\readable-stream\lib\_stream_writable.js:302:11)
    at DerivedLogger.ondata (C:\Users\xioas\AppData\Roaming\npm\node_modules\firebase-tools\node_modules\winston\node_modules\readable-stream\lib\_stream_readable.js:629:20)
[error] 
[error] Error: An unexpected error has occurred.
[debug] [2026-08-31T20:17:07.438Z] Error: EPIPE: broken pipe, write
    at Socket._write (node:internal/net:75:18)
    at writeOrBuffer (node:internal/streams/writable:570:12)
    at _write (node:internal/streams/writable:499:10)
    at Writable.write (node:internal/streams/writable:508:10)
    at Console.log (C:\Users\xioas\AppData\Roaming\npm\node_modules\firebase-tools\node_modules\winston\lib\winston\transports\console.js:87:23)
    at Console._write (C:\Users\xioas\AppData\Roaming\npm\node_modules\firebase-tools\node_modules\winston-transport\modern.js:103:17)
    at doWrite (C:\Users\xioas\AppData\Roaming\npm\node_modules\firebase-tools\node_modules\winston-transport\node_modules\readable-stream\lib\_stream_writable.js:390:139)
    at writeOrBuffer (C:\Users\xioas\AppData\Roaming\npm\node_modules\firebase-tools\node_modules\winston-transport\node_modules\readable-stream\lib\_stream_writable.js:381:5)
    at Writable.write (C:\Users\xioas\AppData\Roaming\npm\node_modules\firebase-tools\node_modules\winston-transport\node_modules\readable-stream\lib\_stream_writable.js:302:11)
    at DerivedLogger.ondata (C:\Users\xioas\AppData\Roaming\npm\node_modules\firebase-tools\node_modules\winston\node_modules\readable-stream\lib\_stream_readable.js:629:20)
[error] 
[error] Error: An unexpected error has occurred.
[debug] [2026-08-31T20:17:07.438Z] Error: EPIPE: broken pipe, write
    at Socket._write (node:internal/net:75:18)
    at writeOrBuffer (node:internal/streams/writable:570:12)
    at _write (node:internal/streams/writable:499:10)
    at Writable.write (node:internal/streams/writable:508:10)
    at Console.log (C:\Users\xioas\AppData\Roaming\npm\node_modules\firebase-tools\node_modules\winston\lib\winston\transports\console.js:87:23)
    at Console._write (C:\Users\xioas\AppData\Roaming\npm\node_modules\firebase-tools\node_modules\winston-transport\modern.js:103:17)
    at doWrite (C:\Users\xioas\AppData\Roaming\npm\node_modules\firebase-tools\node_modules\winston-transport\node_modules\readable-stream\lib\_stream_writable.js:390:139)
    at writeOrBuffer (C:\Users\xioas\AppData\Roaming\npm\node_modules\firebase-tools\node_modules\winston-transport\node_modules\readable-stream\lib\_stream_writable.js:381:5)
    at Writable.write (C:\Users\xioas\AppData\Roaming\npm\node_modules\firebase-tools\node_modules\winston-transport\node_modules\readable-stream\lib\_stream_writable.js:302:11)
    at DerivedLogger.ondata (C:\Users\xioas\AppData\Roaming\npm\node_modules\firebase-tools\node_modules\winston\node_modules\readable-stream\lib\_stream_readable.js:629:20)
[error] 
[error] Error: An unexpected error has occurred.
[debug] [2026-08-31T20:17:07.438Z] Error: EPIPE: broken pipe, write
    at Socket._write (node:internal/net:75:18)
    at writeOrBuffer (node:internal/streams/writable:570:12)
    at _write (node:internal/streams/writable:499:10)
    at Writable.write (node:internal/streams/writable:508:10)
    at Console.log (C:\Users\xioas\AppData\Roaming\npm\node_modules\firebase-tools\node_modules\winston\lib\winston\transports\console.js:87:23)
    at Console._write (C:\Users\xioas\AppData\Roaming\npm\node_modules\firebase-tools\node_modules\winston-transport\modern.js:103:17)
    at doWrite (C:\Users\xioas\AppData\Roaming\npm\node_modules\firebase-tools\node_modules\winston-transport\node_modules\readable-stream\lib\_stream_writable.js:390:139)
    at writeOrBuffer (C:\Users\xioas\AppData\Roaming\npm\node_modules\firebase-tools\node_modules\winston-transport\node_modules\readable-stream\lib\_stream_writable.js:381:5)
    at Writable.write (C:\Users\xioas\AppData\Roaming\npm\node_modules\firebase-tools\node_modules\winston-transport\node_modules\readable-stream\lib\_stream_writable.js:302:11)
    at DerivedLogger.ondata (C:\Users\xioas\AppData\Roaming\npm\node_modules\firebase-tools\node_modules\winston\node_modules\readable-stream\lib\_stream_readable.js:629:20)
[error] 
[error] Error: An unexpected error has occurred.
[debug] [2026-08-31T20:17:07.439Z] Error: EPIPE: broken pipe, write
    at Socket._write (node:internal/net:75:18)
    at writeOrBuffer (node:internal/streams/writable:570:12)
    at _write (node:internal/streams/writable:499:10)
    at Writable.write (node:internal/streams/writable:508:10)
    at Console.log (C:\Users\xioas\AppData\Roaming\npm\node_modules\firebase-tools\node_modules\winston\lib\winston\transports\console.js:87:23)
    at Console._write (C:\Users\xioas\AppData\Roaming\npm\node_modules\firebase-tools\node_modules\winston-transport\modern.js:103:17)
    at doWrite (C:\Users\xioas\AppData\Roaming\npm\node_modules\firebase-tools\node_modules\winston-transport\node_modules\readable-stream\lib\_stream_writable.js:390:139)
    at writeOrBuffer (C:\Users\xioas\AppData\Roaming\npm\node_modules\firebase-tools\node_modules\winston-transport\node_modules\readable-stream\lib\_stream_writable.js:381:5)
    at Writable.write (C:\Users\xioas\AppData\Roaming\npm\node_modules\firebase-tools\node_modules\winston-transport\node_modules\readable-stream\lib\_stream_writable.js:302:11)
    at DerivedLogger.ondata (C:\Users\xioas\AppData\Roaming\npm\node_modules\firebase-tools\node_modules\winston\node_modules\readable-stream\lib\_stream_readable.js:629:20)
[error] 
[error] Error: An unexpected error has occurred.
[debug] [2026-08-31T20:17:07.439Z] Error: EPIPE: broken pipe, write
    at Socket._write (node:internal/net:75:18)
    at writeOrBuffer (node:internal/streams/writable:570:12)
    at _write (node:internal/streams/writable:499:10)
    at Writable.write (node:internal/streams/writable:508:10)
    at Console.log (C:\Users\xioas\AppData\Roaming\npm\node_modules\firebase-tools\node_modules\winston\lib\winston\transports\console.js:87:23)
    at Console._write (C:\Users\xioas\AppData\Roaming\npm\node_modules\firebase-tools\node_modules\winston-transport\modern.js:103:17)
    at doWrite (C:\Users\xioas\AppData\Roaming\npm\node_modules\firebase-tools\node_modules\winston-transport\node_modules\readable-stream\lib\_stream_writable.js:390:139)
    at writeOrBuffer (C:\Users\xioas\AppData\Roaming\npm\node_modules\firebase-tools\node_modules\winston-transport\node_modules\readable-stream\lib\_stream_writable.js:381:5)
    at Writable.write (C:\Users\xioas\AppData\Roaming\npm\node_modules\firebase-tools\node_modules\winston-transport\node_modules\readable-stream\lib\_stream_writable.js:302:11)
    at DerivedLogger.ondata (C:\Users\xioas\AppData\Roaming\npm\node_modules\firebase-tools\node_modules\winston\node_modules\readable-stream\lib\_stream_readable.js:629:20)
[error] 
[error] Error: An unexpected error has occurred.
[debug] [2026-08-31T20:17:07.439Z] Error: EPIPE: broken pipe, write
    at Socket._write (node:internal/net:75:18)
    at writeOrBuffer (node:internal/streams/writable:570:12)
    at _write (node:internal/streams/writable:499:10)
    at Writable.write (node:internal/streams/writable:508:10)
    at Console.log (C:\Users\xioas\AppData\Roaming\npm\node_modules\firebase-tools\node_modules\winston\lib\winston\transports\console.js:87:23)
    at Console._write (C:\Users\xioas\AppData\Roaming\npm\node_modules\firebase-tools\node_modules\winston-transport\modern.js:103:17)
    at doWrite (C:\Users\xioas\AppData\Roaming\npm\node_modules\firebase-tools\node_modules\winston-transport\node_modules\readable-stream\lib\_stream_writable.js:390:139)
    at writeOrBuffer (C:\Users\xioas\AppData\Roaming\npm\node_modules\firebase-tools\node_modules\winston-transport\node_modules\readable-stream\lib\_stream_writable.js:381:5)
    at Writable.write (C:\Users\xioas\AppData\Roaming\npm\node_modules\firebase-tools\node_modules\winston-transport\node_modules\readable-stream\lib\_stream_writable.js:302:11)
    at DerivedLogger.ondata (C:\Users\xioas\AppData\Roaming\npm\node_modules\firebase-tools\node_modules\winston\node_modules\readable-stream\lib\_stream_readable.js:629:20)
[error] 
[error] Error: An unexpected error has occurred.
[debug] [2026-08-31T20:17:07.439Z] Error: EPIPE: broken pipe, write
    at Socket._write (node:internal/net:75:18)
    at writeOrBuffer (node:internal/streams/writable:570:12)
    at _write (node:internal/streams/writable:499:10)
    at Writable.write (node:internal/streams/writable:508:10)
    at Console.log (C:\Users\xioas\AppData\Roaming\npm\node_modules\firebase-tools\node_modules\winston\lib\winston\transports\console.js:87:23)
    at Console._write (C:\Users\xioas\AppData\Roaming\npm\node_modules\firebase-tools\node_modules\winston-transport\modern.js:103:17)
    at doWrite (C:\Users\xioas\AppData\Roaming\npm\node_modules\firebase-tools\node_modules\winston-transport\node_modules\readable-stream\lib\_stream_writable.js:390:139)
    at writeOrBuffer (C:\Users\xioas\AppData\Roaming\npm\node_modules\firebase-tools\node_modules\winston-transport\node_modules\readable-stream\lib\_stream_writable.js:381:5)
    at Writable.write (C:\Users\xioas\AppData\Roaming\npm\node_modules\firebase-tools\node_modules\winston-transport\node_modules\readable-stream\lib\_stream_writable.js:302:11)
    at DerivedLogger.ondata (C:\Users\xioas\AppData\Roaming\npm\node_modules\firebase-tools\node_modules\winston\node_modules\readable-stream\lib\_stream_readable.js:629:20)
[error] 
[error] Error: An unexpected error has occurred.
[debug] [2026-08-31T20:17:07.440Z] Error: EPIPE: broken pipe, write
    at Socket._write (node:internal/net:75:18)
    at writeOrBuffer (node:internal/streams/writable:570:12)
    at _write (node:internal/streams/writable:499:10)
    at Writable.write (node:internal/streams/writable:508:10)
    at Console.log (C:\Users\xioas\AppData\Roaming\npm\node_modules\firebase-tools\node_modules\winston\lib\winston\transports\console.js:87:23)
    at Console._write (C:\Users\xioas\AppData\Roaming\npm\node_modules\firebase-tools\node_modules\winston-transport\modern.js:103:17)
    at doWrite (C:\Users\xioas\AppData\Roaming\npm\node_modules\firebase-tools\node_modules\winston-transport\node_modules\readable-stream\lib\_stream_writable.js:390:139)
    at writeOrBuffer (C:\Users\xioas\AppData\Roaming\npm\node_modules\firebase-tools\node_modules\winston-transport\node_modules\readable-stream\lib\_stream_writable.js:381:5)
    at Writable.write (C:\Users\xioas\AppData\Roaming\npm\node_modules\firebase-tools\node_modules\winston-transport\node_modules\readable-stream\lib\_stream_writable.js:302:11)
    at DerivedLogger.ondata (C:\Users\xioas\AppData\Roaming\npm\node_modules\firebase-tools\node_modules\winston\node_modules\readable-stream\lib\_stream_readable.js:629:20)
[error] 
[error] Error: An unexpected error has occurred.
[debug] [2026-08-31T20:17:07.440Z] Error: EPIPE: broken pipe, write
    at Socket._write (node:internal/net:75:18)
    at writeOrBuffer (node:internal/streams/writable:570:12)
    at _write (node:internal/streams/writable:499:10)
    at Writable.write (node:internal/streams/writable:508:10)
    at Console.log (C:\Users\xioas\AppData\Roaming\npm\node_modules\firebase-tools\node_modules\winston\lib\winston\transports\console.js:87:23)
    at Console._write (C:\Users\xioas\AppData\Roaming\npm\node_modules\firebase-tools\node_modules\winston-transport\modern.js:103:17)
    at doWrite (C:\Users\xioas\AppData\Roaming\npm\node_modules\firebase-tools\node_modules\winston-transport\node_modules\readable-stream\lib\_stream_writable.js:390:139)
    at writeOrBuffer (C:\Users\xioas\AppData\Roaming\npm\node_modules\firebase-tools\node_modules\winston-transport\node_modules\readable-stream\lib\_stream_writable.js:381:5)
    at Writable.write (C:\Users\xioas\AppData\Roaming\npm\node_modules\firebase-tools\node_modules\winston-transport\node_modules\readable-stream\lib\_stream_writable.js:302:11)
    at DerivedLogger.ondata (C:\Users\xioas\AppData\Roaming\npm\node_modules\firebase-tools\node_modules\winston\node_modules\readable-stream\lib\_stream_readable.js:629:20)
[error] 
[error] Error: An unexpected error has occurred.
[debug] [2026-08-31T20:17:07.441Z] Error: EPIPE: broken pipe, write
    at Socket._write (node:internal/net:75:18)
    at writeOrBuffer (node:internal/streams/writable:570:12)
    at _write (node:internal/streams/writable:499:10)
    at Writable.write (node:internal/streams/writable:508:10)
    at Console.log (C:\Users\xioas\AppData\Roaming\npm\node_modules\firebase-tools\node_modules\winston\lib\winston\transports\console.js:87:23)
    at Console._write (C:\Users\xioas\AppData\Roaming\npm\node_modules\firebase-tools\node_modules\winston-transport\modern.js:103:17)
    at doWrite (C:\Users\xioas\AppData\Roaming\npm\node_modules\firebase-tools\node_modules\winston-transport\node_modules\readable-stream\lib\_stream_writable.js:390:139)
    at writeOrBuffer (C:\Users\xioas\AppData\Roaming\npm\node_modules\firebase-tools\node_modules\winston-transport\node_modules\readable-stream\lib\_stream_writable.js:381:5)
    at Writable.write (C:\Users\xioas\AppData\Roaming\npm\node_modules\firebase-tools\node_modules\winston-transport\node_modules\readable-stream\lib\_stream_writable.js:302:11)
    at DerivedLogger.ondata (C:\Users\xioas\AppData\Roaming\npm\node_modules\firebase-tools\node_modules\winston\node_modules\readable-stream\lib\_stream_readable.js:629:20)
[error] 
[error] Error: An unexpected error has occurred.
[debug] [2026-08-31T20:17:07.441Z] Error: EPIPE: broken pipe, write
    at Socket._write (node:internal/net:75:18)
    at writeOrBuffer (node:internal/streams/writable:570:12)
    at _write (node:internal/streams/writable:499:10)
    at Writable.write (node:internal/streams/writable:508:10)
    at Console.log (C:\Users\xioas\AppData\Roaming\npm\node_modules\firebase-tools\node_modules\winston\lib\winston\transports\console.js:87:23)
    at Console._write (C:\Users\xioas\AppData\Roaming\npm\node_modules\firebase-tools\node_modules\winston-transport\modern.js:103:17)
    at doWrite (C:\Users\xioas\AppData\Roaming\npm\node_modules\firebase-tools\node_modules\winston-transport\node_modules\readable-stream\lib\_stream_writable.js:390:139)
    at writeOrBuffer (C:\Users\xioas\AppData\Roaming\npm\node_modules\firebase-tools\node_modules\winston-transport\node_modules\readable-stream\lib\_stream_writable.js:381:5)
    at Writable.write (C:\Users\xioas\AppData\Roaming\npm\node_modules\firebase-tools\node_modules\winston-transport\node_modules\readable-stream\lib\_stream_writable.js:302:11)
    at DerivedLogger.ondata (C:\Users\xioas\AppData\Roaming\npm\node_modules\firebase-tools\node_modules\winston\node_modules\readable-stream\lib\_stream_readable.js:629:20)
[error] 
[error] Error: An unexpected error has occurred.
[debug] [2026-08-31T20:17:07.441Z] Error: EPIPE: broken pipe, write
    at Socket._write (node:internal/net:75:18)
    at writeOrBuffer (node:internal/streams/writable:570:12)
    at _write (node:internal/streams/writable:499:10)
    at Writable.write (node:internal/streams/writable:508:10)
    at Console.log (C:\Users\xioas\AppData\Roaming\npm\node_modules\firebase-tools\node_modules\winston\lib\winston\transports\console.js:87:23)
    at Console._write (C:\Users\xioas\AppData\Roaming\npm\node_modules\firebase-tools\node_modules\winston-transport\modern.js:103:17)
    at doWrite (C:\Users\xioas\AppData\Roaming\npm\node_modules\firebase-tools\node_modules\winston-transport\node_modules\readable-stream\lib\_stream_writable.js:390:139)
    at writeOrBuffer (C:\Users\xioas\AppData\Roaming\npm\node_modules\firebase-tools\node_modules\winston-transport\node_modules\readable-stream\lib\_stream_writable.js:381:5)
    at Writable.write (C:\Users\xioas\AppData\Roaming\npm\node_modules\firebase-tools\node_modules\winston-transport\node_modules\readable-stream\lib\_stream_writable.js:302:11)
    at DerivedLogger.ondata (C:\Users\xioas\AppData\Roaming\npm\node_modules\firebase-tools\node_modules\winston\node_modules\readable-stream\lib\_stream_readable.js:629:20)
[error] 
[error] Error: An unexpected error has occurred.
[debug] [2026-08-31T20:17:07.441Z] Error: EPIPE: broken pipe, write
    at Socket._write (node:internal/net:75:18)
    at writeOrBuffer (node:internal/streams/writable:570:12)
    at _write (node:internal/streams/writable:499:10)
    at Writable.write (node:internal/streams/writable:508:10)
    at Console.log (C:\Users\xioas\AppData\Roaming\npm\node_modules\firebase-tools\node_modules\winston\lib\winston\transports\console.js:87:23)
    at Console._write (C:\Users\xioas\AppData\Roaming\npm\node_modules\firebase-tools\node_modules\winston-transport\modern.js:103:17)
    at doWrite (C:\Users\xioas\AppData\Roaming\npm\node_modules\firebase-tools\node_modules\winston-transport\node_modules\readable-stream\lib\_stream_writable.js:390:139)
    at writeOrBuffer (C:\Users\xioas\AppData\Roaming\npm\node_modules\firebase-tools\node_modules\winston-transport\node_modules\readable-stream\lib\_stream_writable.js:381:5)
    at Writable.write (C:\Users\xioas\AppData\Roaming\npm\node_modules\firebase-tools\node_modules\winston-transport\node_modules\readable-stream\lib\_stream_writable.js:302:11)
    at DerivedLogger.ondata (C:\Users\xioas\AppData\Roaming\npm\node_modules\firebase-tools\node_modules\winston\node_modules\readable-stream\lib\_stream_readable.js:629:20)
[error] 
[error] Error: An unexpected error has occurred.
[debug] [2026-08-31T20:17:07.442Z] Error: EPIPE: broken pipe, write
    at Socket._write (node:internal/net:75:18)
    at writeOrBuffer (node:internal/streams/writable:570:12)
    at _write (node:internal/streams/writable:499:10)
    at Writable.write (node:internal/streams/writable:508:10)
    at Console.log (C:\Users\xioas\AppData\Roaming\npm\node_modules\firebase-tools\node_modules\winston\lib\winston\transports\console.js:87:23)
    at Console._write (C:\Users\xioas\AppData\Roaming\npm\node_modules\firebase-tools\node_modules\winston-transport\modern.js:103:17)
    at doWrite (C:\Users\xioas\AppData\Roaming\npm\node_modules\firebase-tools\node_modules\winston-transport\node_modules\readable-stream\lib\_stream_writable.js:390:139)
    at writeOrBuffer (C:\Users\xioas\AppData\Roaming\npm\node_modules\firebase-tools\node_modules\winston-transport\node_modules\readable-stream\lib\_stream_writable.js:381:5)
    at Writable.write (C:\Users\xioas\AppData\Roaming\npm\node_modules\firebase-tools\node_modules\winston-transport\node_modules\readable-stream\lib\_stream_writable.js:302:11)
    at DerivedLogger.ondata (C:\Users\xioas\AppData\Roaming\npm\node_modules\firebase-tools\node_modules\winston\node_modules\readable-stream\lib\_stream_readable.js:629:20)
[error] 
[error] Error: An unexpected error has occurred.
[debug] [2026-08-31T20:17:07.442Z] Error: EPIPE: broken pipe, write
    at Socket._write (node:internal/net:75:18)
    at writeOrBuffer (node:internal/streams/writable:570:12)
    at _write (node:internal/streams/writable:499:10)
    at Writable.write (node:internal/streams/writable:508:10)
    at Console.log (C:\Users\xioas\AppData\Roaming\npm\node_modules\firebase-tools\node_modules\winston\lib\winston\transports\console.js:87:23)
    at Console._write (C:\Users\xioas\AppData\Roaming\npm\node_modules\firebase-tools\node_modules\winston-transport\modern.js:103:17)
    at doWrite (C:\Users\xioas\AppData\Roaming\npm\node_modules\firebase-tools\node_modules\winston-transport\node_modules\readable-stream\lib\_stream_writable.js:390:139)
    at writeOrBuffer (C:\Users\xioas\AppData\Roaming\npm\node_modules\firebase-tools\node_modules\winston-transport\node_modules\readable-stream\lib\_stream_writable.js:381:5)
    at Writable.write (C:\Users\xioas\AppData\Roaming\npm\node_modules\firebase-tools\node_modules\winston-transport\node_modules\readable-stream\lib\_stream_writable.js:302:11)
    at DerivedLogger.ondata (C:\Users\xioas\AppData\Roaming\npm\node_modules\firebase-tools\node_modules\winston\node_modules\readable-stream\lib\_stream_readable.js:629:20)
[error] 
[error] Error: An unexpected error has occurred.
[debug] [2026-08-31T20:17:07.442Z] Error: EPIPE: broken pipe, write
    at Socket._write (node:internal/net:75:18)
    at writeOrBuffer (node:internal/streams/writable:570:12)
    at _write (node:internal/streams/writable:499:10)
    at Writable.write (node:internal/streams/writable:508:10)
    at Console.log (C:\Users\xioas\AppData\Roaming\npm\node_modules\firebase-tools\node_modules\winston\lib\winston\transports\console.js:87:23)
    at Console._write (C:\Users\xioas\AppData\Roaming\npm\node_modules\firebase-tools\node_modules\winston-transport\modern.js:103:17)
    at doWrite (C:\Users\xioas\AppData\Roaming\npm\node_modules\firebase-tools\node_modules\winston-transport\node_modules\readable-stream\lib\_stream_writable.js:390:139)
    at writeOrBuffer (C:\Users\xioas\AppData\Roaming\npm\node_modules\firebase-tools\node_modules\winston-transport\node_modules\readable-stream\lib\_stream_writable.js:381:5)
    at Writable.write (C:\Users\xioas\AppData\Roaming\npm\node_modules\firebase-tools\node_modules\winston-transport\node_modules\readable-stream\lib\_stream_writable.js:302:11)
    at DerivedLogger.ondata (C:\Users\xioas\AppData\Roaming\npm\node_modules\firebase-tools\node_modules\winston\node_modules\readable-stream\lib\_stream_readable.js:629:20)
[error] 
[error] Error: An unexpected error has occurred.
[debug] [2026-08-31T20:17:07.442Z] Error: EPIPE: broken pipe, write
    at Socket._write (node:internal/net:75:18)
    at writeOrBuffer (node:internal/streams/writable:570:12)
    at _write (node:internal/streams/writable:499:10)
    at Writable.write (node:internal/streams/writable:508:10)
    at Console.log (C:\Users\xioas\AppData\Roaming\npm\node_modules\firebase-tools\node_modules\winston\lib\winston\transports\console.js:87:23)
    at Console._write (C:\Users\xioas\AppData\Roaming\npm\node_modules\firebase-tools\node_modules\winston-transport\modern.js:103:17)
    at doWrite (C:\Users\xioas\AppData\Roaming\npm\node_modules\firebase-tools\node_modules\winston-transport\node_modules\readable-stream\lib\_stream_writable.js:390:139)
    at writeOrBuffer (C:\Users\xioas\AppData\Roaming\npm\node_modules\firebase-tools\node_modules\winston-transport\node_modules\readable-stream\lib\_stream_writable.js:381:5)
    at Writable.write (C:\Users\xioas\AppData\Roaming\npm\node_modules\firebase-tools\node_modules\winston-transport\node_modules\readable-stream\lib\_stream_writable.js:302:11)
    at DerivedLogger.ondata (C:\Users\xioas\AppData\Roaming\npm\node_modules\firebase-tools\node_modules\winston\node_modules\readable-stream\lib\_stream_readable.js:629:20)
[error] 
[error] Error: An unexpected error has occurred.
[debug] [2026-08-31T20:17:07.442Z] Error: EPIPE: broken pipe, write
    at Socket._write (node:internal/net:75:18)
    at writeOrBuffer (node:internal/streams/writable:570:12)
    at _write (node:internal/streams/writable:499:10)
    at Writable.write (node:internal/streams/writable:508:10)
    at Console.log (C:\Users\xioas\AppData\Roaming\npm\node_modules\firebase-tools\node_modules\winston\lib\winston\transports\console.js:87:23)
    at Console._write (C:\Users\xioas\AppData\Roaming\npm\node_modules\firebase-tools\node_modules\winston-transport\modern.js:103:17)
    at doWrite (C:\Users\xioas\AppData\Roaming\npm\node_modules\firebase-tools\node_modules\winston-transport\node_modules\readable-stream\lib\_stream_writable.js:390:139)
    at writeOrBuffer (C:\Users\xioas\AppData\Roaming\npm\node_modules\firebase-tools\node_modules\winston-transport\node_modules\readable-stream\lib\_stream_writable.js:381:5)
    at Writable.write (C:\Users\xioas\AppData\Roaming\npm\node_modules\firebase-tools\node_modules\winston-transport\node_modules\readable-stream\lib\_stream_writable.js:302:11)
    at DerivedLogger.ondata (C:\Users\xioas\AppData\Roaming\npm\node_modules\firebase-tools\node_modules\winston\node_modules\readable-stream\lib\_stream_readable.js:629:20)
[error] 
[error] Error: An unexpected error has occurred.
[debug] [2026-08-31T20:17:07.442Z] Error: EPIPE: broken pipe, write
    at Socket._write (node:internal/net:75:18)
    at writeOrBuffer (node:internal/streams/writable:570:12)
    at _write (node:internal/streams/writable:499:10)
    at Writable.write (node:internal/streams/writable:508:10)
    at Console.log (C:\Users\xioas\AppData\Roaming\npm\node_modules\firebase-tools\node_modules\winston\lib\winston\transports\console.js:87:23)
    at Console._write (C:\Users\xioas\AppData\Roaming\npm\node_modules\firebase-tools\node_modules\winston-transport\modern.js:103:17)
    at doWrite (C:\Users\xioas\AppData\Roaming\npm\node_modules\firebase-tools\node_modules\winston-transport\node_modules\readable-stream\lib\_stream_writable.js:390:139)
    at writeOrBuffer (C:\Users\xioas\AppData\Roaming\npm\node_modules\firebase-tools\node_modules\winston-transport\node_modules\readable-stream\lib\_stream_writable.js:381:5)
    at Writable.write (C:\Users\xioas\AppData\Roaming\npm\node_modules\firebase-tools\node_modules\winston-transport\node_modules\readable-stream\lib\_stream_writable.js:302:11)
    at DerivedLogger.ondata (C:\Users\xioas\AppData\Roaming\npm\node_modules\firebase-tools\node_modules\winston\node_modules\readable-stream\lib\_stream_readable.js:629:20)
[error] 
[error] Error: An unexpected error has occurred.
[debug] [2026-08-31T20:17:07.443Z] Error: EPIPE: broken pipe, write
    at Socket._write (node:internal/net:75:18)
    at writeOrBuffer (node:internal/streams/writable:570:12)
    at _write (node:internal/streams/writable:499:10)
    at Writable.write (node:internal/streams/writable:508:10)
    at Console.log (C:\Users\xioas\AppData\Roaming\npm\node_modules\firebase-tools\node_modules\winston\lib\winston\transports\console.js:87:23)
    at Console._write (C:\Users\xioas\AppData\Roaming\npm\node_modules\firebase-tools\node_modules\winston-transport\modern.js:103:17)
    at doWrite (C:\Users\xioas\AppData\Roaming\npm\node_modules\firebase-tools\node_modules\winston-transport\node_modules\readable-stream\lib\_stream_writable.js:390:139)
    at writeOrBuffer (C:\Users\xioas\AppData\Roaming\npm\node_modules\firebase-tools\node_modules\winston-transport\node_modules\readable-stream\lib\_stream_writable.js:381:5)
    at Writable.write (C:\Users\xioas\AppData\Roaming\npm\node_modules\firebase-tools\node_modules\winston-transport\node_modules\readable-stream\lib\_stream_writable.js:302:11)
    at DerivedLogger.ondata (C:\Users\xioas\AppData\Roaming\npm\node_modules\firebase-tools\node_modules\winston\node_modules\readable-stream\lib\_stream_readable.js:629:20)
[error] 
[error] Error: An unexpected error has occurred.
[debug] [2026-08-31T20:17:07.444Z] Error: EPIPE: broken pipe, write
    at Socket._write (node:internal/net:75:18)
    at writeOrBuffer (node:internal/streams/writable:570:12)
    at _write (node:internal/streams/writable:499:10)
    at Writable.write (node:internal/streams/writable:508:10)
    at Console.log (C:\Users\xioas\AppData\Roaming\npm\node_modules\firebase-tools\node_modules\winston\lib\winston\transports\console.js:87:23)
    at Console._write (C:\Users\xioas\AppData\Roaming\npm\node_modules\firebase-tools\node_modules\winston-transport\modern.js:103:17)
    at doWrite (C:\Users\xioas\AppData\Roaming\npm\node_modules\firebase-tools\node_modules\winston-transport\node_modules\readable-stream\lib\_stream_writable.js:390:139)
    at writeOrBuffer (C:\Users\xioas\AppData\Roaming\npm\node_modules\firebase-tools\node_modules\winston-transport\node_modules\readable-stream\lib\_stream_writable.js:381:5)
    at Writable.write (C:\Users\xioas\AppData\Roaming\npm\node_modules\firebase-tools\node_modules\winston-transport\node_modules\readable-stream\lib\_stream_writable.js:302:11)
    at DerivedLogger.ondata (C:\Users\xioas\AppData\Roaming\npm\node_modules\firebase-tools\node_modules\winston\node_modules\readable-stream\lib\_stream_readable.js:629:20)
[error] 
[error] Error: An unexpected error has occurred.
[debug] [2026-08-31T20:17:07.444Z] Error: EPIPE: broken pipe, write
    at Socket._write (node:internal/net:75:18)
    at writeOrBuffer (node:internal/streams/writable:570:12)
    at _write (node:internal/streams/writable:499:10)
    at Writable.write (node:internal/streams/writable:508:10)
    at Console.log (C:\Users\xioas\AppData\Roaming\npm\node_modules\firebase-tools\node_modules\winston\lib\winston\transports\console.js:87:23)
    at Console._write (C:\Users\xioas\AppData\Roaming\npm\node_modules\firebase-tools\node_modules\winston-transport\modern.js:103:17)
    at doWrite (C:\Users\xioas\AppData\Roaming\npm\node_modules\firebase-tools\node_modules\winston-transport\node_modules\readable-stream\lib\_stream_writable.js:390:139)
    at writeOrBuffer (C:\Users\xioas\AppData\Roaming\npm\node_modules\firebase-tools\node_modules\winston-transport\node_modules\readable-stream\lib\_stream_writable.js:381:5)
    at Writable.write (C:\Users\xioas\AppData\Roaming\npm\node_modules\firebase-tools\node_modules\winston-transport\node_modules\readable-stream\lib\_stream_writable.js:302:11)
    at DerivedLogger.ondata (C:\Users\xioas\AppData\Roaming\npm\node_modules\firebase-tools\node_modules\winston\node_modules\readable-stream\lib\_stream_readable.js:629:20)
[error] 
[error] Error: An unexpected error has occurred.
[debug] [2026-08-31T20:17:07.444Z] Error: EPIPE: broken pipe, write
    at Socket._write (node:internal/net:75:18)
    at writeOrBuffer (node:internal/streams/writable:570:12)
    at _write (node:internal/streams/writable:499:10)
    at Writable.write (node:internal/streams/writable:508:10)
    at Console.log (C:\Users\xioas\AppData\Roaming\npm\node_modules\firebase-tools\node_modules\winston\lib\winston\transports\console.js:87:23)
    at Console._write (C:\Users\xioas\AppData\Roaming\npm\node_modules\firebase-tools\node_modules\winston-transport\modern.js:103:17)
    at doWrite (C:\Users\xioas\AppData\Roaming\npm\node_modules\firebase-tools\node_modules\winston-transport\node_modules\readable-stream\lib\_stream_writable.js:390:139)
    at writeOrBuffer (C:\Users\xioas\AppData\Roaming\npm\node_modules\firebase-tools\node_modules\winston-transport\node_modules\readable-stream\lib\_stream_writable.js:381:5)
    at Writable.write (C:\Users\xioas\AppData\Roaming\npm\node_modules\firebase-tools\node_modules\winston-transport\node_modules\readable-stream\lib\_stream_writable.js:302:11)
    at DerivedLogger.ondata (C:\Users\xioas\AppData\Roaming\npm\node_modules\firebase-tools\node_modules\winston\node_modules\readable-stream\lib\_stream_readable.js:629:20)
[error] 
[error] Error: An unexpected error has occurred.
[debug] [2026-08-31T20:17:07.444Z] Error: EPIPE: broken pipe, write
    at Socket._write (node:internal/net:75:18)
    at writeOrBuffer (node:internal/streams/writable:570:12)
    at _write (node:internal/streams/writable:499:10)
    at Writable.write (node:internal/streams/writable:508:10)
    at Console.log (C:\Users\xioas\AppData\Roaming\npm\node_modules\firebase-tools\node_modules\winston\lib\winston\transports\console.js:87:23)
    at Console._write (C:\Users\xioas\AppData\Roaming\npm\node_modules\firebase-tools\node_modules\winston-transport\modern.js:103:17)
    at doWrite (C:\Users\xioas\AppData\Roaming\npm\node_modules\firebase-tools\node_modules\winston-transport\node_modules\readable-stream\lib\_stream_writable.js:390:139)
    at writeOrBuffer (C:\Users\xioas\AppData\Roaming\npm\node_modules\firebase-tools\node_modules\winston-transport\node_modules\readable-stream\lib\_stream_writable.js:381:5)
    at Writable.write (C:\Users\xioas\AppData\Roaming\npm\node_modules\firebase-tools\node_modules\winston-transport\node_modules\readable-stream\lib\_stream_writable.js:302:11)
    at DerivedLogger.ondata (C:\Users\xioas\AppData\Roaming\npm\node_modules\firebase-tools\node_modules\winston\node_modules\readable-stream\lib\_stream_readable.js:629:20)
[error] 
[error] Error: An unexpected error has occurred.
[debug] [2026-08-31T20:17:07.445Z] Error: EPIPE: broken pipe, write
    at Socket._write (node:internal/net:75:18)
    at writeOrBuffer (node:internal/streams/writable:570:12)
    at _write (node:internal/streams/writable:499:10)
    at Writable.write (node:internal/streams/writable:508:10)
    at Console.log (C:\Users\xioas\AppData\Roaming\npm\node_modules\firebase-tools\node_modules\winston\lib\winston\transports\console.js:87:23)
    at Console._write (C:\Users\xioas\AppData\Roaming\npm\node_modules\firebase-tools\node_modules\winston-transport\modern.js:103:17)
    at doWrite (C:\Users\xioas\AppData\Roaming\npm\node_modules\firebase-tools\node_modules\winston-transport\node_modules\readable-stream\lib\_stream_writable.js:390:139)
    at writeOrBuffer (C:\Users\xioas\AppData\Roaming\npm\node_modules\firebase-tools\node_modules\winston-transport\node_modules\readable-stream\lib\_stream_writable.js:381:5)
    at Writable.write (C:\Users\xioas\AppData\Roaming\npm\node_modules\firebase-tools\node_modules\winston-transport\node_modules\readable-stream\lib\_stream_writable.js:302:11)
    at DerivedLogger.ondata (C:\Users\xioas\AppData\Roaming\npm\node_modules\firebase-tools\node_modules\winston\node_modules\readable-stream\lib\_stream_readable.js:629:20)
[error] 
[error] Error: An unexpected error has occurred.
[debug] [2026-08-31T20:17:07.445Z] Error: EPIPE: broken pipe, write
    at Socket._write (node:internal/net:75:18)
    at writeOrBuffer (node:internal/streams/writable:570:12)
    at _write (node:internal/streams/writable:499:10)
    at Writable.write (node:internal/streams/writable:508:10)
    at Console.log (C:\Users\xioas\AppData\Roaming\npm\node_modules\firebase-tools\node_modules\winston\lib\winston\transports\console.js:87:23)
    at Console._write (C:\Users\xioas\AppData\Roaming\npm\node_modules\firebase-tools\node_modules\winston-transport\modern.js:103:17)
    at doWrite (C:\Users\xioas\AppData\Roaming\npm\node_modules\firebase-tools\node_modules\winston-transport\node_modules\readable-stream\lib\_stream_writable.js:390:139)
    at writeOrBuffer (C:\Users\xioas\AppData\Roaming\npm\node_modules\firebase-tools\node_modules\winston-transport\node_modules\readable-stream\lib\_stream_writable.js:381:5)
    at Writable.write (C:\Users\xioas\AppData\Roaming\npm\node_modules\firebase-tools\node_modules\winston-transport\node_modules\readable-stream\lib\_stream_writable.js:302:11)
    at DerivedLogger.ondata (C:\Users\xioas\AppData\Roaming\npm\node_modules\firebase-tools\node_modules\winston\node_modules\readable-stream\lib\_stream_readable.js:629:20)
[error] 
[error] Error: An unexpected error has occurred.
[debug] [2026-08-31T20:17:07.445Z] Error: EPIPE: broken pipe, write
    at Socket._write (node:internal/net:75:18)
    at writeOrBuffer (node:internal/streams/writable:570:12)
    at _write (node:internal/streams/writable:499:10)
    at Writable.write (node:internal/streams/writable:508:10)
    at Console.log (C:\Users\xioas\AppData\Roaming\npm\node_modules\firebase-tools\node_modules\winston\lib\winston\transports\console.js:87:23)
    at Console._write (C:\Users\xioas\AppData\Roaming\npm\node_modules\firebase-tools\node_modules\winston-transport\modern.js:103:17)
    at doWrite (C:\Users\xioas\AppData\Roaming\npm\node_modules\firebase-tools\node_modules\winston-transport\node_modules\readable-stream\lib\_stream_writable.js:390:139)
    at writeOrBuffer (C:\Users\xioas\AppData\Roaming\npm\node_modules\firebase-tools\node_modules\winston-transport\node_modules\readable-stream\lib\_stream_writable.js:381:5)
    at Writable.write (C:\Users\xioas\AppData\Roaming\npm\node_modules\firebase-tools\node_modules\winston-transport\node_modules\readable-stream\lib\_stream_writable.js:302:11)
    at DerivedLogger.ondata (C:\Users\xioas\AppData\Roaming\npm\node_modules\firebase-tools\node_modules\winston\node_modules\readable-stream\lib\_stream_readable.js:629:20)
[error] 
[error] Error: An unexpected error has occurred.
[debug] [2026-08-31T20:17:07.445Z] Error: EPIPE: broken pipe, write
    at Socket._write (node:internal/net:75:18)
    at writeOrBuffer (node:internal/streams/writable:570:12)
    at _write (node:internal/streams/writable:499:10)
    at Writable.write (node:internal/streams/writable:508:10)
    at Console.log (C:\Users\xioas\AppData\Roaming\npm\node_modules\firebase-tools\node_modules\winston\lib\winston\transports\console.js:87:23)
    at Console._write (C:\Users\xioas\AppData\Roaming\npm\node_modules\firebase-tools\node_modules\winston-transport\modern.js:103:17)
    at doWrite (C:\Users\xioas\AppData\Roaming\npm\node_modules\firebase-tools\node_modules\winston-transport\node_modules\readable-stream\lib\_stream_writable.js:390:139)
    at writeOrBuffer (C:\Users\xioas\AppData\Roaming\npm\node_modules\firebase-tools\node_modules\winston-transport\node_modules\readable-stream\lib\_stream_writable.js:381:5)
    at Writable.write (C:\Users\xioas\AppData\Roaming\npm\node_modules\firebase-tools\node_modules\winston-transport\node_modules\readable-stream\lib\_stream_writable.js:302:11)
    at DerivedLogger.ondata (C:\Users\xioas\AppData\Roaming\npm\node_modules\firebase-tools\node_modules\winston\node_modules\readable-stream\lib\_stream_readable.js:629:20)
[error] 
[error] Error: An unexpected error has occurred.
[debug] [2026-08-31T20:17:07.446Z] Error: EPIPE: broken pipe, write
    at Socket._write (node:internal/net:75:18)
    at writeOrBuffer (node:internal/streams/writable:570:12)
    at _write (node:internal/streams/writable:499:10)
    at Writable.write (node:internal/streams/writable:508:10)
    at Console.log (C:\Users\xioas\AppData\Roaming\npm\node_modules\firebase-tools\node_modules\winston\lib\winston\transports\console.js:87:23)
    at Console._write (C:\Users\xioas\AppData\Roaming\npm\node_modules\firebase-tools\node_modules\winston-transport\modern.js:103:17)
    at doWrite (C:\Users\xioas\AppData\Roaming\npm\node_modules\firebase-tools\node_modules\winston-transport\node_modules\readable-stream\lib\_stream_writable.js:390:139)
    at writeOrBuffer (C:\Users\xioas\AppData\Roaming\npm\node_modules\firebase-tools\node_modules\winston-transport\node_modules\readable-stream\lib\_stream_writable.js:381:5)
    at Writable.write (C:\Users\xioas\AppData\Roaming\npm\node_modules\firebase-tools\node_modules\winston-transport\node_modules\readable-stream\lib\_stream_writable.js:302:11)
    at DerivedLogger.ondata (C:\Users\xioas\AppData\Roaming\npm\node_modules\firebase-tools\node_modules\winston\node_modules\readable-stream\lib\_stream_readable.js:629:20)
[error] 
[error] Error: An unexpected error has occurred.
[debug] [2026-08-31T20:17:07.446Z] Error: EPIPE: broken pipe, write
    at Socket._write (node:internal/net:75:18)
    at writeOrBuffer (node:internal/streams/writable:570:12)
    at _write (node:internal/streams/writable:499:10)
    at Writable.write (node:internal/streams/writable:508:10)
    at Console.log (C:\Users\xioas\AppData\Roaming\npm\node_modules\firebase-tools\node_modules\winston\lib\winston\transports\console.js:87:23)
    at Console._write (C:\Users\xioas\AppData\Roaming\npm\node_modules\firebase-tools\node_modules\winston-transport\modern.js:103:17)
    at doWrite (C:\Users\xioas\AppData\Roaming\npm\node_modules\firebase-tools\node_modules\winston-transport\node_modules\readable-stream\lib\_stream_writable.js:390:139)
    at writeOrBuffer (C:\Users\xioas\AppData\Roaming\npm\node_modules\firebase-tools\node_modules\winston-transport\node_modules\readable-stream\lib\_stream_writable.js:381:5)
    at Writable.write (C:\Users\xioas\AppData\Roaming\npm\node_modules\firebase-tools\node_modules\winston-transport\node_modules\readable-stream\lib\_stream_writable.js:302:11)
    at DerivedLogger.ondata (C:\Users\xioas\AppData\Roaming\npm\node_modules\firebase-tools\node_modules\winston\node_modules\readable-stream\lib\_stream_readable.js:629:20)
[error] 
[error] Error: An unexpected error has occurred.
[debug] [2026-08-31T20:17:07.446Z] Error: EPIPE: broken pipe, write
    at Socket._write (node:internal/net:75:18)
    at writeOrBuffer (node:internal/streams/writable:570:12)
    at _write (node:internal/streams/writable:499:10)
    at Writable.write (node:internal/streams/writable:508:10)
    at Console.log (C:\Users\xioas\AppData\Roaming\npm\node_modules\firebase-tools\node_modules\winston\lib\winston\transports\console.js:87:23)
    at Console._write (C:\Users\xioas\AppData\Roaming\npm\node_modules\firebase-tools\node_modules\winston-transport\modern.js:103:17)
    at doWrite (C:\Users\xioas\AppData\Roaming\npm\node_modules\firebase-tools\node_modules\winston-transport\node_modules\readable-stream\lib\_stream_writable.js:390:139)
    at writeOrBuffer (C:\Users\xioas\AppData\Roaming\npm\node_modules\firebase-tools\node_modules\winston-transport\node_modules\readable-stream\lib\_stream_writable.js:381:5)
    at Writable.write (C:\Users\xioas\AppData\Roaming\npm\node_modules\firebase-tools\node_modules\winston-transport\node_modules\readable-stream\lib\_stream_writable.js:302:11)
    at DerivedLogger.ondata (C:\Users\xioas\AppData\Roaming\npm\node_modules\firebase-tools\node_modules\winston\node_modules\readable-stream\lib\_stream_readable.js:629:20)
[error] 
[error] Error: An unexpected error has occurred.
[debug] [2026-08-31T20:17:07.447Z] Error: EPIPE: broken pipe, write
    at Socket._write (node:internal/net:75:18)
    at writeOrBuffer (node:internal/streams/writable:570:12)
    at _write (node:internal/streams/writable:499:10)
    at Writable.write (node:internal/streams/writable:508:10)
    at Console.log (C:\Users\xioas\AppData\Roaming\npm\node_modules\firebase-tools\node_modules\winston\lib\winston\transports\console.js:87:23)
    at Console._write (C:\Users\xioas\AppData\Roaming\npm\node_modules\firebase-tools\node_modules\winston-transport\modern.js:103:17)
    at doWrite (C:\Users\xioas\AppData\Roaming\npm\node_modules\firebase-tools\node_modules\winston-transport\node_modules\readable-stream\lib\_stream_writable.js:390:139)
    at writeOrBuffer (C:\Users\xioas\AppData\Roaming\npm\node_modules\firebase-tools\node_modules\winston-transport\node_modules\readable-stream\lib\_stream_writable.js:381:5)
    at Writable.write (C:\Users\xioas\AppData\Roaming\npm\node_modules\firebase-tools\node_modules\winston-transport\node_modules\readable-stream\lib\_stream_writable.js:302:11)
    at DerivedLogger.ondata (C:\Users\xioas\AppData\Roaming\npm\node_modules\firebase-tools\node_modules\winston\node_modules\readable-stream\lib\_stream_readable.js:629:20)
[error] 
[error] Error: An unexpected error has occurred.
[debug] [2026-08-31T20:17:07.447Z] Error: EPIPE: broken pipe, write
    at Socket._write (node:internal/net:75:18)
    at writeOrBuffer (node:internal/streams/writable:570:12)
    at _write (node:internal/streams/writable:499:10)
    at Writable.write (node:internal/streams/writable:508:10)
    at Console.log (C:\Users\xioas\AppData\Roaming\npm\node_modules\firebase-tools\node_modules\winston\lib\winston\transports\console.js:87:23)
    at Console._write (C:\Users\xioas\AppData\Roaming\npm\node_modules\firebase-tools\node_modules\winston-transport\modern.js:103:17)
    at doWrite (C:\Users\xioas\AppData\Roaming\npm\node_modules\firebase-tools\node_modules\winston-transport\node_modules\readable-stream\lib\_stream_writable.js:390:139)
    at writeOrBuffer (C:\Users\xioas\AppData\Roaming\npm\node_modules\firebase-tools\node_modules\winston-transport\node_modules\readable-stream\lib\_stream_writable.js:381:5)
    at Writable.write (C:\Users\xioas\AppData\Roaming\npm\node_modules\firebase-tools\node_modules\winston-transport\node_modules\readable-stream\lib\_stream_writable.js:302:11)
    at DerivedLogger.ondata (C:\Users\xioas\AppData\Roaming\npm\node_modules\firebase-tools\node_modules\winston\node_modules\readable-stream\lib\_stream_readable.js:629:20)
[error] 
[error] Error: An unexpected error has occurred.
[debug] [2026-08-31T20:17:07.448Z] Error: EPIPE: broken pipe, write
    at Socket._write (node:internal/net:75:18)
    at writeOrBuffer (node:internal/streams/writable:570:12)
    at _write (node:internal/streams/writable:499:10)
    at Writable.write (node:internal/streams/writable:508:10)
    at Console.log (C:\Users\xioas\AppData\Roaming\npm\node_modules\firebase-tools\node_modules\winston\lib\winston\transports\console.js:87:23)
    at Console._write (C:\Users\xioas\AppData\Roaming\npm\node_modules\firebase-tools\node_modules\winston-transport\modern.js:103:17)
    at doWrite (C:\Users\xioas\AppData\Roaming\npm\node_modules\firebase-tools\node_modules\winston-transport\node_modules\readable-stream\lib\_stream_writable.js:390:139)
    at writeOrBuffer (C:\Users\xioas\AppData\Roaming\npm\node_modules\firebase-tools\node_modules\winston-transport\node_modules\readable-stream\lib\_stream_writable.js:381:5)
    at Writable.write (C:\Users\xioas\AppData\Roaming\npm\node_modules\firebase-tools\node_modules\winston-transport\node_modules\readable-stream\lib\_stream_writable.js:302:11)
    at DerivedLogger.ondata (C:\Users\xioas\AppData\Roaming\npm\node_modules\firebase-tools\node_modules\winston\node_modules\readable-stream\lib\_stream_readable.js:629:20)
[error] 
[error] Error: An unexpected error has occurred.
[debug] [2026-08-31T20:17:07.449Z] Error: EPIPE: broken pipe, write
    at Socket._write (node:internal/net:75:18)
    at writeOrBuffer (node:internal/streams/writable:570:12)
    at _write (node:internal/streams/writable:499:10)
    at Writable.write (node:internal/streams/writable:508:10)
    at Console.log (C:\Users\xioas\AppData\Roaming\npm\node_modules\firebase-tools\node_modules\winston\lib\winston\transports\console.js:87:23)
    at Console._write (C:\Users\xioas\AppData\Roaming\npm\node_modules\firebase-tools\node_modules\winston-transport\modern.js:103:17)
    at doWrite (C:\Users\xioas\AppData\Roaming\npm\node_modules\firebase-tools\node_modules\winston-transport\node_modules\readable-stream\lib\_stream_writable.js:390:139)
    at writeOrBuffer (C:\Users\xioas\AppData\Roaming\npm\node_modules\firebase-tools\node_modules\winston-transport\node_modules\readable-stream\lib\_stream_writable.js:381:5)
    at Writable.write (C:\Users\xioas\AppData\Roaming\npm\node_modules\firebase-tools\node_modules\winston-transport\node_modules\readable-stream\lib\_stream_writable.js:302:11)
    at DerivedLogger.ondata (C:\Users\xioas\AppData\Roaming\npm\node_modules\firebase-tools\node_modules\winston\node_modules\readable-stream\lib\_stream_readable.js:629:20)
[error] 
[error] Error: An unexpected error has occurred.
[debug] [2026-08-31T20:17:07.449Z] Error: EPIPE: broken pipe, write
    at Socket._write (node:internal/net:75:18)
    at writeOrBuffer (node:internal/streams/writable:570:12)
    at _write (node:internal/streams/writable:499:10)
    at Writable.write (node:internal/streams/writable:508:10)
    at Console.log (C:\Users\xioas\AppData\Roaming\npm\node_modules\firebase-tools\node_modules\winston\lib\winston\transports\console.js:87:23)
    at Console._write (C:\Users\xioas\AppData\Roaming\npm\node_modules\firebase-tools\node_modules\winston-transport\modern.js:103:17)
    at doWrite (C:\Users\xioas\AppData\Roaming\npm\node_modules\firebase-tools\node_modules\winston-transport\node_modules\readable-stream\lib\_stream_writable.js:390:139)
    at writeOrBuffer (C:\Users\xioas\AppData\Roaming\npm\node_modules\firebase-tools\node_modules\winston-transport\node_modules\readable-stream\lib\_stream_writable.js:381:5)
    at Writable.write (C:\Users\xioas\AppData\Roaming\npm\node_modules\firebase-tools\node_modules\winston-transport\node_modules\readable-stream\lib\_stream_writable.js:302:11)
    at DerivedLogger.ondata (C:\Users\xioas\AppData\Roaming\npm\node_modules\firebase-tools\node_modules\winston\node_modules\readable-stream\lib\_stream_readable.js:629:20)
[error] 
[error] Error: An unexpected error has occurred.
[debug] [2026-08-31T20:17:07.450Z] Error: EPIPE: broken pipe, write
    at Socket._write (node:internal/net:75:18)
    at writeOrBuffer (node:internal/streams/writable:570:12)
    at _write (node:internal/streams/writable:499:10)
    at Writable.write (node:internal/streams/writable:508:10)
    at Console.log (C:\Users\xioas\AppData\Roaming\npm\node_modules\firebase-tools\node_modules\winston\lib\winston\transports\console.js:87:23)
    at Console._write (C:\Users\xioas\AppData\Roaming\npm\node_modules\firebase-tools\node_modules\winston-transport\modern.js:103:17)
    at doWrite (C:\Users\xioas\AppData\Roaming\npm\node_modules\firebase-tools\node_modules\winston-transport\node_modules\readable-stream\lib\_stream_writable.js:390:139)
    at writeOrBuffer (C:\Users\xioas\AppData\Roaming\npm\node_modules\firebase-tools\node_modules\winston-transport\node_modules\readable-stream\lib\_stream_writable.js:381:5)
    at Writable.write (C:\Users\xioas\AppData\Roaming\npm\node_modules\firebase-tools\node_modules\winston-transport\node_modules\readable-stream\lib\_stream_writable.js:302:11)
    at DerivedLogger.ondata (C:\Users\xioas\AppData\Roaming\npm\node_modules\firebase-tools\node_modules\winston\node_modules\readable-stream\lib\_stream_readable.js:629:20)
[error] 
[error] Error: An unexpected error has occurred.
[debug] [2026-08-31T20:17:07.450Z] Error: EPIPE: broken pipe, write
    at Socket._write (node:internal/net:75:18)
    at writeOrBuffer (node:internal/streams/writable:570:12)
    at _write (node:internal/streams/writable:499:10)
    at Writable.write (node:internal/streams/writable:508:10)
    at Console.log (C:\Users\xioas\AppData\Roaming\npm\node_modules\firebase-tools\node_modules\winston\lib\winston\transports\console.js:87:23)
    at Console._write (C:\Users\xioas\AppData\Roaming\npm\node_modules\firebase-tools\node_modules\winston-transport\modern.js:103:17)
    at doWrite (C:\Users\xioas\AppData\Roaming\npm\node_modules\firebase-tools\node_modules\winston-transport\node_modules\readable-stream\lib\_stream_writable.js:390:139)
    at writeOrBuffer (C:\Users\xioas\AppData\Roaming\npm\node_modules\firebase-tools\node_modules\winston-transport\node_modules\readable-stream\lib\_stream_writable.js:381:5)
    at Writable.write (C:\Users\xioas\AppData\Roaming\npm\node_modules\firebase-tools\node_modules\winston-transport\node_modules\readable-stream\lib\_stream_writable.js:302:11)
    at DerivedLogger.ondata (C:\Users\xioas\AppData\Roaming\npm\node_modules\firebase-tools\node_modules\winston\node_modules\readable-stream\lib\_stream_readable.js:629:20)
[error] 
[error] Error: An unexpected error has occurred.
[debug] [2026-08-31T20:17:07.450Z] Error: EPIPE: broken pipe, write
    at Socket._write (node:internal/net:75:18)
    at writeOrBuffer (node:internal/streams/writable:570:12)
    at _write (node:internal/streams/writable:499:10)
    at Writable.write (node:internal/streams/writable:508:10)
    at Console.log (C:\Users\xioas\AppData\Roaming\npm\node_modules\firebase-tools\node_modules\winston\lib\winston\transports\console.js:87:23)
    at Console._write (C:\Users\xioas\AppData\Roaming\npm\node_modules\firebase-tools\node_modules\winston-transport\modern.js:103:17)
    at doWrite (C:\Users\xioas\AppData\Roaming\npm\node_modules\firebase-tools\node_modules\winston-transport\node_modules\readable-stream\lib\_stream_writable.js:390:139)
    at writeOrBuffer (C:\Users\xioas\AppData\Roaming\npm\node_modules\firebase-tools\node_modules\winston-transport\node_modules\readable-stream\lib\_stream_writable.js:381:5)
    at Writable.write (C:\Users\xioas\AppData\Roaming\npm\node_modules\firebase-tools\node_modules\winston-transport\node_modules\readable-stream\lib\_stream_writable.js:302:11)
    at DerivedLogger.ondata (C:\Users\xioas\AppData\Roaming\npm\node_modules\firebase-tools\node_modules\winston\node_modules\readable-stream\lib\_stream_readable.js:629:20)
[error] 
[error] Error: An unexpected error has occurred.
[debug] [2026-08-31T20:17:07.450Z] Error: EPIPE: broken pipe, write
    at Socket._write (node:internal/net:75:18)
    at writeOrBuffer (node:internal/streams/writable:570:12)
    at _write (node:internal/streams/writable:499:10)
    at Writable.write (node:internal/streams/writable:508:10)
    at Console.log (C:\Users\xioas\AppData\Roaming\npm\node_modules\firebase-tools\node_modules\winston\lib\winston\transports\console.js:87:23)
    at Console._write (C:\Users\xioas\AppData\Roaming\npm\node_modules\firebase-tools\node_modules\winston-transport\modern.js:103:17)
    at doWrite (C:\Users\xioas\AppData\Roaming\npm\node_modules\firebase-tools\node_modules\winston-transport\node_modules\readable-stream\lib\_stream_writable.js:390:139)
    at writeOrBuffer (C:\Users\xioas\AppData\Roaming\npm\node_modules\firebase-tools\node_modules\winston-transport\node_modules\readable-stream\lib\_stream_writable.js:381:5)
    at Writable.write (C:\Users\xioas\AppData\Roaming\npm\node_modules\firebase-tools\node_modules\winston-transport\node_modules\readable-stream\lib\_stream_writable.js:302:11)
    at DerivedLogger.ondata (C:\Users\xioas\AppData\Roaming\npm\node_modules\firebase-tools\node_modules\winston\node_modules\readable-stream\lib\_stream_readable.js:629:20)
[error] 
[error] Error: An unexpected error has occurred.
[debug] [2026-08-31T20:17:07.450Z] Error: EPIPE: broken pipe, write
    at Socket._write (node:internal/net:75:18)
    at writeOrBuffer (node:internal/streams/writable:570:12)
    at _write (node:internal/streams/writable:499:10)
    at Writable.write (node:internal/streams/writable:508:10)
    at Console.log (C:\Users\xioas\AppData\Roaming\npm\node_modules\firebase-tools\node_modules\winston\lib\winston\transports\console.js:87:23)
    at Console._write (C:\Users\xioas\AppData\Roaming\npm\node_modules\firebase-tools\node_modules\winston-transport\modern.js:103:17)
    at doWrite (C:\Users\xioas\AppData\Roaming\npm\node_modules\firebase-tools\node_modules\winston-transport\node_modules\readable-stream\lib\_stream_writable.js:390:139)
    at writeOrBuffer (C:\Users\xioas\AppData\Roaming\npm\node_modules\firebase-tools\node_modules\winston-transport\node_modules\readable-stream\lib\_stream_writable.js:381:5)
    at Writable.write (C:\Users\xioas\AppData\Roaming\npm\node_modules\firebase-tools\node_modules\winston-transport\node_modules\readable-stream\lib\_stream_writable.js:302:11)
    at DerivedLogger.ondata (C:\Users\xioas\AppData\Roaming\npm\node_modules\firebase-tools\node_modules\winston\node_modules\readable-stream\lib\_stream_readable.js:629:20)
[error] 
[error] Error: An unexpected error has occurred.
[debug] [2026-08-31T20:17:07.451Z] Error: EPIPE: broken pipe, write
    at Socket._write (node:internal/net:75:18)
    at writeOrBuffer (node:internal/streams/writable:570:12)
    at _write (node:internal/streams/writable:499:10)
    at Writable.write (node:internal/streams/writable:508:10)
    at Console.log (C:\Users\xioas\AppData\Roaming\npm\node_modules\firebase-tools\node_modules\winston\lib\winston\transports\console.js:87:23)
    at Console._write (C:\Users\xioas\AppData\Roaming\npm\node_modules\firebase-tools\node_modules\winston-transport\modern.js:103:17)
    at doWrite (C:\Users\xioas\AppData\Roaming\npm\node_modules\firebase-tools\node_modules\winston-transport\node_modules\readable-stream\lib\_stream_writable.js:390:139)
    at writeOrBuffer (C:\Users\xioas\AppData\Roaming\npm\node_modules\firebase-tools\node_modules\winston-transport\node_modules\readable-stream\lib\_stream_writable.js:381:5)
    at Writable.write (C:\Users\xioas\AppData\Roaming\npm\node_modules\firebase-tools\node_modules\winston-transport\node_modules\readable-stream\lib\_stream_writable.js:302:11)
    at DerivedLogger.ondata (C:\Users\xioas\AppData\Roaming\npm\node_modules\firebase-tools\node_modules\winston\node_modules\readable-stream\lib\_stream_readable.js:629:20)
[error] 
[error] Error: An unexpected error has occurred.
[debug] [2026-08-31T20:17:07.451Z] Error: EPIPE: broken pipe, write
    at Socket._write (node:internal/net:75:18)
    at writeOrBuffer (node:internal/streams/writable:570:12)
    at _write (node:internal/streams/writable:499:10)
    at Writable.write (node:internal/streams/writable:508:10)
    at Console.log (C:\Users\xioas\AppData\Roaming\npm\node_modules\firebase-tools\node_modules\winston\lib\winston\transports\console.js:87:23)
    at Console._write (C:\Users\xioas\AppData\Roaming\npm\node_modules\firebase-tools\node_modules\winston-transport\modern.js:103:17)
    at doWrite (C:\Users\xioas\AppData\Roaming\npm\node_modules\firebase-tools\node_modules\winston-transport\node_modules\readable-stream\lib\_stream_writable.js:390:139)
    at writeOrBuffer (C:\Users\xioas\AppData\Roaming\npm\node_modules\firebase-tools\node_modules\winston-transport\node_modules\readable-stream\lib\_stream_writable.js:381:5)
    at Writable.write (C:\Users\xioas\AppData\Roaming\npm\node_modules\firebase-tools\node_modules\winston-transport\node_modules\readable-stream\lib\_stream_writable.js:302:11)
    at DerivedLogger.ondata (C:\Users\xioas\AppData\Roaming\npm\node_modules\firebase-tools\node_modules\winston\node_modules\readable-stream\lib\_stream_readable.js:629:20)
[error] 
[error] Error: An unexpected error has occurred.
[debug] [2026-08-31T20:17:07.451Z] Error: EPIPE: broken pipe, write
    at Socket._write (node:internal/net:75:18)
    at writeOrBuffer (node:internal/streams/writable:570:12)
    at _write (node:internal/streams/writable:499:10)
    at Writable.write (node:internal/streams/writable:508:10)
    at Console.log (C:\Users\xioas\AppData\Roaming\npm\node_modules\firebase-tools\node_modules\winston\lib\winston\transports\console.js:87:23)
    at Console._write (C:\Users\xioas\AppData\Roaming\npm\node_modules\firebase-tools\node_modules\winston-transport\modern.js:103:17)
    at doWrite (C:\Users\xioas\AppData\Roaming\npm\node_modules\firebase-tools\node_modules\winston-transport\node_modules\readable-stream\lib\_stream_writable.js:390:139)
    at writeOrBuffer (C:\Users\xioas\AppData\Roaming\npm\node_modules\firebase-tools\node_modules\winston-transport\node_modules\readable-stream\lib\_stream_writable.js:381:5)
    at Writable.write (C:\Users\xioas\AppData\Roaming\npm\node_modules\firebase-tools\node_modules\winston-transport\node_modules\readable-stream\lib\_stream_writable.js:302:11)
    at DerivedLogger.ondata (C:\Users\xioas\AppData\Roaming\npm\node_modules\firebase-tools\node_modules\winston\node_modules\readable-stream\lib\_stream_readable.js:629:20)
[error] 
[error] Error: An unexpected error has occurred.
[debug] [2026-08-31T20:17:07.452Z] Error: EPIPE: broken pipe, write
    at Socket._write (node:internal/net:75:18)
    at writeOrBuffer (node:internal/streams/writable:570:12)
    at _write (node:internal/streams/writable:499:10)
    at Writable.write (node:internal/streams/writable:508:10)
    at Console.log (C:\Users\xioas\AppData\Roaming\npm\node_modules\firebase-tools\node_modules\winston\lib\winston\transports\console.js:87:23)
    at Console._write (C:\Users\xioas\AppData\Roaming\npm\node_modules\firebase-tools\node_modules\winston-transport\modern.js:103:17)
    at doWrite (C:\Users\xioas\AppData\Roaming\npm\node_modules\firebase-tools\node_modules\winston-transport\node_modules\readable-stream\lib\_stream_writable.js:390:139)
    at writeOrBuffer (C:\Users\xioas\AppData\Roaming\npm\node_modules\firebase-tools\node_modules\winston-transport\node_modules\readable-stream\lib\_stream_writable.js:381:5)
    at Writable.write (C:\Users\xioas\AppData\Roaming\npm\node_modules\firebase-tools\node_modules\winston-transport\node_modules\readable-stream\lib\_stream_writable.js:302:11)
    at DerivedLogger.ondata (C:\Users\xioas\AppData\Roaming\npm\node_modules\firebase-tools\node_modules\winston\node_modules\readable-stream\lib\_stream_readable.js:629:20)
[error] 
[error] Error: An unexpected error has occurred.
[debug] [2026-08-31T20:17:07.452Z] Error: EPIPE: broken pipe, write
    at Socket._write (node:internal/net:75:18)
    at writeOrBuffer (node:internal/streams/writable:570:12)
    at _write (node:internal/streams/writable:499:10)
    at Writable.write (node:internal/streams/writable:508:10)
    at Console.log (C:\Users\xioas\AppData\Roaming\npm\node_modules\firebase-tools\node_modules\winston\lib\winston\transports\console.js:87:23)
    at Console._write (C:\Users\xioas\AppData\Roaming\npm\node_modules\firebase-tools\node_modules\winston-transport\modern.js:103:17)
    at doWrite (C:\Users\xioas\AppData\Roaming\npm\node_modules\firebase-tools\node_modules\winston-transport\node_modules\readable-stream\lib\_stream_writable.js:390:139)
    at writeOrBuffer (C:\Users\xioas\AppData\Roaming\npm\node_modules\firebase-tools\node_modules\winston-transport\node_modules\readable-stream\lib\_stream_writable.js:381:5)
    at Writable.write (C:\Users\xioas\AppData\Roaming\npm\node_modules\firebase-tools\node_modules\winston-transport\node_modules\readable-stream\lib\_stream_writable.js:302:11)
    at DerivedLogger.ondata (C:\Users\xioas\AppData\Roaming\npm\node_modules\firebase-tools\node_modules\winston\node_modules\readable-stream\lib\_stream_readable.js:629:20)
[error] 
[error] Error: An unexpected error has occurred.
[debug] [2026-08-31T20:17:07.453Z] Error: EPIPE: broken pipe, write
    at Socket._write (node:internal/net:75:18)
    at writeOrBuffer (node:internal/streams/writable:570:12)
    at _write (node:internal/streams/writable:499:10)
    at Writable.write (node:internal/streams/writable:508:10)
    at Console.log (C:\Users\xioas\AppData\Roaming\npm\node_modules\firebase-tools\node_modules\winston\lib\winston\transports\console.js:87:23)
    at Console._write (C:\Users\xioas\AppData\Roaming\npm\node_modules\firebase-tools\node_modules\winston-transport\modern.js:103:17)
    at doWrite (C:\Users\xioas\AppData\Roaming\npm\node_modules\firebase-tools\node_modules\winston-transport\node_modules\readable-stream\lib\_stream_writable.js:390:139)
    at writeOrBuffer (C:\Users\xioas\AppData\Roaming\npm\node_modules\firebase-tools\node_modules\winston-transport\node_modules\readable-stream\lib\_stream_writable.js:381:5)
    at Writable.write (C:\Users\xioas\AppData\Roaming\npm\node_modules\firebase-tools\node_modules\winston-transport\node_modules\readable-stream\lib\_stream_writable.js:302:11)
    at DerivedLogger.ondata (C:\Users\xioas\AppData\Roaming\npm\node_modules\firebase-tools\node_modules\winston\node_modules\readable-stream\lib\_stream_readable.js:629:20)
[error] 
[error] Error: An unexpected error has occurred.
[debug] [2026-08-31T20:17:07.453Z] Error: EPIPE: broken pipe, write
    at Socket._write (node:internal/net:75:18)
    at writeOrBuffer (node:internal/streams/writable:570:12)
    at _write (node:internal/streams/writable:499:10)
    at Writable.write (node:internal/streams/writable:508:10)
    at Console.log (C:\Users\xioas\AppData\Roaming\npm\node_modules\firebase-tools\node_modules\winston\lib\winston\transports\console.js:87:23)
    at Console._write (C:\Users\xioas\AppData\Roaming\npm\node_modules\firebase-tools\node_modules\winston-transport\modern.js:103:17)
    at doWrite (C:\Users\xioas\AppData\Roaming\npm\node_modules\firebase-tools\node_modules\winston-transport\node_modules\readable-stream\lib\_stream_writable.js:390:139)
    at writeOrBuffer (C:\Users\xioas\AppData\Roaming\npm\node_modules\firebase-tools\node_modules\winston-transport\node_modules\readable-stream\lib\_stream_writable.js:381:5)
    at Writable.write (C:\Users\xioas\AppData\Roaming\npm\node_modules\firebase-tools\node_modules\winston-transport\node_modules\readable-stream\lib\_stream_writable.js:302:11)
    at DerivedLogger.ondata (C:\Users\xioas\AppData\Roaming\npm\node_modules\firebase-tools\node_modules\winston\node_modules\readable-stream\lib\_stream_readable.js:629:20)
[error] 
[error] Error: An unexpected error has occurred.
[debug] [2026-08-31T20:17:07.453Z] Error: EPIPE: broken pipe, write
    at Socket._write (node:internal/net:75:18)
    at writeOrBuffer (node:internal/streams/writable:570:12)
    at _write (node:internal/streams/writable:499:10)
    at Writable.write (node:internal/streams/writable:508:10)
    at Console.log (C:\Users\xioas\AppData\Roaming\npm\node_modules\firebase-tools\node_modules\winston\lib\winston\transports\console.js:87:23)
    at Console._write (C:\Users\xioas\AppData\Roaming\npm\node_modules\firebase-tools\node_modules\winston-transport\modern.js:103:17)
    at doWrite (C:\Users\xioas\AppData\Roaming\npm\node_modules\firebase-tools\node_modules\winston-transport\node_modules\readable-stream\lib\_stream_writable.js:390:139)
    at writeOrBuffer (C:\Users\xioas\AppData\Roaming\npm\node_modules\firebase-tools\node_modules\winston-transport\node_modules\readable-stream\lib\_stream_writable.js:381:5)
    at Writable.write (C:\Users\xioas\AppData\Roaming\npm\node_modules\firebase-tools\node_modules\winston-transport\node_modules\readable-stream\lib\_stream_writable.js:302:11)
    at DerivedLogger.ondata (C:\Users\xioas\AppData\Roaming\npm\node_modules\firebase-tools\node_modules\winston\node_modules\readable-stream\lib\_stream_readable.js:629:20)
[error] 
[error] Error: An unexpected error has occurred.
[debug] [2026-08-31T20:17:07.454Z] Error: EPIPE: broken pipe, write
    at Socket._write (node:internal/net:75:18)
    at writeOrBuffer (node:internal/streams/writable:570:12)
    at _write (node:internal/streams/writable:499:10)
    at Writable.write (node:internal/streams/writable:508:10)
    at Console.log (C:\Users\xioas\AppData\Roaming\npm\node_modules\firebase-tools\node_modules\winston\lib\winston\transports\console.js:87:23)
    at Console._write (C:\Users\xioas\AppData\Roaming\npm\node_modules\firebase-tools\node_modules\winston-transport\modern.js:103:17)
    at doWrite (C:\Users\xioas\AppData\Roaming\npm\node_modules\firebase-tools\node_modules\winston-transport\node_modules\readable-stream\lib\_stream_writable.js:390:139)
    at writeOrBuffer (C:\Users\xioas\AppData\Roaming\npm\node_modules\firebase-tools\node_modules\winston-transport\node_modules\readable-stream\lib\_stream_writable.js:381:5)
    at Writable.write (C:\Users\xioas\AppData\Roaming\npm\node_modules\firebase-tools\node_modules\winston-transport\node_modules\readable-stream\lib\_stream_writable.js:302:11)
    at DerivedLogger.ondata (C:\Users\xioas\AppData\Roaming\npm\node_modules\firebase-tools\node_modules\winston\node_modules\readable-stream\lib\_stream_readable.js:629:20)
[error] 
[error] Error: An unexpected error has occurred.
[debug] [2026-08-31T20:17:07.454Z] Error: EPIPE: broken pipe, write
    at Socket._write (node:internal/net:75:18)
    at writeOrBuffer (node:internal/streams/writable:570:12)
    at _write (node:internal/streams/writable:499:10)
    at Writable.write (node:internal/streams/writable:508:10)
    at Console.log (C:\Users\xioas\AppData\Roaming\npm\node_modules\firebase-tools\node_modules\winston\lib\winston\transports\console.js:87:23)
    at Console._write (C:\Users\xioas\AppData\Roaming\npm\node_modules\firebase-tools\node_modules\winston-transport\modern.js:103:17)
    at doWrite (C:\Users\xioas\AppData\Roaming\npm\node_modules\firebase-tools\node_modules\winston-transport\node_modules\readable-stream\lib\_stream_writable.js:390:139)
    at writeOrBuffer (C:\Users\xioas\AppData\Roaming\npm\node_modules\firebase-tools\node_modules\winston-transport\node_modules\readable-stream\lib\_stream_writable.js:381:5)
    at Writable.write (C:\Users\xioas\AppData\Roaming\npm\node_modules\firebase-tools\node_modules\winston-transport\node_modules\readable-stream\lib\_stream_writable.js:302:11)
    at DerivedLogger.ondata (C:\Users\xioas\AppData\Roaming\npm\node_modules\firebase-tools\node_modules\winston\node_modules\readable-stream\lib\_stream_readable.js:629:20)
[error] 
[error] Error: An unexpected error has occurred.
[debug] [2026-08-31T20:17:07.454Z] Error: EPIPE: broken pipe, write
    at Socket._write (node:internal/net:75:18)
    at writeOrBuffer (node:internal/streams/writable:570:12)
    at _write (node:internal/streams/writable:499:10)
    at Writable.write (node:internal/streams/writable:508:10)
    at Console.log (C:\Users\xioas\AppData\Roaming\npm\node_modules\firebase-tools\node_modules\winston\lib\winston\transports\console.js:87:23)
    at Console._write (C:\Users\xioas\AppData\Roaming\npm\node_modules\firebase-tools\node_modules\winston-transport\modern.js:103:17)
    at doWrite (C:\Users\xioas\AppData\Roaming\npm\node_modules\firebase-tools\node_modules\winston-transport\node_modules\readable-stream\lib\_stream_writable.js:390:139)
    at writeOrBuffer (C:\Users\xioas\AppData\Roaming\npm\node_modules\firebase-tools\node_modules\winston-transport\node_modules\readable-stream\lib\_stream_writable.js:381:5)
    at Writable.write (C:\Users\xioas\AppData\Roaming\npm\node_modules\firebase-tools\node_modules\winston-transport\node_modules\readable-stream\lib\_stream_writable.js:302:11)
    at DerivedLogger.ondata (C:\Users\xioas\AppData\Roaming\npm\node_modules\firebase-tools\node_modules\winston\node_modules\readable-stream\lib\_stream_readable.js:629:20)
[error] 
[error] Error: An unexpected error has occurred.
[debug] [2026-08-31T20:17:07.454Z] Error: EPIPE: broken pipe, write
    at Socket._write (node:internal/net:75:18)
    at writeOrBuffer (node:internal/streams/writable:570:12)
    at _write (node:internal/streams/writable:499:10)
    at Writable.write (node:internal/streams/writable:508:10)
    at Console.log (C:\Users\xioas\AppData\Roaming\npm\node_modules\firebase-tools\node_modules\winston\lib\winston\transports\console.js:87:23)
    at Console._write (C:\Users\xioas\AppData\Roaming\npm\node_modules\firebase-tools\node_modules\winston-transport\modern.js:103:17)
    at doWrite (C:\Users\xioas\AppData\Roaming\npm\node_modules\firebase-tools\node_modules\winston-transport\node_modules\readable-stream\lib\_stream_writable.js:390:139)
    at writeOrBuffer (C:\Users\xioas\AppData\Roaming\npm\node_modules\firebase-tools\node_modules\winston-transport\node_modules\readable-stream\lib\_stream_writable.js:381:5)
    at Writable.write (C:\Users\xioas\AppData\Roaming\npm\node_modules\firebase-tools\node_modules\winston-transport\node_modules\readable-stream\lib\_stream_writable.js:302:11)
    at DerivedLogger.ondata (C:\Users\xioas\AppData\Roaming\npm\node_modules\firebase-tools\node_modules\winston\node_modules\readable-stream\lib\_stream_readable.js:629:20)
[error] 
[error] Error: An unexpected error has occurred.
[debug] [2026-08-31T20:17:07.455Z] Error: EPIPE: broken pipe, write
    at Socket._write (node:internal/net:75:18)
    at writeOrBuffer (node:internal/streams/writable:570:12)
    at _write (node:internal/streams/writable:499:10)
    at Writable.write (node:internal/streams/writable:508:10)
    at Console.log (C:\Users\xioas\AppData\Roaming\npm\node_modules\firebase-tools\node_modules\winston\lib\winston\transports\console.js:87:23)
    at Console._write (C:\Users\xioas\AppData\Roaming\npm\node_modules\firebase-tools\node_modules\winston-transport\modern.js:103:17)
    at doWrite (C:\Users\xioas\AppData\Roaming\npm\node_modules\firebase-tools\node_modules\winston-transport\node_modules\readable-stream\lib\_stream_writable.js:390:139)
    at writeOrBuffer (C:\Users\xioas\AppData\Roaming\npm\node_modules\firebase-tools\node_modules\winston-transport\node_modules\readable-stream\lib\_stream_writable.js:381:5)
    at Writable.write (C:\Users\xioas\AppData\Roaming\npm\node_modules\firebase-tools\node_modules\winston-transport\node_modules\readable-stream\lib\_stream_writable.js:302:11)
    at DerivedLogger.ondata (C:\Users\xioas\AppData\Roaming\npm\node_modules\firebase-tools\node_modules\winston\node_modules\readable-stream\lib\_stream_readable.js:629:20)
[error] 
[error] Error: An unexpected error has occurred.
[debug] [2026-08-31T20:17:07.455Z] Error: EPIPE: broken pipe, write
    at Socket._write (node:internal/net:75:18)
    at writeOrBuffer (node:internal/streams/writable:570:12)
    at _write (node:internal/streams/writable:499:10)
    at Writable.write (node:internal/streams/writable:508:10)
    at Console.log (C:\Users\xioas\AppData\Roaming\npm\node_modules\firebase-tools\node_modules\winston\lib\winston\transports\console.js:87:23)
    at Console._write (C:\Users\xioas\AppData\Roaming\npm\node_modules\firebase-tools\node_modules\winston-transport\modern.js:103:17)
    at doWrite (C:\Users\xioas\AppData\Roaming\npm\node_modules\firebase-tools\node_modules\winston-transport\node_modules\readable-stream\lib\_stream_writable.js:390:139)
    at writeOrBuffer (C:\Users\xioas\AppData\Roaming\npm\node_modules\firebase-tools\node_modules\winston-transport\node_modules\readable-stream\lib\_stream_writable.js:381:5)
    at Writable.write (C:\Users\xioas\AppData\Roaming\npm\node_modules\firebase-tools\node_modules\winston-transport\node_modules\readable-stream\lib\_stream_writable.js:302:11)
    at DerivedLogger.ondata (C:\Users\xioas\AppData\Roaming\npm\node_modules\firebase-tools\node_modules\winston\node_modules\readable-stream\lib\_stream_readable.js:629:20)
[error] 
[error] Error: An unexpected error has occurred.
[debug] [2026-08-31T20:17:07.455Z] Error: EPIPE: broken pipe, write
    at Socket._write (node:internal/net:75:18)
    at writeOrBuffer (node:internal/streams/writable:570:12)
    at _write (node:internal/streams/writable:499:10)
    at Writable.write (node:internal/streams/writable:508:10)
    at Console.log (C:\Users\xioas\AppData\Roaming\npm\node_modules\firebase-tools\node_modules\winston\lib\winston\transports\console.js:87:23)
    at Console._write (C:\Users\xioas\AppData\Roaming\npm\node_modules\firebase-tools\node_modules\winston-transport\modern.js:103:17)
    at doWrite (C:\Users\xioas\AppData\Roaming\npm\node_modules\firebase-tools\node_modules\winston-transport\node_modules\readable-stream\lib\_stream_writable.js:390:139)
    at writeOrBuffer (C:\Users\xioas\AppData\Roaming\npm\node_modules\firebase-tools\node_modules\winston-transport\node_modules\readable-stream\lib\_stream_writable.js:381:5)
    at Writable.write (C:\Users\xioas\AppData\Roaming\npm\node_modules\firebase-tools\node_modules\winston-transport\node_modules\readable-stream\lib\_stream_writable.js:302:11)
    at DerivedLogger.ondata (C:\Users\xioas\AppData\Roaming\npm\node_modules\firebase-tools\node_modules\winston\node_modules\readable-stream\lib\_stream_readable.js:629:20)
[error] 
[error] Error: An unexpected error has occurred.
[debug] [2026-08-31T20:17:07.455Z] Error: EPIPE: broken pipe, write
    at Socket._write (node:internal/net:75:18)
    at writeOrBuffer (node:internal/streams/writable:570:12)
    at _write (node:internal/streams/writable:499:10)
    at Writable.write (node:internal/streams/writable:508:10)
    at Console.log (C:\Users\xioas\AppData\Roaming\npm\node_modules\firebase-tools\node_modules\winston\lib\winston\transports\console.js:87:23)
    at Console._write (C:\Users\xioas\AppData\Roaming\npm\node_modules\firebase-tools\node_modules\winston-transport\modern.js:103:17)
    at doWrite (C:\Users\xioas\AppData\Roaming\npm\node_modules\firebase-tools\node_modules\winston-transport\node_modules\readable-stream\lib\_stream_writable.js:390:139)
    at writeOrBuffer (C:\Users\xioas\AppData\Roaming\npm\node_modules\firebase-tools\node_modules\winston-transport\node_modules\readable-stream\lib\_stream_writable.js:381:5)
    at Writable.write (C:\Users\xioas\AppData\Roaming\npm\node_modules\firebase-tools\node_modules\winston-transport\node_modules\readable-stream\lib\_stream_writable.js:302:11)
    at DerivedLogger.ondata (C:\Users\xioas\AppData\Roaming\npm\node_modules\firebase-tools\node_modules\winston\node_modules\readable-stream\lib\_stream_readable.js:629:20)
[error] 
[error] Error: An unexpected error has occurred.
[debug] [2026-08-31T20:17:07.456Z] Error: EPIPE: broken pipe, write
    at Socket._write (node:internal/net:75:18)
    at writeOrBuffer (node:internal/streams/writable:570:12)
    at _write (node:internal/streams/writable:499:10)
    at Writable.write (node:internal/streams/writable:508:10)
    at Console.log (C:\Users\xioas\AppData\Roaming\npm\node_modules\firebase-tools\node_modules\winston\lib\winston\transports\console.js:87:23)
    at Console._write (C:\Users\xioas\AppData\Roaming\npm\node_modules\firebase-tools\node_modules\winston-transport\modern.js:103:17)
    at doWrite (C:\Users\xioas\AppData\Roaming\npm\node_modules\firebase-tools\node_modules\winston-transport\node_modules\readable-stream\lib\_stream_writable.js:390:139)
    at writeOrBuffer (C:\Users\xioas\AppData\Roaming\npm\node_modules\firebase-tools\node_modules\winston-transport\node_modules\readable-stream\lib\_stream_writable.js:381:5)
    at Writable.write (C:\Users\xioas\AppData\Roaming\npm\node_modules\firebase-tools\node_modules\winston-transport\node_modules\readable-stream\lib\_stream_writable.js:302:11)
    at DerivedLogger.ondata (C:\Users\xioas\AppData\Roaming\npm\node_modules\firebase-tools\node_modules\winston\node_modules\readable-stream\lib\_stream_readable.js:629:20)
[error] 
[error] Error: An unexpected error has occurred.
[debug] [2026-08-31T20:17:07.456Z] Error: EPIPE: broken pipe, write
    at Socket._write (node:internal/net:75:18)
    at writeOrBuffer (node:internal/streams/writable:570:12)
    at _write (node:internal/streams/writable:499:10)
    at Writable.write (node:internal/streams/writable:508:10)
    at Console.log (C:\Users\xioas\AppData\Roaming\npm\node_modules\firebase-tools\node_modules\winston\lib\winston\transports\console.js:87:23)
    at Console._write (C:\Users\xioas\AppData\Roaming\npm\node_modules\firebase-tools\node_modules\winston-transport\modern.js:103:17)
    at doWrite (C:\Users\xioas\AppData\Roaming\npm\node_modules\firebase-tools\node_modules\winston-transport\node_modules\readable-stream\lib\_stream_writable.js:390:139)
    at writeOrBuffer (C:\Users\xioas\AppData\Roaming\npm\node_modules\firebase-tools\node_modules\winston-transport\node_modules\readable-stream\lib\_stream_writable.js:381:5)
    at Writable.write (C:\Users\xioas\AppData\Roaming\npm\node_modules\firebase-tools\node_modules\winston-transport\node_modules\readable-stream\lib\_stream_writable.js:302:11)
    at DerivedLogger.ondata (C:\Users\xioas\AppData\Roaming\npm\node_modules\firebase-tools\node_modules\winston\node_modules\readable-stream\lib\_stream_readable.js:629:20)
[error] 
[error] Error: An unexpected error has occurred.
[debug] [2026-08-31T20:17:07.457Z] Error: EPIPE: broken pipe, write
    at Socket._write (node:internal/net:75:18)
    at writeOrBuffer (node:internal/streams/writable:570:12)
    at _write (node:internal/streams/writable:499:10)
    at Writable.write (node:internal/streams/writable:508:10)
    at Console.log (C:\Users\xioas\AppData\Roaming\npm\node_modules\firebase-tools\node_modules\winston\lib\winston\transports\console.js:87:23)
    at Console._write (C:\Users\xioas\AppData\Roaming\npm\node_modules\firebase-tools\node_modules\winston-transport\modern.js:103:17)
    at doWrite (C:\Users\xioas\AppData\Roaming\npm\node_modules\firebase-tools\node_modules\winston-transport\node_modules\readable-stream\lib\_stream_writable.js:390:139)
    at writeOrBuffer (C:\Users\xioas\AppData\Roaming\npm\node_modules\firebase-tools\node_modules\winston-transport\node_modules\readable-stream\lib\_stream_writable.js:381:5)
    at Writable.write (C:\Users\xioas\AppData\Roaming\npm\node_modules\firebase-tools\node_modules\winston-transport\node_modules\readable-stream\lib\_stream_writable.js:302:11)
    at DerivedLogger.ondata (C:\Users\xioas\AppData\Roaming\npm\node_modules\firebase-tools\node_modules\winston\node_modules\readable-stream\lib\_stream_readable.js:629:20)
[error] 
[error] Error: An unexpected error has occurred.
[debug] [2026-08-31T20:17:07.457Z] Error: EPIPE: broken pipe, write
    at Socket._write (node:internal/net:75:18)
    at writeOrBuffer (node:internal/streams/writable:570:12)
    at _write (node:internal/streams/writable:499:10)
    at Writable.write (node:internal/streams/writable:508:10)
    at Console.log (C:\Users\xioas\AppData\Roaming\npm\node_modules\firebase-tools\node_modules\winston\lib\winston\transports\console.js:87:23)
    at Console._write (C:\Users\xioas\AppData\Roaming\npm\node_modules\firebase-tools\node_modules\winston-transport\modern.js:103:17)
    at doWrite (C:\Users\xioas\AppData\Roaming\npm\node_modules\firebase-tools\node_modules\winston-transport\node_modules\readable-stream\lib\_stream_writable.js:390:139)
    at writeOrBuffer (C:\Users\xioas\AppData\Roaming\npm\node_modules\firebase-tools\node_modules\winston-transport\node_modules\readable-stream\lib\_stream_writable.js:381:5)
    at Writable.write (C:\Users\xioas\AppData\Roaming\npm\node_modules\firebase-tools\node_modules\winston-transport\node_modules\readable-stream\lib\_stream_writable.js:302:11)
    at DerivedLogger.ondata (C:\Users\xioas\AppData\Roaming\npm\node_modules\firebase-tools\node_modules\winston\node_modules\readable-stream\lib\_stream_readable.js:629:20)
[error] 
[error] Error: An unexpected error has occurred.
[debug] [2026-08-31T20:17:07.458Z] Error: EPIPE: broken pipe, write
    at Socket._write (node:internal/net:75:18)
    at writeOrBuffer (node:internal/streams/writable:570:12)
    at _write (node:internal/streams/writable:499:10)
    at Writable.write (node:internal/streams/writable:508:10)
    at Console.log (C:\Users\xioas\AppData\Roaming\npm\node_modules\firebase-tools\node_modules\winston\lib\winston\transports\console.js:87:23)
    at Console._write (C:\Users\xioas\AppData\Roaming\npm\node_modules\firebase-tools\node_modules\winston-transport\modern.js:103:17)
    at doWrite (C:\Users\xioas\AppData\Roaming\npm\node_modules\firebase-tools\node_modules\winston-transport\node_modules\readable-stream\lib\_stream_writable.js:390:139)
    at writeOrBuffer (C:\Users\xioas\AppData\Roaming\npm\node_modules\firebase-tools\node_modules\winston-transport\node_modules\readable-stream\lib\_stream_writable.js:381:5)
    at Writable.write (C:\Users\xioas\AppData\Roaming\npm\node_modules\firebase-tools\node_modules\winston-transport\node_modules\readable-stream\lib\_stream_writable.js:302:11)
    at DerivedLogger.ondata (C:\Users\xioas\AppData\Roaming\npm\node_modules\firebase-tools\node_modules\winston\node_modules\readable-stream\lib\_stream_readable.js:629:20)
[error] 
[error] Error: An unexpected error has occurred.
[debug] [2026-08-31T20:17:07.458Z] Error: EPIPE: broken pipe, write
    at Socket._write (node:internal/net:75:18)
    at writeOrBuffer (node:internal/streams/writable:570:12)
    at _write (node:internal/streams/writable:499:10)
    at Writable.write (node:internal/streams/writable:508:10)
    at Console.log (C:\Users\xioas\AppData\Roaming\npm\node_modules\firebase-tools\node_modules\winston\lib\winston\transports\console.js:87:23)
    at Console._write (C:\Users\xioas\AppData\Roaming\npm\node_modules\firebase-tools\node_modules\winston-transport\modern.js:103:17)
    at doWrite (C:\Users\xioas\AppData\Roaming\npm\node_modules\firebase-tools\node_modules\winston-transport\node_modules\readable-stream\lib\_stream_writable.js:390:139)
    at writeOrBuffer (C:\Users\xioas\AppData\Roaming\npm\node_modules\firebase-tools\node_modules\winston-transport\node_modules\readable-stream\lib\_stream_writable.js:381:5)
    at Writable.write (C:\Users\xioas\AppData\Roaming\npm\node_modules\firebase-tools\node_modules\winston-transport\node_modules\readable-stream\lib\_stream_writable.js:302:11)
    at DerivedLogger.ondata (C:\Users\xioas\AppData\Roaming\npm\node_modules\firebase-tools\node_modules\winston\node_modules\readable-stream\lib\_stream_readable.js:629:20)
[error] 
[error] Error: An unexpected error has occurred.
[debug] [2026-08-31T20:17:07.458Z] Error: EPIPE: broken pipe, write
    at Socket._write (node:internal/net:75:18)
    at writeOrBuffer (node:internal/streams/writable:570:12)
    at _write (node:internal/streams/writable:499:10)
    at Writable.write (node:internal/streams/writable:508:10)
    at Console.log (C:\Users\xioas\AppData\Roaming\npm\node_modules\firebase-tools\node_modules\winston\lib\winston\transports\console.js:87:23)
    at Console._write (C:\Users\xioas\AppData\Roaming\npm\node_modules\firebase-tools\node_modules\winston-transport\modern.js:103:17)
    at doWrite (C:\Users\xioas\AppData\Roaming\npm\node_modules\firebase-tools\node_modules\winston-transport\node_modules\readable-stream\lib\_stream_writable.js:390:139)
    at writeOrBuffer (C:\Users\xioas\AppData\Roaming\npm\node_modules\firebase-tools\node_modules\winston-transport\node_modules\readable-stream\lib\_stream_writable.js:381:5)
    at Writable.write (C:\Users\xioas\AppData\Roaming\npm\node_modules\firebase-tools\node_modules\winston-transport\node_modules\readable-stream\lib\_stream_writable.js:302:11)
    at DerivedLogger.ondata (C:\Users\xioas\AppData\Roaming\npm\node_modules\firebase-tools\node_modules\winston\node_modules\readable-stream\lib\_stream_readable.js:629:20)
[error] 
[error] Error: An unexpected error has occurred.
[debug] [2026-08-31T20:17:07.458Z] Error: EPIPE: broken pipe, write
    at Socket._write (node:internal/net:75:18)
    at writeOrBuffer (node:internal/streams/writable:570:12)
    at _write (node:internal/streams/writable:499:10)
    at Writable.write (node:internal/streams/writable:508:10)
    at Console.log (C:\Users\xioas\AppData\Roaming\npm\node_modules\firebase-tools\node_modules\winston\lib\winston\transports\console.js:87:23)
    at Console._write (C:\Users\xioas\AppData\Roaming\npm\node_modules\firebase-tools\node_modules\winston-transport\modern.js:103:17)
    at doWrite (C:\Users\xioas\AppData\Roaming\npm\node_modules\firebase-tools\node_modules\winston-transport\node_modules\readable-stream\lib\_stream_writable.js:390:139)
    at writeOrBuffer (C:\Users\xioas\AppData\Roaming\npm\node_modules\firebase-tools\node_modules\winston-transport\node_modules\readable-stream\lib\_stream_writable.js:381:5)
    at Writable.write (C:\Users\xioas\AppData\Roaming\npm\node_modules\firebase-tools\node_modules\winston-transport\node_modules\readable-stream\lib\_stream_writable.js:302:11)
    at DerivedLogger.ondata (C:\Users\xioas\AppData\Roaming\npm\node_modules\firebase-tools\node_modules\winston\node_modules\readable-stream\lib\_stream_readable.js:629:20)
[error] 
[error] Error: An unexpected error has occurred.
[debug] [2026-08-31T20:17:07.459Z] Error: EPIPE: broken pipe, write
    at Socket._write (node:internal/net:75:18)
    at writeOrBuffer (node:internal/streams/writable:570:12)
    at _write (node:internal/streams/writable:499:10)
    at Writable.write (node:internal/streams/writable:508:10)
    at Console.log (C:\Users\xioas\AppData\Roaming\npm\node_modules\firebase-tools\node_modules\winston\lib\winston\transports\console.js:87:23)
    at Console._write (C:\Users\xioas\AppData\Roaming\npm\node_modules\firebase-tools\node_modules\winston-transport\modern.js:103:17)
    at doWrite (C:\Users\xioas\AppData\Roaming\npm\node_modules\firebase-tools\node_modules\winston-transport\node_modules\readable-stream\lib\_stream_writable.js:390:139)
    at writeOrBuffer (C:\Users\xioas\AppData\Roaming\npm\node_modules\firebase-tools\node_modules\winston-transport\node_modules\readable-stream\lib\_stream_writable.js:381:5)
    at Writable.write (C:\Users\xioas\AppData\Roaming\npm\node_modules\firebase-tools\node_modules\winston-transport\node_modules\readable-stream\lib\_stream_writable.js:302:11)
    at DerivedLogger.ondata (C:\Users\xioas\AppData\Roaming\npm\node_modules\firebase-tools\node_modules\winston\node_modules\readable-stream\lib\_stream_readable.js:629:20)
[error] 
[error] Error: An unexpected error has occurred.
[debug] [2026-08-31T20:17:07.459Z] Error: EPIPE: broken pipe, write
    at Socket._write (node:internal/net:75:18)
    at writeOrBuffer (node:internal/streams/writable:570:12)
    at _write (node:internal/streams/writable:499:10)
    at Writable.write (node:internal/streams/writable:508:10)
    at Console.log (C:\Users\xioas\AppData\Roaming\npm\node_modules\firebase-tools\node_modules\winston\lib\winston\transports\console.js:87:23)
    at Console._write (C:\Users\xioas\AppData\Roaming\npm\node_modules\firebase-tools\node_modules\winston-transport\modern.js:103:17)
    at doWrite (C:\Users\xioas\AppData\Roaming\npm\node_modules\firebase-tools\node_modules\winston-transport\node_modules\readable-stream\lib\_stream_writable.js:390:139)
    at writeOrBuffer (C:\Users\xioas\AppData\Roaming\npm\node_modules\firebase-tools\node_modules\winston-transport\node_modules\readable-stream\lib\_stream_writable.js:381:5)
    at Writable.write (C:\Users\xioas\AppData\Roaming\npm\node_modules\firebase-tools\node_modules\winston-transport\node_modules\readable-stream\lib\_stream_writable.js:302:11)
    at DerivedLogger.ondata (C:\Users\xioas\AppData\Roaming\npm\node_modules\firebase-tools\node_modules\winston\node_modules\readable-stream\lib\_stream_readable.js:629:20)
[error] 
[error] Error: An unexpected error has occurred.
[debug] [2026-08-31T20:17:07.459Z] Error: EPIPE: broken pipe, write
    at Socket._write (node:internal/net:75:18)
    at writeOrBuffer (node:internal/streams/writable:570:12)
    at _write (node:internal/streams/writable:499:10)
    at Writable.write (node:internal/streams/writable:508:10)
    at Console.log (C:\Users\xioas\AppData\Roaming\npm\node_modules\firebase-tools\node_modules\winston\lib\winston\transports\console.js:87:23)
    at Console._write (C:\Users\xioas\AppData\Roaming\npm\node_modules\firebase-tools\node_modules\winston-transport\modern.js:103:17)
    at doWrite (C:\Users\xioas\AppData\Roaming\npm\node_modules\firebase-tools\node_modules\winston-transport\node_modules\readable-stream\lib\_stream_writable.js:390:139)
    at writeOrBuffer (C:\Users\xioas\AppData\Roaming\npm\node_modules\firebase-tools\node_modules\winston-transport\node_modules\readable-stream\lib\_stream_writable.js:381:5)
    at Writable.write (C:\Users\xioas\AppData\Roaming\npm\node_modules\firebase-tools\node_modules\winston-transport\node_modules\readable-stream\lib\_stream_writable.js:302:11)
    at DerivedLogger.ondata (C:\Users\xioas\AppData\Roaming\npm\node_modules\firebase-tools\node_modules\winston\node_modules\readable-stream\lib\_stream_readable.js:629:20)
[error] 
[error] Error: An unexpected error has occurred.
[debug] [2026-08-31T20:17:07.459Z] Error: EPIPE: broken pipe, write
    at Socket._write (node:internal/net:75:18)
    at writeOrBuffer (node:internal/streams/writable:570:12)
    at _write (node:internal/streams/writable:499:10)
    at Writable.write (node:internal/streams/writable:508:10)
    at Console.log (C:\Users\xioas\AppData\Roaming\npm\node_modules\firebase-tools\node_modules\winston\lib\winston\transports\console.js:87:23)
    at Console._write (C:\Users\xioas\AppData\Roaming\npm\node_modules\firebase-tools\node_modules\winston-transport\modern.js:103:17)
    at doWrite (C:\Users\xioas\AppData\Roaming\npm\node_modules\firebase-tools\node_modules\winston-transport\node_modules\readable-stream\lib\_stream_writable.js:390:139)
    at writeOrBuffer (C:\Users\xioas\AppData\Roaming\npm\node_modules\firebase-tools\node_modules\winston-transport\node_modules\readable-stream\lib\_stream_writable.js:381:5)
    at Writable.write (C:\Users\xioas\AppData\Roaming\npm\node_modules\firebase-tools\node_modules\winston-transport\node_modules\readable-stream\lib\_stream_writable.js:302:11)
    at DerivedLogger.ondata (C:\Users\xioas\AppData\Roaming\npm\node_modules\firebase-tools\node_modules\winston\node_modules\readable-stream\lib\_stream_readable.js:629:20)
[error] 
[error] Error: An unexpected error has occurred.
[debug] [2026-08-31T20:17:07.460Z] Error: EPIPE: broken pipe, write
    at Socket._write (node:internal/net:75:18)
    at writeOrBuffer (node:internal/streams/writable:570:12)
    at _write (node:internal/streams/writable:499:10)
    at Writable.write (node:internal/streams/writable:508:10)
    at Console.log (C:\Users\xioas\AppData\Roaming\npm\node_modules\firebase-tools\node_modules\winston\lib\winston\transports\console.js:87:23)
    at Console._write (C:\Users\xioas\AppData\Roaming\npm\node_modules\firebase-tools\node_modules\winston-transport\modern.js:103:17)
    at doWrite (C:\Users\xioas\AppData\Roaming\npm\node_modules\firebase-tools\node_modules\winston-transport\node_modules\readable-stream\lib\_stream_writable.js:390:139)
    at writeOrBuffer (C:\Users\xioas\AppData\Roaming\npm\node_modules\firebase-tools\node_modules\winston-transport\node_modules\readable-stream\lib\_stream_writable.js:381:5)
    at Writable.write (C:\Users\xioas\AppData\Roaming\npm\node_modules\firebase-tools\node_modules\winston-transport\node_modules\readable-stream\lib\_stream_writable.js:302:11)
    at DerivedLogger.ondata (C:\Users\xioas\AppData\Roaming\npm\node_modules\firebase-tools\node_modules\winston\node_modules\readable-stream\lib\_stream_readable.js:629:20)
[error] 
[error] Error: An unexpected error has occurred.
[debug] [2026-08-31T20:17:07.460Z] Error: EPIPE: broken pipe, write
    at Socket._write (node:internal/net:75:18)
    at writeOrBuffer (node:internal/streams/writable:570:12)
    at _write (node:internal/streams/writable:499:10)
    at Writable.write (node:internal/streams/writable:508:10)
    at Console.log (C:\Users\xioas\AppData\Roaming\npm\node_modules\firebase-tools\node_modules\winston\lib\winston\transports\console.js:87:23)
    at Console._write (C:\Users\xioas\AppData\Roaming\npm\node_modules\firebase-tools\node_modules\winston-transport\modern.js:103:17)
    at doWrite (C:\Users\xioas\AppData\Roaming\npm\node_modules\firebase-tools\node_modules\winston-transport\node_modules\readable-stream\lib\_stream_writable.js:390:139)
    at writeOrBuffer (C:\Users\xioas\AppData\Roaming\npm\node_modules\firebase-tools\node_modules\winston-transport\node_modules\readable-stream\lib\_stream_writable.js:381:5)
    at Writable.write (C:\Users\xioas\AppData\Roaming\npm\node_modules\firebase-tools\node_modules\winston-transport\node_modules\readable-stream\lib\_stream_writable.js:302:11)
    at DerivedLogger.ondata (C:\Users\xioas\AppData\Roaming\npm\node_modules\firebase-tools\node_modules\winston\node_modules\readable-stream\lib\_stream_readable.js:629:20)
[error] 
[error] Error: An unexpected error has occurred.
[debug] [2026-08-31T20:17:07.460Z] Error: EPIPE: broken pipe, write
    at Socket._write (node:internal/net:75:18)
    at writeOrBuffer (node:internal/streams/writable:570:12)
    at _write (node:internal/streams/writable:499:10)
    at Writable.write (node:internal/streams/writable:508:10)
    at Console.log (C:\Users\xioas\AppData\Roaming\npm\node_modules\firebase-tools\node_modules\winston\lib\winston\transports\console.js:87:23)
    at Console._write (C:\Users\xioas\AppData\Roaming\npm\node_modules\firebase-tools\node_modules\winston-transport\modern.js:103:17)
    at doWrite (C:\Users\xioas\AppData\Roaming\npm\node_modules\firebase-tools\node_modules\winston-transport\node_modules\readable-stream\lib\_stream_writable.js:390:139)
    at writeOrBuffer (C:\Users\xioas\AppData\Roaming\npm\node_modules\firebase-tools\node_modules\winston-transport\node_modules\readable-stream\lib\_stream_writable.js:381:5)
    at Writable.write (C:\Users\xioas\AppData\Roaming\npm\node_modules\firebase-tools\node_modules\winston-transport\node_modules\readable-stream\lib\_stream_writable.js:302:11)
    at DerivedLogger.ondata (C:\Users\xioas\AppData\Roaming\npm\node_modules\firebase-tools\node_modules\winston\node_modules\readable-stream\lib\_stream_readable.js:629:20)
[error] 
[error] Error: An unexpected error has occurred.
[debug] [2026-08-31T20:17:07.461Z] Error: EPIPE: broken pipe, write
    at Socket._write (node:internal/net:75:18)
    at writeOrBuffer (node:internal/streams/writable:570:12)
    at _write (node:internal/streams/writable:499:10)
    at Writable.write (node:internal/streams/writable:508:10)
    at Console.log (C:\Users\xioas\AppData\Roaming\npm\node_modules\firebase-tools\node_modules\winston\lib\winston\transports\console.js:87:23)
    at Console._write (C:\Users\xioas\AppData\Roaming\npm\node_modules\firebase-tools\node_modules\winston-transport\modern.js:103:17)
    at doWrite (C:\Users\xioas\AppData\Roaming\npm\node_modules\firebase-tools\node_modules\winston-transport\node_modules\readable-stream\lib\_stream_writable.js:390:139)
    at writeOrBuffer (C:\Users\xioas\AppData\Roaming\npm\node_modules\firebase-tools\node_modules\winston-transport\node_modules\readable-stream\lib\_stream_writable.js:381:5)
    at Writable.write (C:\Users\xioas\AppData\Roaming\npm\node_modules\firebase-tools\node_modules\winston-transport\node_modules\readable-stream\lib\_stream_writable.js:302:11)
    at DerivedLogger.ondata (C:\Users\xioas\AppData\Roaming\npm\node_modules\firebase-tools\node_modules\winston\node_modules\readable-stream\lib\_stream_readable.js:629:20)
[error] 
[error] Error: An unexpected error has occurred.
[debug] [2026-08-31T20:17:07.462Z] Error: EPIPE: broken pipe, write
    at Socket._write (node:internal/net:75:18)
    at writeOrBuffer (node:internal/streams/writable:570:12)
    at _write (node:internal/streams/writable:499:10)
    at Writable.write (node:internal/streams/writable:508:10)
    at Console.log (C:\Users\xioas\AppData\Roaming\npm\node_modules\firebase-tools\node_modules\winston\lib\winston\transports\console.js:87:23)
    at Console._write (C:\Users\xioas\AppData\Roaming\npm\node_modules\firebase-tools\node_modules\winston-transport\modern.js:103:17)
    at doWrite (C:\Users\xioas\AppData\Roaming\npm\node_modules\firebase-tools\node_modules\winston-transport\node_modules\readable-stream\lib\_stream_writable.js:390:139)
    at writeOrBuffer (C:\Users\xioas\AppData\Roaming\npm\node_modules\firebase-tools\node_modules\winston-transport\node_modules\readable-stream\lib\_stream_writable.js:381:5)
    at Writable.write (C:\Users\xioas\AppData\Roaming\npm\node_modules\firebase-tools\node_modules\winston-transport\node_modules\readable-stream\lib\_stream_writable.js:302:11)
    at DerivedLogger.ondata (C:\Users\xioas\AppData\Roaming\npm\node_modules\firebase-tools\node_modules\winston\node_modules\readable-stream\lib\_stream_readable.js:629:20)
[error] 
[error] Error: An unexpected error has occurred.
[debug] [2026-08-31T20:17:07.462Z] Error: EPIPE: broken pipe, write
    at Socket._write (node:internal/net:75:18)
    at writeOrBuffer (node:internal/streams/writable:570:12)
    at _write (node:internal/streams/writable:499:10)
    at Writable.write (node:internal/streams/writable:508:10)
    at Console.log (C:\Users\xioas\AppData\Roaming\npm\node_modules\firebase-tools\node_modules\winston\lib\winston\transports\console.js:87:23)
    at Console._write (C:\Users\xioas\AppData\Roaming\npm\node_modules\firebase-tools\node_modules\winston-transport\modern.js:103:17)
    at doWrite (C:\Users\xioas\AppData\Roaming\npm\node_modules\firebase-tools\node_modules\winston-transport\node_modules\readable-stream\lib\_stream_writable.js:390:139)
    at writeOrBuffer (C:\Users\xioas\AppData\Roaming\npm\node_modules\firebase-tools\node_modules\winston-transport\node_modules\readable-stream\lib\_stream_writable.js:381:5)
    at Writable.write (C:\Users\xioas\AppData\Roaming\npm\node_modules\firebase-tools\node_modules\winston-transport\node_modules\readable-stream\lib\_stream_writable.js:302:11)
    at DerivedLogger.ondata (C:\Users\xioas\AppData\Roaming\npm\node_modules\firebase-tools\node_modules\winston\node_modules\readable-stream\lib\_stream_readable.js:629:20)
[error] 
[error] Error: An unexpected error has occurred.
[debug] [2026-08-31T20:17:07.463Z] Error: EPIPE: broken pipe, write
    at Socket._write (node:internal/net:75:18)
    at writeOrBuffer (node:internal/streams/writable:570:12)
    at _write (node:internal/streams/writable:499:10)
    at Writable.write (node:internal/streams/writable:508:10)
    at Console.log (C:\Users\xioas\AppData\Roaming\npm\node_modules\firebase-tools\node_modules\winston\lib\winston\transports\console.js:87:23)
    at Console._write (C:\Users\xioas\AppData\Roaming\npm\node_modules\firebase-tools\node_modules\winston-transport\modern.js:103:17)
    at doWrite (C:\Users\xioas\AppData\Roaming\npm\node_modules\firebase-tools\node_modules\winston-transport\node_modules\readable-stream\lib\_stream_writable.js:390:139)
    at writeOrBuffer (C:\Users\xioas\AppData\Roaming\npm\node_modules\firebase-tools\node_modules\winston-transport\node_modules\readable-stream\lib\_stream_writable.js:381:5)
    at Writable.write (C:\Users\xioas\AppData\Roaming\npm\node_modules\firebase-tools\node_modules\winston-transport\node_modules\readable-stream\lib\_stream_writable.js:302:11)
    at DerivedLogger.ondata (C:\Users\xioas\AppData\Roaming\npm\node_modules\firebase-tools\node_modules\winston\node_modules\readable-stream\lib\_stream_readable.js:629:20)
[error] 
[error] Error: An unexpected error has occurred.
[debug] [2026-08-31T20:17:07.463Z] Error: EPIPE: broken pipe, write
    at Socket._write (node:internal/net:75:18)
    at writeOrBuffer (node:internal/streams/writable:570:12)
    at _write (node:internal/streams/writable:499:10)
    at Writable.write (node:internal/streams/writable:508:10)
    at Console.log (C:\Users\xioas\AppData\Roaming\npm\node_modules\firebase-tools\node_modules\winston\lib\winston\transports\console.js:87:23)
    at Console._write (C:\Users\xioas\AppData\Roaming\npm\node_modules\firebase-tools\node_modules\winston-transport\modern.js:103:17)
    at doWrite (C:\Users\xioas\AppData\Roaming\npm\node_modules\firebase-tools\node_modules\winston-transport\node_modules\readable-stream\lib\_stream_writable.js:390:139)
    at writeOrBuffer (C:\Users\xioas\AppData\Roaming\npm\node_modules\firebase-tools\node_modules\winston-transport\node_modules\readable-stream\lib\_stream_writable.js:381:5)
    at Writable.write (C:\Users\xioas\AppData\Roaming\npm\node_modules\firebase-tools\node_modules\winston-transport\node_modules\readable-stream\lib\_stream_writable.js:302:11)
    at DerivedLogger.ondata (C:\Users\xioas\AppData\Roaming\npm\node_modules\firebase-tools\node_modules\winston\node_modules\readable-stream\lib\_stream_readable.js:629:20)
[error] 
[error] Error: An unexpected error has occurred.
[debug] [2026-08-31T20:17:07.463Z] Error: EPIPE: broken pipe, write
    at Socket._write (node:internal/net:75:18)
    at writeOrBuffer (node:internal/streams/writable:570:12)
    at _write (node:internal/streams/writable:499:10)
    at Writable.write (node:internal/streams/writable:508:10)
    at Console.log (C:\Users\xioas\AppData\Roaming\npm\node_modules\firebase-tools\node_modules\winston\lib\winston\transports\console.js:87:23)
    at Console._write (C:\Users\xioas\AppData\Roaming\npm\node_modules\firebase-tools\node_modules\winston-transport\modern.js:103:17)
    at doWrite (C:\Users\xioas\AppData\Roaming\npm\node_modules\firebase-tools\node_modules\winston-transport\node_modules\readable-stream\lib\_stream_writable.js:390:139)
    at writeOrBuffer (C:\Users\xioas\AppData\Roaming\npm\node_modules\firebase-tools\node_modules\winston-transport\node_modules\readable-stream\lib\_stream_writable.js:381:5)
    at Writable.write (C:\Users\xioas\AppData\Roaming\npm\node_modules\firebase-tools\node_modules\winston-transport\node_modules\readable-stream\lib\_stream_writable.js:302:11)
    at DerivedLogger.ondata (C:\Users\xioas\AppData\Roaming\npm\node_modules\firebase-tools\node_modules\winston\node_modules\readable-stream\lib\_stream_readable.js:629:20)
[error] 
[error] Error: An unexpected error has occurred.
[debug] [2026-08-31T20:17:07.464Z] Error: EPIPE: broken pipe, write
    at Socket._write (node:internal/net:75:18)
    at writeOrBuffer (node:internal/streams/writable:570:12)
    at _write (node:internal/streams/writable:499:10)
    at Writable.write (node:internal/streams/writable:508:10)
    at Console.log (C:\Users\xioas\AppData\Roaming\npm\node_modules\firebase-tools\node_modules\winston\lib\winston\transports\console.js:87:23)
    at Console._write (C:\Users\xioas\AppData\Roaming\npm\node_modules\firebase-tools\node_modules\winston-transport\modern.js:103:17)
    at doWrite (C:\Users\xioas\AppData\Roaming\npm\node_modules\firebase-tools\node_modules\winston-transport\node_modules\readable-stream\lib\_stream_writable.js:390:139)
    at writeOrBuffer (C:\Users\xioas\AppData\Roaming\npm\node_modules\firebase-tools\node_modules\winston-transport\node_modules\readable-stream\lib\_stream_writable.js:381:5)
    at Writable.write (C:\Users\xioas\AppData\Roaming\npm\node_modules\firebase-tools\node_modules\winston-transport\node_modules\readable-stream\lib\_stream_writable.js:302:11)
    at DerivedLogger.ondata (C:\Users\xioas\AppData\Roaming\npm\node_modules\firebase-tools\node_modules\winston\node_modules\readable-stream\lib\_stream_readable.js:629:20)
[error] 
[error] Error: An unexpected error has occurred.
[debug] [2026-08-31T20:17:07.464Z] Error: EPIPE: broken pipe, write
    at Socket._write (node:internal/net:75:18)
    at writeOrBuffer (node:internal/streams/writable:570:12)
    at _write (node:internal/streams/writable:499:10)
    at Writable.write (node:internal/streams/writable:508:10)
    at Console.log (C:\Users\xioas\AppData\Roaming\npm\node_modules\firebase-tools\node_modules\winston\lib\winston\transports\console.js:87:23)
    at Console._write (C:\Users\xioas\AppData\Roaming\npm\node_modules\firebase-tools\node_modules\winston-transport\modern.js:103:17)
    at doWrite (C:\Users\xioas\AppData\Roaming\npm\node_modules\firebase-tools\node_modules\winston-transport\node_modules\readable-stream\lib\_stream_writable.js:390:139)
    at writeOrBuffer (C:\Users\xioas\AppData\Roaming\npm\node_modules\firebase-tools\node_modules\winston-transport\node_modules\readable-stream\lib\_stream_writable.js:381:5)
    at Writable.write (C:\Users\xioas\AppData\Roaming\npm\node_modules\firebase-tools\node_modules\winston-transport\node_modules\readable-stream\lib\_stream_writable.js:302:11)
    at DerivedLogger.ondata (C:\Users\xioas\AppData\Roaming\npm\node_modules\firebase-tools\node_modules\winston\node_modules\readable-stream\lib\_stream_readable.js:629:20)
[error] 
[error] Error: An unexpected error has occurred.
[debug] [2026-08-31T20:17:07.464Z] Error: EPIPE: broken pipe, write
    at Socket._write (node:internal/net:75:18)
    at writeOrBuffer (node:internal/streams/writable:570:12)
    at _write (node:internal/streams/writable:499:10)
    at Writable.write (node:internal/streams/writable:508:10)
    at Console.log (C:\Users\xioas\AppData\Roaming\npm\node_modules\firebase-tools\node_modules\winston\lib\winston\transports\console.js:87:23)
    at Console._write (C:\Users\xioas\AppData\Roaming\npm\node_modules\firebase-tools\node_modules\winston-transport\modern.js:103:17)
    at doWrite (C:\Users\xioas\AppData\Roaming\npm\node_modules\firebase-tools\node_modules\winston-transport\node_modules\readable-stream\lib\_stream_writable.js:390:139)
    at writeOrBuffer (C:\Users\xioas\AppData\Roaming\npm\node_modules\firebase-tools\node_modules\winston-transport\node_modules\readable-stream\lib\_stream_writable.js:381:5)
    at Writable.write (C:\Users\xioas\AppData\Roaming\npm\node_modules\firebase-tools\node_modules\winston-transport\node_modules\readable-stream\lib\_stream_writable.js:302:11)
    at DerivedLogger.ondata (C:\Users\xioas\AppData\Roaming\npm\node_modules\firebase-tools\node_modules\winston\node_modules\readable-stream\lib\_stream_readable.js:629:20)
[error] 
[error] Error: An unexpected error has occurred.
[debug] [2026-08-31T20:17:07.464Z] Error: EPIPE: broken pipe, write
    at Socket._write (node:internal/net:75:18)
    at writeOrBuffer (node:internal/streams/writable:570:12)
    at _write (node:internal/streams/writable:499:10)
    at Writable.write (node:internal/streams/writable:508:10)
    at Console.log (C:\Users\xioas\AppData\Roaming\npm\node_modules\firebase-tools\node_modules\winston\lib\winston\transports\console.js:87:23)
    at Console._write (C:\Users\xioas\AppData\Roaming\npm\node_modules\firebase-tools\node_modules\winston-transport\modern.js:103:17)
    at doWrite (C:\Users\xioas\AppData\Roaming\npm\node_modules\firebase-tools\node_modules\winston-transport\node_modules\readable-stream\lib\_stream_writable.js:390:139)
    at writeOrBuffer (C:\Users\xioas\AppData\Roaming\npm\node_modules\firebase-tools\node_modules\winston-transport\node_modules\readable-stream\lib\_stream_writable.js:381:5)
    at Writable.write (C:\Users\xioas\AppData\Roaming\npm\node_modules\firebase-tools\node_modules\winston-transport\node_modules\readable-stream\lib\_stream_writable.js:302:11)
    at DerivedLogger.ondata (C:\Users\xioas\AppData\Roaming\npm\node_modules\firebase-tools\node_modules\winston\node_modules\readable-stream\lib\_stream_readable.js:629:20)
[error] 
[error] Error: An unexpected error has occurred.
[debug] [2026-08-31T20:17:07.465Z] Error: EPIPE: broken pipe, write
    at Socket._write (node:internal/net:75:18)
    at writeOrBuffer (node:internal/streams/writable:570:12)
    at _write (node:internal/streams/writable:499:10)
    at Writable.write (node:internal/streams/writable:508:10)
    at Console.log (C:\Users\xioas\AppData\Roaming\npm\node_modules\firebase-tools\node_modules\winston\lib\winston\transports\console.js:87:23)
    at Console._write (C:\Users\xioas\AppData\Roaming\npm\node_modules\firebase-tools\node_modules\winston-transport\modern.js:103:17)
    at doWrite (C:\Users\xioas\AppData\Roaming\npm\node_modules\firebase-tools\node_modules\winston-transport\node_modules\readable-stream\lib\_stream_writable.js:390:139)
    at writeOrBuffer (C:\Users\xioas\AppData\Roaming\npm\node_modules\firebase-tools\node_modules\winston-transport\node_modules\readable-stream\lib\_stream_writable.js:381:5)
    at Writable.write (C:\Users\xioas\AppData\Roaming\npm\node_modules\firebase-tools\node_modules\winston-transport\node_modules\readable-stream\lib\_stream_writable.js:302:11)
    at DerivedLogger.ondata (C:\Users\xioas\AppData\Roaming\npm\node_modules\firebase-tools\node_modules\winston\node_modules\readable-stream\lib\_stream_readable.js:629:20)
[error] 
[error] Error: An unexpected error has occurred.
[debug] [2026-08-31T20:17:07.465Z] Error: EPIPE: broken pipe, write
    at Socket._write (node:internal/net:75:18)
    at writeOrBuffer (node:internal/streams/writable:570:12)
    at _write (node:internal/streams/writable:499:10)
    at Writable.write (node:internal/streams/writable:508:10)
    at Console.log (C:\Users\xioas\AppData\Roaming\npm\node_modules\firebase-tools\node_modules\winston\lib\winston\transports\console.js:87:23)
    at Console._write (C:\Users\xioas\AppData\Roaming\npm\node_modules\firebase-tools\node_modules\winston-transport\modern.js:103:17)
    at doWrite (C:\Users\xioas\AppData\Roaming\npm\node_modules\firebase-tools\node_modules\winston-transport\node_modules\readable-stream\lib\_stream_writable.js:390:139)
    at writeOrBuffer (C:\Users\xioas\AppData\Roaming\npm\node_modules\firebase-tools\node_modules\winston-transport\node_modules\readable-stream\lib\_stream_writable.js:381:5)
    at Writable.write (C:\Users\xioas\AppData\Roaming\npm\node_modules\firebase-tools\node_modules\winston-transport\node_modules\readable-stream\lib\_stream_writable.js:302:11)
    at DerivedLogger.ondata (C:\Users\xioas\AppData\Roaming\npm\node_modules\firebase-tools\node_modules\winston\node_modules\readable-stream\lib\_stream_readable.js:629:20)
[error] 
[error] Error: An unexpected error has occurred.
[debug] [2026-08-31T20:17:07.465Z] Error: EPIPE: broken pipe, write
    at Socket._write (node:internal/net:75:18)
    at writeOrBuffer (node:internal/streams/writable:570:12)
    at _write (node:internal/streams/writable:499:10)
    at Writable.write (node:internal/streams/writable:508:10)
    at Console.log (C:\Users\xioas\AppData\Roaming\npm\node_modules\firebase-tools\node_modules\winston\lib\winston\transports\console.js:87:23)
    at Console._write (C:\Users\xioas\AppData\Roaming\npm\node_modules\firebase-tools\node_modules\winston-transport\modern.js:103:17)
    at doWrite (C:\Users\xioas\AppData\Roaming\npm\node_modules\firebase-tools\node_modules\winston-transport\node_modules\readable-stream\lib\_stream_writable.js:390:139)
    at writeOrBuffer (C:\Users\xioas\AppData\Roaming\npm\node_modules\firebase-tools\node_modules\winston-transport\node_modules\readable-stream\lib\_stream_writable.js:381:5)
    at Writable.write (C:\Users\xioas\AppData\Roaming\npm\node_modules\firebase-tools\node_modules\winston-transport\node_modules\readable-stream\lib\_stream_writable.js:302:11)
    at DerivedLogger.ondata (C:\Users\xioas\AppData\Roaming\npm\node_modules\firebase-tools\node_modules\winston\node_modules\readable-stream\lib\_stream_readable.js:629:20)
[error] 
[error] Error: An unexpected error has occurred.
[debug] [2026-08-31T20:17:07.466Z] Error: EPIPE: broken pipe, write
    at Socket._write (node:internal/net:75:18)
    at writeOrBuffer (node:internal/streams/writable:570:12)
    at _write (node:internal/streams/writable:499:10)
    at Writable.write (node:internal/streams/writable:508:10)
    at Console.log (C:\Users\xioas\AppData\Roaming\npm\node_modules\firebase-tools\node_modules\winston\lib\winston\transports\console.js:87:23)
    at Console._write (C:\Users\xioas\AppData\Roaming\npm\node_modules\firebase-tools\node_modules\winston-transport\modern.js:103:17)
    at doWrite (C:\Users\xioas\AppData\Roaming\npm\node_modules\firebase-tools\node_modules\winston-transport\node_modules\readable-stream\lib\_stream_writable.js:390:139)
    at writeOrBuffer (C:\Users\xioas\AppData\Roaming\npm\node_modules\firebase-tools\node_modules\winston-transport\node_modules\readable-stream\lib\_stream_writable.js:381:5)
    at Writable.write (C:\Users\xioas\AppData\Roaming\npm\node_modules\firebase-tools\node_modules\winston-transport\node_modules\readable-stream\lib\_stream_writable.js:302:11)
    at DerivedLogger.ondata (C:\Users\xioas\AppData\Roaming\npm\node_modules\firebase-tools\node_modules\winston\node_modules\readable-stream\lib\_stream_readable.js:629:20)
[error] 
[error] Error: An unexpected error has occurred.
[debug] [2026-08-31T20:17:07.467Z] Error: EPIPE: broken pipe, write
    at Socket._write (node:internal/net:75:18)
    at writeOrBuffer (node:internal/streams/writable:570:12)
    at _write (node:internal/streams/writable:499:10)
    at Writable.write (node:internal/streams/writable:508:10)
    at Console.log (C:\Users\xioas\AppData\Roaming\npm\node_modules\firebase-tools\node_modules\winston\lib\winston\transports\console.js:87:23)
    at Console._write (C:\Users\xioas\AppData\Roaming\npm\node_modules\firebase-tools\node_modules\winston-transport\modern.js:103:17)
    at doWrite (C:\Users\xioas\AppData\Roaming\npm\node_modules\firebase-tools\node_modules\winston-transport\node_modules\readable-stream\lib\_stream_writable.js:390:139)
    at writeOrBuffer (C:\Users\xioas\AppData\Roaming\npm\node_modules\firebase-tools\node_modules\winston-transport\node_modules\readable-stream\lib\_stream_writable.js:381:5)
    at Writable.write (C:\Users\xioas\AppData\Roaming\npm\node_modules\firebase-tools\node_modules\winston-transport\node_modules\readable-stream\lib\_stream_writable.js:302:11)
    at DerivedLogger.ondata (C:\Users\xioas\AppData\Roaming\npm\node_modules\firebase-tools\node_modules\winston\node_modules\readable-stream\lib\_stream_readable.js:629:20)
[error] 
[error] Error: An unexpected error has occurred.
[debug] [2026-08-31T20:17:07.467Z] Error: EPIPE: broken pipe, write
    at Socket._write (node:internal/net:75:18)
    at writeOrBuffer (node:internal/streams/writable:570:12)
    at _write (node:internal/streams/writable:499:10)
    at Writable.write (node:internal/streams/writable:508:10)
    at Console.log (C:\Users\xioas\AppData\Roaming\npm\node_modules\firebase-tools\node_modules\winston\lib\winston\transports\console.js:87:23)
    at Console._write (C:\Users\xioas\AppData\Roaming\npm\node_modules\firebase-tools\node_modules\winston-transport\modern.js:103:17)
    at doWrite (C:\Users\xioas\AppData\Roaming\npm\node_modules\firebase-tools\node_modules\winston-transport\node_modules\readable-stream\lib\_stream_writable.js:390:139)
    at writeOrBuffer (C:\Users\xioas\AppData\Roaming\npm\node_modules\firebase-tools\node_modules\winston-transport\node_modules\readable-stream\lib\_stream_writable.js:381:5)
    at Writable.write (C:\Users\xioas\AppData\Roaming\npm\node_modules\firebase-tools\node_modules\winston-transport\node_modules\readable-stream\lib\_stream_writable.js:302:11)
    at DerivedLogger.ondata (C:\Users\xioas\AppData\Roaming\npm\node_modules\firebase-tools\node_modules\winston\node_modules\readable-stream\lib\_stream_readable.js:629:20)
[error] 
[error] Error: An unexpected error has occurred.
[debug] [2026-08-31T20:17:07.467Z] Error: EPIPE: broken pipe, write
    at Socket._write (node:internal/net:75:18)
    at writeOrBuffer (node:internal/streams/writable:570:12)
    at _write (node:internal/streams/writable:499:10)
    at Writable.write (node:internal/streams/writable:508:10)
    at Console.log (C:\Users\xioas\AppData\Roaming\npm\node_modules\firebase-tools\node_modules\winston\lib\winston\transports\console.js:87:23)
    at Console._write (C:\Users\xioas\AppData\Roaming\npm\node_modules\firebase-tools\node_modules\winston-transport\modern.js:103:17)
    at doWrite (C:\Users\xioas\AppData\Roaming\npm\node_modules\firebase-tools\node_modules\winston-transport\node_modules\readable-stream\lib\_stream_writable.js:390:139)
    at writeOrBuffer (C:\Users\xioas\AppData\Roaming\npm\node_modules\firebase-tools\node_modules\winston-transport\node_modules\readable-stream\lib\_stream_writable.js:381:5)
    at Writable.write (C:\Users\xioas\AppData\Roaming\npm\node_modules\firebase-tools\node_modules\winston-transport\node_modules\readable-stream\lib\_stream_writable.js:302:11)
    at DerivedLogger.ondata (C:\Users\xioas\AppData\Roaming\npm\node_modules\firebase-tools\node_modules\winston\node_modules\readable-stream\lib\_stream_readable.js:629:20)
[error] 
[error] Error: An unexpected error has occurred.
[debug] [2026-08-31T20:17:07.468Z] Error: EPIPE: broken pipe, write
    at Socket._write (node:internal/net:75:18)
    at writeOrBuffer (node:internal/streams/writable:570:12)
    at _write (node:internal/streams/writable:499:10)
    at Writable.write (node:internal/streams/writable:508:10)
    at Console.log (C:\Users\xioas\AppData\Roaming\npm\node_modules\firebase-tools\node_modules\winston\lib\winston\transports\console.js:87:23)
    at Console._write (C:\Users\xioas\AppData\Roaming\npm\node_modules\firebase-tools\node_modules\winston-transport\modern.js:103:17)
    at doWrite (C:\Users\xioas\AppData\Roaming\npm\node_modules\firebase-tools\node_modules\winston-transport\node_modules\readable-stream\lib\_stream_writable.js:390:139)
    at writeOrBuffer (C:\Users\xioas\AppData\Roaming\npm\node_modules\firebase-tools\node_modules\winston-transport\node_modules\readable-stream\lib\_stream_writable.js:381:5)
    at Writable.write (C:\Users\xioas\AppData\Roaming\npm\node_modules\firebase-tools\node_modules\winston-transport\node_modules\readable-stream\lib\_stream_writable.js:302:11)
    at DerivedLogger.ondata (C:\Users\xioas\AppData\Roaming\npm\node_modules\firebase-tools\node_modules\winston\node_modules\readable-stream\lib\_stream_readable.js:629:20)
[error] 
[error] Error: An unexpected error has occurred.
[debug] [2026-08-31T20:17:07.468Z] Error: EPIPE: broken pipe, write
    at Socket._write (node:internal/net:75:18)
    at writeOrBuffer (node:internal/streams/writable:570:12)
    at _write (node:internal/streams/writable:499:10)
    at Writable.write (node:internal/streams/writable:508:10)
    at Console.log (C:\Users\xioas\AppData\Roaming\npm\node_modules\firebase-tools\node_modules\winston\lib\winston\transports\console.js:87:23)
    at Console._write (C:\Users\xioas\AppData\Roaming\npm\node_modules\firebase-tools\node_modules\winston-transport\modern.js:103:17)
    at doWrite (C:\Users\xioas\AppData\Roaming\npm\node_modules\firebase-tools\node_modules\winston-transport\node_modules\readable-stream\lib\_stream_writable.js:390:139)
    at writeOrBuffer (C:\Users\xioas\AppData\Roaming\npm\node_modules\firebase-tools\node_modules\winston-transport\node_modules\readable-stream\lib\_stream_writable.js:381:5)
    at Writable.write (C:\Users\xioas\AppData\Roaming\npm\node_modules\firebase-tools\node_modules\winston-transport\node_modules\readable-stream\lib\_stream_writable.js:302:11)
    at DerivedLogger.ondata (C:\Users\xioas\AppData\Roaming\npm\node_modules\firebase-tools\node_modules\winston\node_modules\readable-stream\lib\_stream_readable.js:629:20)
[error] 
[error] Error: An unexpected error has occurred.
[debug] [2026-08-31T20:17:07.468Z] Error: EPIPE: broken pipe, write
    at Socket._write (node:internal/net:75:18)
    at writeOrBuffer (node:internal/streams/writable:570:12)
    at _write (node:internal/streams/writable:499:10)
    at Writable.write (node:internal/streams/writable:508:10)
    at Console.log (C:\Users\xioas\AppData\Roaming\npm\node_modules\firebase-tools\node_modules\winston\lib\winston\transports\console.js:87:23)
    at Console._write (C:\Users\xioas\AppData\Roaming\npm\node_modules\firebase-tools\node_modules\winston-transport\modern.js:103:17)
    at doWrite (C:\Users\xioas\AppData\Roaming\npm\node_modules\firebase-tools\node_modules\winston-transport\node_modules\readable-stream\lib\_stream_writable.js:390:139)
    at writeOrBuffer (C:\Users\xioas\AppData\Roaming\npm\node_modules\firebase-tools\node_modules\winston-transport\node_modules\readable-stream\lib\_stream_writable.js:381:5)
    at Writable.write (C:\Users\xioas\AppData\Roaming\npm\node_modules\firebase-tools\node_modules\winston-transport\node_modules\readable-stream\lib\_stream_writable.js:302:11)
    at DerivedLogger.ondata (C:\Users\xioas\AppData\Roaming\npm\node_modules\firebase-tools\node_modules\winston\node_modules\readable-stream\lib\_stream_readable.js:629:20)
[error] 
[error] Error: An unexpected error has occurred.
[debug] [2026-08-31T20:17:07.468Z] Error: EPIPE: broken pipe, write
    at Socket._write (node:internal/net:75:18)
    at writeOrBuffer (node:internal/streams/writable:570:12)
    at _write (node:internal/streams/writable:499:10)
    at Writable.write (node:internal/streams/writable:508:10)
    at Console.log (C:\Users\xioas\AppData\Roaming\npm\node_modules\firebase-tools\node_modules\winston\lib\winston\transports\console.js:87:23)
    at Console._write (C:\Users\xioas\AppData\Roaming\npm\node_modules\firebase-tools\node_modules\winston-transport\modern.js:103:17)
    at doWrite (C:\Users\xioas\AppData\Roaming\npm\node_modules\firebase-tools\node_modules\winston-transport\node_modules\readable-stream\lib\_stream_writable.js:390:139)
    at writeOrBuffer (C:\Users\xioas\AppData\Roaming\npm\node_modules\firebase-tools\node_modules\winston-transport\node_modules\readable-stream\lib\_stream_writable.js:381:5)
    at Writable.write (C:\Users\xioas\AppData\Roaming\npm\node_modules\firebase-tools\node_modules\winston-transport\node_modules\readable-stream\lib\_stream_writable.js:302:11)
    at DerivedLogger.ondata (C:\Users\xioas\AppData\Roaming\npm\node_modules\firebase-tools\node_modules\winston\node_modules\readable-stream\lib\_stream_readable.js:629:20)
[error] 
[error] Error: An unexpected error has occurred.
[debug] [2026-08-31T20:17:07.469Z] Error: EPIPE: broken pipe, write
    at Socket._write (node:internal/net:75:18)
    at writeOrBuffer (node:internal/streams/writable:570:12)
    at _write (node:internal/streams/writable:499:10)
    at Writable.write (node:internal/streams/writable:508:10)
    at Console.log (C:\Users\xioas\AppData\Roaming\npm\node_modules\firebase-tools\node_modules\winston\lib\winston\transports\console.js:87:23)
    at Console._write (C:\Users\xioas\AppData\Roaming\npm\node_modules\firebase-tools\node_modules\winston-transport\modern.js:103:17)
    at doWrite (C:\Users\xioas\AppData\Roaming\npm\node_modules\firebase-tools\node_modules\winston-transport\node_modules\readable-stream\lib\_stream_writable.js:390:139)
    at writeOrBuffer (C:\Users\xioas\AppData\Roaming\npm\node_modules\firebase-tools\node_modules\winston-transport\node_modules\readable-stream\lib\_stream_writable.js:381:5)
    at Writable.write (C:\Users\xioas\AppData\Roaming\npm\node_modules\firebase-tools\node_modules\winston-transport\node_modules\readable-stream\lib\_stream_writable.js:302:11)
    at DerivedLogger.ondata (C:\Users\xioas\AppData\Roaming\npm\node_modules\firebase-tools\node_modules\winston\node_modules\readable-stream\lib\_stream_readable.js:629:20)
[error] 
[error] Error: An unexpected error has occurred.
[debug] [2026-08-31T20:17:07.469Z] Error: EPIPE: broken pipe, write
    at Socket._write (node:internal/net:75:18)
    at writeOrBuffer (node:internal/streams/writable:570:12)
    at _write (node:internal/streams/writable:499:10)
    at Writable.write (node:internal/streams/writable:508:10)
    at Console.log (C:\Users\xioas\AppData\Roaming\npm\node_modules\firebase-tools\node_modules\winston\lib\winston\transports\console.js:87:23)
    at Console._write (C:\Users\xioas\AppData\Roaming\npm\node_modules\firebase-tools\node_modules\winston-transport\modern.js:103:17)
    at doWrite (C:\Users\xioas\AppData\Roaming\npm\node_modules\firebase-tools\node_modules\winston-transport\node_modules\readable-stream\lib\_stream_writable.js:390:139)
    at writeOrBuffer (C:\Users\xioas\AppData\Roaming\npm\node_modules\firebase-tools\node_modules\winston-transport\node_modules\readable-stream\lib\_stream_writable.js:381:5)
    at Writable.write (C:\Users\xioas\AppData\Roaming\npm\node_modules\firebase-tools\node_modules\winston-transport\node_modules\readable-stream\lib\_stream_writable.js:302:11)
    at DerivedLogger.ondata (C:\Users\xioas\AppData\Roaming\npm\node_modules\firebase-tools\node_modules\winston\node_modules\readable-stream\lib\_stream_readable.js:629:20)
[error] 
[error] Error: An unexpected error has occurred.
[debug] [2026-08-31T20:17:07.469Z] Error: EPIPE: broken pipe, write
    at Socket._write (node:internal/net:75:18)
    at writeOrBuffer (node:internal/streams/writable:570:12)
    at _write (node:internal/streams/writable:499:10)
    at Writable.write (node:internal/streams/writable:508:10)
    at Console.log (C:\Users\xioas\AppData\Roaming\npm\node_modules\firebase-tools\node_modules\winston\lib\winston\transports\console.js:87:23)
    at Console._write (C:\Users\xioas\AppData\Roaming\npm\node_modules\firebase-tools\node_modules\winston-transport\modern.js:103:17)
    at doWrite (C:\Users\xioas\AppData\Roaming\npm\node_modules\firebase-tools\node_modules\winston-transport\node_modules\readable-stream\lib\_stream_writable.js:390:139)
    at writeOrBuffer (C:\Users\xioas\AppData\Roaming\npm\node_modules\firebase-tools\node_modules\winston-transport\node_modules\readable-stream\lib\_stream_writable.js:381:5)
    at Writable.write (C:\Users\xioas\AppData\Roaming\npm\node_modules\firebase-tools\node_modules\winston-transport\node_modules\readable-stream\lib\_stream_writable.js:302:11)
    at DerivedLogger.ondata (C:\Users\xioas\AppData\Roaming\npm\node_modules\firebase-tools\node_modules\winston\node_modules\readable-stream\lib\_stream_readable.js:629:20)
[error] 
[error] Error: An unexpected error has occurred.
[debug] [2026-08-31T20:17:07.469Z] Error: EPIPE: broken pipe, write
    at Socket._write (node:internal/net:75:18)
    at writeOrBuffer (node:internal/streams/writable:570:12)
    at _write (node:internal/streams/writable:499:10)
    at Writable.write (node:internal/streams/writable:508:10)
    at Console.log (C:\Users\xioas\AppData\Roaming\npm\node_modules\firebase-tools\node_modules\winston\lib\winston\transports\console.js:87:23)
    at Console._write (C:\Users\xioas\AppData\Roaming\npm\node_modules\firebase-tools\node_modules\winston-transport\modern.js:103:17)
    at doWrite (C:\Users\xioas\AppData\Roaming\npm\node_modules\firebase-tools\node_modules\winston-transport\node_modules\readable-stream\lib\_stream_writable.js:390:139)
    at writeOrBuffer (C:\Users\xioas\AppData\Roaming\npm\node_modules\firebase-tools\node_modules\winston-transport\node_modules\readable-stream\lib\_stream_writable.js:381:5)
    at Writable.write (C:\Users\xioas\AppData\Roaming\npm\node_modules\firebase-tools\node_modules\winston-transport\node_modules\readable-stream\lib\_stream_writable.js:302:11)
    at DerivedLogger.ondata (C:\Users\xioas\AppData\Roaming\npm\node_modules\firebase-tools\node_modules\winston\node_modules\readable-stream\lib\_stream_readable.js:629:20)
[error] 
[error] Error: An unexpected error has occurred.
[debug] [2026-08-31T20:17:07.470Z] Error: EPIPE: broken pipe, write
    at Socket._write (node:internal/net:75:18)
    at writeOrBuffer (node:internal/streams/writable:570:12)
    at _write (node:internal/streams/writable:499:10)
    at Writable.write (node:internal/streams/writable:508:10)
    at Console.log (C:\Users\xioas\AppData\Roaming\npm\node_modules\firebase-tools\node_modules\winston\lib\winston\transports\console.js:87:23)
    at Console._write (C:\Users\xioas\AppData\Roaming\npm\node_modules\firebase-tools\node_modules\winston-transport\modern.js:103:17)
    at doWrite (C:\Users\xioas\AppData\Roaming\npm\node_modules\firebase-tools\node_modules\winston-transport\node_modules\readable-stream\lib\_stream_writable.js:390:139)
    at writeOrBuffer (C:\Users\xioas\AppData\Roaming\npm\node_modules\firebase-tools\node_modules\winston-transport\node_modules\readable-stream\lib\_stream_writable.js:381:5)
    at Writable.write (C:\Users\xioas\AppData\Roaming\npm\node_modules\firebase-tools\node_modules\winston-transport\node_modules\readable-stream\lib\_stream_writable.js:302:11)
    at DerivedLogger.ondata (C:\Users\xioas\AppData\Roaming\npm\node_modules\firebase-tools\node_modules\winston\node_modules\readable-stream\lib\_stream_readable.js:629:20)
[error] 
[error] Error: An unexpected error has occurred.
[debug] [2026-08-31T20:17:07.470Z] Error: EPIPE: broken pipe, write
    at Socket._write (node:internal/net:75:18)
    at writeOrBuffer (node:internal/streams/writable:570:12)
    at _write (node:internal/streams/writable:499:10)
    at Writable.write (node:internal/streams/writable:508:10)
    at Console.log (C:\Users\xioas\AppData\Roaming\npm\node_modules\firebase-tools\node_modules\winston\lib\winston\transports\console.js:87:23)
    at Console._write (C:\Users\xioas\AppData\Roaming\npm\node_modules\firebase-tools\node_modules\winston-transport\modern.js:103:17)
    at doWrite (C:\Users\xioas\AppData\Roaming\npm\node_modules\firebase-tools\node_modules\winston-transport\node_modules\readable-stream\lib\_stream_writable.js:390:139)
    at writeOrBuffer (C:\Users\xioas\AppData\Roaming\npm\node_modules\firebase-tools\node_modules\winston-transport\node_modules\readable-stream\lib\_stream_writable.js:381:5)
    at Writable.write (C:\Users\xioas\AppData\Roaming\npm\node_modules\firebase-tools\node_modules\winston-transport\node_modules\readable-stream\lib\_stream_writable.js:302:11)
    at DerivedLogger.ondata (C:\Users\xioas\AppData\Roaming\npm\node_modules\firebase-tools\node_modules\winston\node_modules\readable-stream\lib\_stream_readable.js:629:20)
[error] 
[error] Error: An unexpected error has occurred.
[debug] [2026-08-31T20:17:07.471Z] Error: EPIPE: broken pipe, write
    at Socket._write (node:internal/net:75:18)
    at writeOrBuffer (node:internal/streams/writable:570:12)
    at _write (node:internal/streams/writable:499:10)
    at Writable.write (node:internal/streams/writable:508:10)
    at Console.log (C:\Users\xioas\AppData\Roaming\npm\node_modules\firebase-tools\node_modules\winston\lib\winston\transports\console.js:87:23)
    at Console._write (C:\Users\xioas\AppData\Roaming\npm\node_modules\firebase-tools\node_modules\winston-transport\modern.js:103:17)
    at doWrite (C:\Users\xioas\AppData\Roaming\npm\node_modules\firebase-tools\node_modules\winston-transport\node_modules\readable-stream\lib\_stream_writable.js:390:139)
    at writeOrBuffer (C:\Users\xioas\AppData\Roaming\npm\node_modules\firebase-tools\node_modules\winston-transport\node_modules\readable-stream\lib\_stream_writable.js:381:5)
    at Writable.write (C:\Users\xioas\AppData\Roaming\npm\node_modules\firebase-tools\node_modules\winston-transport\node_modules\readable-stream\lib\_stream_writable.js:302:11)
    at DerivedLogger.ondata (C:\Users\xioas\AppData\Roaming\npm\node_modules\firebase-tools\node_modules\winston\node_modules\readable-stream\lib\_stream_readable.js:629:20)
[error] 
[error] Error: An unexpected error has occurred.
[debug] [2026-08-31T20:17:07.471Z] Error: EPIPE: broken pipe, write
    at Socket._write (node:internal/net:75:18)
    at writeOrBuffer (node:internal/streams/writable:570:12)
    at _write (node:internal/streams/writable:499:10)
    at Writable.write (node:internal/streams/writable:508:10)
    at Console.log (C:\Users\xioas\AppData\Roaming\npm\node_modules\firebase-tools\node_modules\winston\lib\winston\transports\console.js:87:23)
    at Console._write (C:\Users\xioas\AppData\Roaming\npm\node_modules\firebase-tools\node_modules\winston-transport\modern.js:103:17)
    at doWrite (C:\Users\xioas\AppData\Roaming\npm\node_modules\firebase-tools\node_modules\winston-transport\node_modules\readable-stream\lib\_stream_writable.js:390:139)
    at writeOrBuffer (C:\Users\xioas\AppData\Roaming\npm\node_modules\firebase-tools\node_modules\winston-transport\node_modules\readable-stream\lib\_stream_writable.js:381:5)
    at Writable.write (C:\Users\xioas\AppData\Roaming\npm\node_modules\firebase-tools\node_modules\winston-transport\node_modules\readable-stream\lib\_stream_writable.js:302:11)
    at DerivedLogger.ondata (C:\Users\xioas\AppData\Roaming\npm\node_modules\firebase-tools\node_modules\winston\node_modules\readable-stream\lib\_stream_readable.js:629:20)
[error] 
[error] Error: An unexpected error has occurred.
[debug] [2026-08-31T20:17:07.471Z] Error: EPIPE: broken pipe, write
    at Socket._write (node:internal/net:75:18)
    at writeOrBuffer (node:internal/streams/writable:570:12)
    at _write (node:internal/streams/writable:499:10)
    at Writable.write (node:internal/streams/writable:508:10)
    at Console.log (C:\Users\xioas\AppData\Roaming\npm\node_modules\firebase-tools\node_modules\winston\lib\winston\transports\console.js:87:23)
    at Console._write (C:\Users\xioas\AppData\Roaming\npm\node_modules\firebase-tools\node_modules\winston-transport\modern.js:103:17)
    at doWrite (C:\Users\xioas\AppData\Roaming\npm\node_modules\firebase-tools\node_modules\winston-transport\node_modules\readable-stream\lib\_stream_writable.js:390:139)
    at writeOrBuffer (C:\Users\xioas\AppData\Roaming\npm\node_modules\firebase-tools\node_modules\winston-transport\node_modules\readable-stream\lib\_stream_writable.js:381:5)
    at Writable.write (C:\Users\xioas\AppData\Roaming\npm\node_modules\firebase-tools\node_modules\winston-transport\node_modules\readable-stream\lib\_stream_writable.js:302:11)
    at DerivedLogger.ondata (C:\Users\xioas\AppData\Roaming\npm\node_modules\firebase-tools\node_modules\winston\node_modules\readable-stream\lib\_stream_readable.js:629:20)
[error] 
[error] Error: An unexpected error has occurred.
[debug] [2026-08-31T20:17:07.472Z] Error: EPIPE: broken pipe, write
    at Socket._write (node:internal/net:75:18)
    at writeOrBuffer (node:internal/streams/writable:570:12)
    at _write (node:internal/streams/writable:499:10)
    at Writable.write (node:internal/streams/writable:508:10)
    at Console.log (C:\Users\xioas\AppData\Roaming\npm\node_modules\firebase-tools\node_modules\winston\lib\winston\transports\console.js:87:23)
    at Console._write (C:\Users\xioas\AppData\Roaming\npm\node_modules\firebase-tools\node_modules\winston-transport\modern.js:103:17)
    at doWrite (C:\Users\xioas\AppData\Roaming\npm\node_modules\firebase-tools\node_modules\winston-transport\node_modules\readable-stream\lib\_stream_writable.js:390:139)
    at writeOrBuffer (C:\Users\xioas\AppData\Roaming\npm\node_modules\firebase-tools\node_modules\winston-transport\node_modules\readable-stream\lib\_stream_writable.js:381:5)
    at Writable.write (C:\Users\xioas\AppData\Roaming\npm\node_modules\firebase-tools\node_modules\winston-transport\node_modules\readable-stream\lib\_stream_writable.js:302:11)
    at DerivedLogger.ondata (C:\Users\xioas\AppData\Roaming\npm\node_modules\firebase-tools\node_modules\winston\node_modules\readable-stream\lib\_stream_readable.js:629:20)
[error] 
[error] Error: An unexpected error has occurred.
[debug] [2026-08-31T20:17:07.472Z] Error: EPIPE: broken pipe, write
    at Socket._write (node:internal/net:75:18)
    at writeOrBuffer (node:internal/streams/writable:570:12)
    at _write (node:internal/streams/writable:499:10)
    at Writable.write (node:internal/streams/writable:508:10)
    at Console.log (C:\Users\xioas\AppData\Roaming\npm\node_modules\firebase-tools\node_modules\winston\lib\winston\transports\console.js:87:23)
    at Console._write (C:\Users\xioas\AppData\Roaming\npm\node_modules\firebase-tools\node_modules\winston-transport\modern.js:103:17)
    at doWrite (C:\Users\xioas\AppData\Roaming\npm\node_modules\firebase-tools\node_modules\winston-transport\node_modules\readable-stream\lib\_stream_writable.js:390:139)
    at writeOrBuffer (C:\Users\xioas\AppData\Roaming\npm\node_modules\firebase-tools\node_modules\winston-transport\node_modules\readable-stream\lib\_stream_writable.js:381:5)
    at Writable.write (C:\Users\xioas\AppData\Roaming\npm\node_modules\firebase-tools\node_modules\winston-transport\node_modules\readable-stream\lib\_stream_writable.js:302:11)
    at DerivedLogger.ondata (C:\Users\xioas\AppData\Roaming\npm\node_modules\firebase-tools\node_modules\winston\node_modules\readable-stream\lib\_stream_readable.js:629:20)
[error] 
[error] Error: An unexpected error has occurred.
[debug] [2026-08-31T20:17:07.472Z] Error: EPIPE: broken pipe, write
    at Socket._write (node:internal/net:75:18)
    at writeOrBuffer (node:internal/streams/writable:570:12)
    at _write (node:internal/streams/writable:499:10)
    at Writable.write (node:internal/streams/writable:508:10)
    at Console.log (C:\Users\xioas\AppData\Roaming\npm\node_modules\firebase-tools\node_modules\winston\lib\winston\transports\console.js:87:23)
    at Console._write (C:\Users\xioas\AppData\Roaming\npm\node_modules\firebase-tools\node_modules\winston-transport\modern.js:103:17)
    at doWrite (C:\Users\xioas\AppData\Roaming\npm\node_modules\firebase-tools\node_modules\winston-transport\node_modules\readable-stream\lib\_stream_writable.js:390:139)
    at writeOrBuffer (C:\Users\xioas\AppData\Roaming\npm\node_modules\firebase-tools\node_modules\winston-transport\node_modules\readable-stream\lib\_stream_writable.js:381:5)
    at Writable.write (C:\Users\xioas\AppData\Roaming\npm\node_modules\firebase-tools\node_modules\winston-transport\node_modules\readable-stream\lib\_stream_writable.js:302:11)
    at DerivedLogger.ondata (C:\Users\xioas\AppData\Roaming\npm\node_modules\firebase-tools\node_modules\winston\node_modules\readable-stream\lib\_stream_readable.js:629:20)
[error] 
[error] Error: An unexpected error has occurred.
[debug] [2026-08-31T20:17:07.472Z] Error: EPIPE: broken pipe, write
    at Socket._write (node:internal/net:75:18)
    at writeOrBuffer (node:internal/streams/writable:570:12)
    at _write (node:internal/streams/writable:499:10)
    at Writable.write (node:internal/streams/writable:508:10)
    at Console.log (C:\Users\xioas\AppData\Roaming\npm\node_modules\firebase-tools\node_modules\winston\lib\winston\transports\console.js:87:23)
    at Console._write (C:\Users\xioas\AppData\Roaming\npm\node_modules\firebase-tools\node_modules\winston-transport\modern.js:103:17)
    at doWrite (C:\Users\xioas\AppData\Roaming\npm\node_modules\firebase-tools\node_modules\winston-transport\node_modules\readable-stream\lib\_stream_writable.js:390:139)
    at writeOrBuffer (C:\Users\xioas\AppData\Roaming\npm\node_modules\firebase-tools\node_modules\winston-transport\node_modules\readable-stream\lib\_stream_writable.js:381:5)
    at Writable.write (C:\Users\xioas\AppData\Roaming\npm\node_modules\firebase-tools\node_modules\winston-transport\node_modules\readable-stream\lib\_stream_writable.js:302:11)
    at DerivedLogger.ondata (C:\Users\xioas\AppData\Roaming\npm\node_modules\firebase-tools\node_modules\winston\node_modules\readable-stream\lib\_stream_readable.js:629:20)
[error] 
[error] Error: An unexpected error has occurred.
[debug] [2026-08-31T20:17:07.473Z] Error: EPIPE: broken pipe, write
    at Socket._write (node:internal/net:75:18)
    at writeOrBuffer (node:internal/streams/writable:570:12)
    at _write (node:internal/streams/writable:499:10)
    at Writable.write (node:internal/streams/writable:508:10)
    at Console.log (C:\Users\xioas\AppData\Roaming\npm\node_modules\firebase-tools\node_modules\winston\lib\winston\transports\console.js:87:23)
    at Console._write (C:\Users\xioas\AppData\Roaming\npm\node_modules\firebase-tools\node_modules\winston-transport\modern.js:103:17)
    at doWrite (C:\Users\xioas\AppData\Roaming\npm\node_modules\firebase-tools\node_modules\winston-transport\node_modules\readable-stream\lib\_stream_writable.js:390:139)
    at writeOrBuffer (C:\Users\xioas\AppData\Roaming\npm\node_modules\firebase-tools\node_modules\winston-transport\node_modules\readable-stream\lib\_stream_writable.js:381:5)
    at Writable.write (C:\Users\xioas\AppData\Roaming\npm\node_modules\firebase-tools\node_modules\winston-transport\node_modules\readable-stream\lib\_stream_writable.js:302:11)
    at DerivedLogger.ondata (C:\Users\xioas\AppData\Roaming\npm\node_modules\firebase-tools\node_modules\winston\node_modules\readable-stream\lib\_stream_readable.js:629:20)
[error] 
[error] Error: An unexpected error has occurred.
[debug] [2026-08-31T20:17:07.473Z] Error: EPIPE: broken pipe, write
    at Socket._write (node:internal/net:75:18)
    at writeOrBuffer (node:internal/streams/writable:570:12)
    at _write (node:internal/streams/writable:499:10)
    at Writable.write (node:internal/streams/writable:508:10)
    at Console.log (C:\Users\xioas\AppData\Roaming\npm\node_modules\firebase-tools\node_modules\winston\lib\winston\transports\console.js:87:23)
    at Console._write (C:\Users\xioas\AppData\Roaming\npm\node_modules\firebase-tools\node_modules\winston-transport\modern.js:103:17)
    at doWrite (C:\Users\xioas\AppData\Roaming\npm\node_modules\firebase-tools\node_modules\winston-transport\node_modules\readable-stream\lib\_stream_writable.js:390:139)
    at writeOrBuffer (C:\Users\xioas\AppData\Roaming\npm\node_modules\firebase-tools\node_modules\winston-transport\node_modules\readable-stream\lib\_stream_writable.js:381:5)
    at Writable.write (C:\Users\xioas\AppData\Roaming\npm\node_modules\firebase-tools\node_modules\winston-transport\node_modules\readable-stream\lib\_stream_writable.js:302:11)
    at DerivedLogger.ondata (C:\Users\xioas\AppData\Roaming\npm\node_modules\firebase-tools\node_modules\winston\node_modules\readable-stream\lib\_stream_readable.js:629:20)
[error] 
[error] Error: An unexpected error has occurred.
[debug] [2026-08-31T20:17:07.473Z] Error: EPIPE: broken pipe, write
    at Socket._write (node:internal/net:75:18)
    at writeOrBuffer (node:internal/streams/writable:570:12)
    at _write (node:internal/streams/writable:499:10)
    at Writable.write (node:internal/streams/writable:508:10)
    at Console.log (C:\Users\xioas\AppData\Roaming\npm\node_modules\firebase-tools\node_modules\winston\lib\winston\transports\console.js:87:23)
    at Console._write (C:\Users\xioas\AppData\Roaming\npm\node_modules\firebase-tools\node_modules\winston-transport\modern.js:103:17)
    at doWrite (C:\Users\xioas\AppData\Roaming\npm\node_modules\firebase-tools\node_modules\winston-transport\node_modules\readable-stream\lib\_stream_writable.js:390:139)
    at writeOrBuffer (C:\Users\xioas\AppData\Roaming\npm\node_modules\firebase-tools\node_modules\winston-transport\node_modules\readable-stream\lib\_stream_writable.js:381:5)
    at Writable.write (C:\Users\xioas\AppData\Roaming\npm\node_modules\firebase-tools\node_modules\winston-transport\node_modules\readable-stream\lib\_stream_writable.js:302:11)
    at DerivedLogger.ondata (C:\Users\xioas\AppData\Roaming\npm\node_modules\firebase-tools\node_modules\winston\node_modules\readable-stream\lib\_stream_readable.js:629:20)
[error] 
[error] Error: An unexpected error has occurred.
[debug] [2026-08-31T20:17:07.473Z] Error: EPIPE: broken pipe, write
    at Socket._write (node:internal/net:75:18)
    at writeOrBuffer (node:internal/streams/writable:570:12)
    at _write (node:internal/streams/writable:499:10)
    at Writable.write (node:internal/streams/writable:508:10)
    at Console.log (C:\Users\xioas\AppData\Roaming\npm\node_modules\firebase-tools\node_modules\winston\lib\winston\transports\console.js:87:23)
    at Console._write (C:\Users\xioas\AppData\Roaming\npm\node_modules\firebase-tools\node_modules\winston-transport\modern.js:103:17)
    at doWrite (C:\Users\xioas\AppData\Roaming\npm\node_modules\firebase-tools\node_modules\winston-transport\node_modules\readable-stream\lib\_stream_writable.js:390:139)
    at writeOrBuffer (C:\Users\xioas\AppData\Roaming\npm\node_modules\firebase-tools\node_modules\winston-transport\node_modules\readable-stream\lib\_stream_writable.js:381:5)
    at Writable.write (C:\Users\xioas\AppData\Roaming\npm\node_modules\firebase-tools\node_modules\winston-transport\node_modules\readable-stream\lib\_stream_writable.js:302:11)
    at DerivedLogger.ondata (C:\Users\xioas\AppData\Roaming\npm\node_modules\firebase-tools\node_modules\winston\node_modules\readable-stream\lib\_stream_readable.js:629:20)
[error] 
[error] Error: An unexpected error has occurred.
[debug] [2026-08-31T20:17:07.474Z] Error: EPIPE: broken pipe, write
    at Socket._write (node:internal/net:75:18)
    at writeOrBuffer (node:internal/streams/writable:570:12)
    at _write (node:internal/streams/writable:499:10)
    at Writable.write (node:internal/streams/writable:508:10)
    at Console.log (C:\Users\xioas\AppData\Roaming\npm\node_modules\firebase-tools\node_modules\winston\lib\winston\transports\console.js:87:23)
    at Console._write (C:\Users\xioas\AppData\Roaming\npm\node_modules\firebase-tools\node_modules\winston-transport\modern.js:103:17)
    at doWrite (C:\Users\xioas\AppData\Roaming\npm\node_modules\firebase-tools\node_modules\winston-transport\node_modules\readable-stream\lib\_stream_writable.js:390:139)
    at writeOrBuffer (C:\Users\xioas\AppData\Roaming\npm\node_modules\firebase-tools\node_modules\winston-transport\node_modules\readable-stream\lib\_stream_writable.js:381:5)
    at Writable.write (C:\Users\xioas\AppData\Roaming\npm\node_modules\firebase-tools\node_modules\winston-transport\node_modules\readable-stream\lib\_stream_writable.js:302:11)
    at DerivedLogger.ondata (C:\Users\xioas\AppData\Roaming\npm\node_modules\firebase-tools\node_modules\winston\node_modules\readable-stream\lib\_stream_readable.js:629:20)
[error] 
[error] Error: An unexpected error has occurred.
[debug] [2026-08-31T20:17:07.474Z] Error: EPIPE: broken pipe, write
    at Socket._write (node:internal/net:75:18)
    at writeOrBuffer (node:internal/streams/writable:570:12)
    at _write (node:internal/streams/writable:499:10)
    at Writable.write (node:internal/streams/writable:508:10)
    at Console.log (C:\Users\xioas\AppData\Roaming\npm\node_modules\firebase-tools\node_modules\winston\lib\winston\transports\console.js:87:23)
    at Console._write (C:\Users\xioas\AppData\Roaming\npm\node_modules\firebase-tools\node_modules\winston-transport\modern.js:103:17)
    at doWrite (C:\Users\xioas\AppData\Roaming\npm\node_modules\firebase-tools\node_modules\winston-transport\node_modules\readable-stream\lib\_stream_writable.js:390:139)
    at writeOrBuffer (C:\Users\xioas\AppData\Roaming\npm\node_modules\firebase-tools\node_modules\winston-transport\node_modules\readable-stream\lib\_stream_writable.js:381:5)
    at Writable.write (C:\Users\xioas\AppData\Roaming\npm\node_modules\firebase-tools\node_modules\winston-transport\node_modules\readable-stream\lib\_stream_writable.js:302:11)
    at DerivedLogger.ondata (C:\Users\xioas\AppData\Roaming\npm\node_modules\firebase-tools\node_modules\winston\node_modules\readable-stream\lib\_stream_readable.js:629:20)
[error] 
[error] Error: An unexpected error has occurred.
[debug] [2026-08-31T20:17:07.475Z] Error: EPIPE: broken pipe, write
    at Socket._write (node:internal/net:75:18)
    at writeOrBuffer (node:internal/streams/writable:570:12)
    at _write (node:internal/streams/writable:499:10)
    at Writable.write (node:internal/streams/writable:508:10)
    at Console.log (C:\Users\xioas\AppData\Roaming\npm\node_modules\firebase-tools\node_modules\winston\lib\winston\transports\console.js:87:23)
    at Console._write (C:\Users\xioas\AppData\Roaming\npm\node_modules\firebase-tools\node_modules\winston-transport\modern.js:103:17)
    at doWrite (C:\Users\xioas\AppData\Roaming\npm\node_modules\firebase-tools\node_modules\winston-transport\node_modules\readable-stream\lib\_stream_writable.js:390:139)
    at writeOrBuffer (C:\Users\xioas\AppData\Roaming\npm\node_modules\firebase-tools\node_modules\winston-transport\node_modules\readable-stream\lib\_stream_writable.js:381:5)
    at Writable.write (C:\Users\xioas\AppData\Roaming\npm\node_modules\firebase-tools\node_modules\winston-transport\node_modules\readable-stream\lib\_stream_writable.js:302:11)
    at DerivedLogger.ondata (C:\Users\xioas\AppData\Roaming\npm\node_modules\firebase-tools\node_modules\winston\node_modules\readable-stream\lib\_stream_readable.js:629:20)
[error] 
[error] Error: An unexpected error has occurred.
[debug] [2026-08-31T20:17:07.475Z] Error: EPIPE: broken pipe, write
    at Socket._write (node:internal/net:75:18)
    at writeOrBuffer (node:internal/streams/writable:570:12)
    at _write (node:internal/streams/writable:499:10)
    at Writable.write (node:internal/streams/writable:508:10)
    at Console.log (C:\Users\xioas\AppData\Roaming\npm\node_modules\firebase-tools\node_modules\winston\lib\winston\transports\console.js:87:23)
    at Console._write (C:\Users\xioas\AppData\Roaming\npm\node_modules\firebase-tools\node_modules\winston-transport\modern.js:103:17)
    at doWrite (C:\Users\xioas\AppData\Roaming\npm\node_modules\firebase-tools\node_modules\winston-transport\node_modules\readable-stream\lib\_stream_writable.js:390:139)
    at writeOrBuffer (C:\Users\xioas\AppData\Roaming\npm\node_modules\firebase-tools\node_modules\winston-transport\node_modules\readable-stream\lib\_stream_writable.js:381:5)
    at Writable.write (C:\Users\xioas\AppData\Roaming\npm\node_modules\firebase-tools\node_modules\winston-transport\node_modules\readable-stream\lib\_stream_writable.js:302:11)
    at DerivedLogger.ondata (C:\Users\xioas\AppData\Roaming\npm\node_modules\firebase-tools\node_modules\winston\node_modules\readable-stream\lib\_stream_readable.js:629:20)
[error] 
[error] Error: An unexpected error has occurred.
[debug] [2026-08-31T20:17:07.475Z] Error: EPIPE: broken pipe, write
    at Socket._write (node:internal/net:75:18)
    at writeOrBuffer (node:internal/streams/writable:570:12)
    at _write (node:internal/streams/writable:499:10)
    at Writable.write (node:internal/streams/writable:508:10)
    at Console.log (C:\Users\xioas\AppData\Roaming\npm\node_modules\firebase-tools\node_modules\winston\lib\winston\transports\console.js:87:23)
    at Console._write (C:\Users\xioas\AppData\Roaming\npm\node_modules\firebase-tools\node_modules\winston-transport\modern.js:103:17)
    at doWrite (C:\Users\xioas\AppData\Roaming\npm\node_modules\firebase-tools\node_modules\winston-transport\node_modules\readable-stream\lib\_stream_writable.js:390:139)
    at writeOrBuffer (C:\Users\xioas\AppData\Roaming\npm\node_modules\firebase-tools\node_modules\winston-transport\node_modules\readable-stream\lib\_stream_writable.js:381:5)
    at Writable.write (C:\Users\xioas\AppData\Roaming\npm\node_modules\firebase-tools\node_modules\winston-transport\node_modules\readable-stream\lib\_stream_writable.js:302:11)
    at DerivedLogger.ondata (C:\Users\xioas\AppData\Roaming\npm\node_modules\firebase-tools\node_modules\winston\node_modules\readable-stream\lib\_stream_readable.js:629:20)
[error] 
[error] Error: An unexpected error has occurred.
[debug] [2026-08-31T20:17:07.476Z] Error: EPIPE: broken pipe, write
    at Socket._write (node:internal/net:75:18)
    at writeOrBuffer (node:internal/streams/writable:570:12)
    at _write (node:internal/streams/writable:499:10)
    at Writable.write (node:internal/streams/writable:508:10)
    at Console.log (C:\Users\xioas\AppData\Roaming\npm\node_modules\firebase-tools\node_modules\winston\lib\winston\transports\console.js:87:23)
    at Console._write (C:\Users\xioas\AppData\Roaming\npm\node_modules\firebase-tools\node_modules\winston-transport\modern.js:103:17)
    at doWrite (C:\Users\xioas\AppData\Roaming\npm\node_modules\firebase-tools\node_modules\winston-transport\node_modules\readable-stream\lib\_stream_writable.js:390:139)
    at writeOrBuffer (C:\Users\xioas\AppData\Roaming\npm\node_modules\firebase-tools\node_modules\winston-transport\node_modules\readable-stream\lib\_stream_writable.js:381:5)
    at Writable.write (C:\Users\xioas\AppData\Roaming\npm\node_modules\firebase-tools\node_modules\winston-transport\node_modules\readable-stream\lib\_stream_writable.js:302:11)
    at DerivedLogger.ondata (C:\Users\xioas\AppData\Roaming\npm\node_modules\firebase-tools\node_modules\winston\node_modules\readable-stream\lib\_stream_readable.js:629:20)
[error] 
[error] Error: An unexpected error has occurred.
[debug] [2026-08-31T20:17:07.476Z] Error: EPIPE: broken pipe, write
    at Socket._write (node:internal/net:75:18)
    at writeOrBuffer (node:internal/streams/writable:570:12)
    at _write (node:internal/streams/writable:499:10)
    at Writable.write (node:internal/streams/writable:508:10)
    at Console.log (C:\Users\xioas\AppData\Roaming\npm\node_modules\firebase-tools\node_modules\winston\lib\winston\transports\console.js:87:23)
    at Console._write (C:\Users\xioas\AppData\Roaming\npm\node_modules\firebase-tools\node_modules\winston-transport\modern.js:103:17)
    at doWrite (C:\Users\xioas\AppData\Roaming\npm\node_modules\firebase-tools\node_modules\winston-transport\node_modules\readable-stream\lib\_stream_writable.js:390:139)
    at writeOrBuffer (C:\Users\xioas\AppData\Roaming\npm\node_modules\firebase-tools\node_modules\winston-transport\node_modules\readable-stream\lib\_stream_writable.js:381:5)
    at Writable.write (C:\Users\xioas\AppData\Roaming\npm\node_modules\firebase-tools\node_modules\winston-transport\node_modules\readable-stream\lib\_stream_writable.js:302:11)
    at DerivedLogger.ondata (C:\Users\xioas\AppData\Roaming\npm\node_modules\firebase-tools\node_modules\winston\node_modules\readable-stream\lib\_stream_readable.js:629:20)
[error] 
[error] Error: An unexpected error has occurred.
[debug] [2026-08-31T20:17:07.476Z] Error: EPIPE: broken pipe, write
    at Socket._write (node:internal/net:75:18)
    at writeOrBuffer (node:internal/streams/writable:570:12)
    at _write (node:internal/streams/writable:499:10)
    at Writable.write (node:internal/streams/writable:508:10)
    at Console.log (C:\Users\xioas\AppData\Roaming\npm\node_modules\firebase-tools\node_modules\winston\lib\winston\transports\console.js:87:23)
    at Console._write (C:\Users\xioas\AppData\Roaming\npm\node_modules\firebase-tools\node_modules\winston-transport\modern.js:103:17)
    at doWrite (C:\Users\xioas\AppData\Roaming\npm\node_modules\firebase-tools\node_modules\winston-transport\node_modules\readable-stream\lib\_stream_writable.js:390:139)
    at writeOrBuffer (C:\Users\xioas\AppData\Roaming\npm\node_modules\firebase-tools\node_modules\winston-transport\node_modules\readable-stream\lib\_stream_writable.js:381:5)
    at Writable.write (C:\Users\xioas\AppData\Roaming\npm\node_modules\firebase-tools\node_modules\winston-transport\node_modules\readable-stream\lib\_stream_writable.js:302:11)
    at DerivedLogger.ondata (C:\Users\xioas\AppData\Roaming\npm\node_modules\firebase-tools\node_modules\winston\node_modules\readable-stream\lib\_stream_readable.js:629:20)
[error] 
[error] Error: An unexpected error has occurred.
[debug] [2026-08-31T20:17:07.476Z] Error: EPIPE: broken pipe, write
    at Socket._write (node:internal/net:75:18)
    at writeOrBuffer (node:internal/streams/writable:570:12)
    at _write (node:internal/streams/writable:499:10)
    at Writable.write (node:internal/streams/writable:508:10)
    at Console.log (C:\Users\xioas\AppData\Roaming\npm\node_modules\firebase-tools\node_modules\winston\lib\winston\transports\console.js:87:23)
    at Console._write (C:\Users\xioas\AppData\Roaming\npm\node_modules\firebase-tools\node_modules\winston-transport\modern.js:103:17)
    at doWrite (C:\Users\xioas\AppData\Roaming\npm\node_modules\firebase-tools\node_modules\winston-transport\node_modules\readable-stream\lib\_stream_writable.js:390:139)
    at writeOrBuffer (C:\Users\xioas\AppData\Roaming\npm\node_modules\firebase-tools\node_modules\winston-transport\node_modules\readable-stream\lib\_stream_writable.js:381:5)
    at Writable.write (C:\Users\xioas\AppData\Roaming\npm\node_modules\firebase-tools\node_modules\winston-transport\node_modules\readable-stream\lib\_stream_writable.js:302:11)
    at DerivedLogger.ondata (C:\Users\xioas\AppData\Roaming\npm\node_modules\firebase-tools\node_modules\winston\node_modules\readable-stream\lib\_stream_readable.js:629:20)
[error] 
[error] Error: An unexpected error has occurred.
[debug] [2026-08-31T20:17:07.476Z] Error: EPIPE: broken pipe, write
    at Socket._write (node:internal/net:75:18)
    at writeOrBuffer (node:internal/streams/writable:570:12)
    at _write (node:internal/streams/writable:499:10)
    at Writable.write (node:internal/streams/writable:508:10)
    at Console.log (C:\Users\xioas\AppData\Roaming\npm\node_modules\firebase-tools\node_modules\winston\lib\winston\transports\console.js:87:23)
    at Console._write (C:\Users\xioas\AppData\Roaming\npm\node_modules\firebase-tools\node_modules\winston-transport\modern.js:103:17)
    at doWrite (C:\Users\xioas\AppData\Roaming\npm\node_modules\firebase-tools\node_modules\winston-transport\node_modules\readable-stream\lib\_stream_writable.js:390:139)
    at writeOrBuffer (C:\Users\xioas\AppData\Roaming\npm\node_modules\firebase-tools\node_modules\winston-transport\node_modules\readable-stream\lib\_stream_writable.js:381:5)
    at Writable.write (C:\Users\xioas\AppData\Roaming\npm\node_modules\firebase-tools\node_modules\winston-transport\node_modules\readable-stream\lib\_stream_writable.js:302:11)
    at DerivedLogger.ondata (C:\Users\xioas\AppData\Roaming\npm\node_modules\firebase-tools\node_modules\winston\node_modules\readable-stream\lib\_stream_readable.js:629:20)
[error] 
[error] Error: An unexpected error has occurred.
[debug] [2026-08-31T20:17:07.477Z] Error: EPIPE: broken pipe, write
    at Socket._write (node:internal/net:75:18)
    at writeOrBuffer (node:internal/streams/writable:570:12)
    at _write (node:internal/streams/writable:499:10)
    at Writable.write (node:internal/streams/writable:508:10)
    at Console.log (C:\Users\xioas\AppData\Roaming\npm\node_modules\firebase-tools\node_modules\winston\lib\winston\transports\console.js:87:23)
    at Console._write (C:\Users\xioas\AppData\Roaming\npm\node_modules\firebase-tools\node_modules\winston-transport\modern.js:103:17)
    at doWrite (C:\Users\xioas\AppData\Roaming\npm\node_modules\firebase-tools\node_modules\winston-transport\node_modules\readable-stream\lib\_stream_writable.js:390:139)
    at writeOrBuffer (C:\Users\xioas\AppData\Roaming\npm\node_modules\firebase-tools\node_modules\winston-transport\node_modules\readable-stream\lib\_stream_writable.js:381:5)
    at Writable.write (C:\Users\xioas\AppData\Roaming\npm\node_modules\firebase-tools\node_modules\winston-transport\node_modules\readable-stream\lib\_stream_writable.js:302:11)
    at DerivedLogger.ondata (C:\Users\xioas\AppData\Roaming\npm\node_modules\firebase-tools\node_modules\winston\node_modules\readable-stream\lib\_stream_readable.js:629:20)
[error] 
[error] Error: An unexpected error has occurred.
[debug] [2026-08-31T20:17:07.477Z] Error: EPIPE: broken pipe, write
    at Socket._write (node:internal/net:75:18)
    at writeOrBuffer (node:internal/streams/writable:570:12)
    at _write (node:internal/streams/writable:499:10)
    at Writable.write (node:internal/streams/writable:508:10)
    at Console.log (C:\Users\xioas\AppData\Roaming\npm\node_modules\firebase-tools\node_modules\winston\lib\winston\transports\console.js:87:23)
    at Console._write (C:\Users\xioas\AppData\Roaming\npm\node_modules\firebase-tools\node_modules\winston-transport\modern.js:103:17)
    at doWrite (C:\Users\xioas\AppData\Roaming\npm\node_modules\firebase-tools\node_modules\winston-transport\node_modules\readable-stream\lib\_stream_writable.js:390:139)
    at writeOrBuffer (C:\Users\xioas\AppData\Roaming\npm\node_modules\firebase-tools\node_modules\winston-transport\node_modules\readable-stream\lib\_stream_writable.js:381:5)
    at Writable.write (C:\Users\xioas\AppData\Roaming\npm\node_modules\firebase-tools\node_modules\winston-transport\node_modules\readable-stream\lib\_stream_writable.js:302:11)
    at DerivedLogger.ondata (C:\Users\xioas\AppData\Roaming\npm\node_modules\firebase-tools\node_modules\winston\node_modules\readable-stream\lib\_stream_readable.js:629:20)
[error] 
[error] Error: An unexpected error has occurred.
[debug] [2026-08-31T20:17:07.477Z] Error: EPIPE: broken pipe, write
    at Socket._write (node:internal/net:75:18)
    at writeOrBuffer (node:internal/streams/writable:570:12)
    at _write (node:internal/streams/writable:499:10)
    at Writable.write (node:internal/streams/writable:508:10)
    at Console.log (C:\Users\xioas\AppData\Roaming\npm\node_modules\firebase-tools\node_modules\winston\lib\winston\transports\console.js:87:23)
    at Console._write (C:\Users\xioas\AppData\Roaming\npm\node_modules\firebase-tools\node_modules\winston-transport\modern.js:103:17)
    at doWrite (C:\Users\xioas\AppData\Roaming\npm\node_modules\firebase-tools\node_modules\winston-transport\node_modules\readable-stream\lib\_stream_writable.js:390:139)
    at writeOrBuffer (C:\Users\xioas\AppData\Roaming\npm\node_modules\firebase-tools\node_modules\winston-transport\node_modules\readable-stream\lib\_stream_writable.js:381:5)
    at Writable.write (C:\Users\xioas\AppData\Roaming\npm\node_modules\firebase-tools\node_modules\winston-transport\node_modules\readable-stream\lib\_stream_writable.js:302:11)
    at DerivedLogger.ondata (C:\Users\xioas\AppData\Roaming\npm\node_modules\firebase-tools\node_modules\winston\node_modules\readable-stream\lib\_stream_readable.js:629:20)
[error] 
[error] Error: An unexpected error has occurred.
[debug] [2026-08-31T20:17:07.477Z] Error: EPIPE: broken pipe, write
    at Socket._write (node:internal/net:75:18)
    at writeOrBuffer (node:internal/streams/writable:570:12)
    at _write (node:internal/streams/writable:499:10)
    at Writable.write (node:internal/streams/writable:508:10)
    at Console.log (C:\Users\xioas\AppData\Roaming\npm\node_modules\firebase-tools\node_modules\winston\lib\winston\transports\console.js:87:23)
    at Console._write (C:\Users\xioas\AppData\Roaming\npm\node_modules\firebase-tools\node_modules\winston-transport\modern.js:103:17)
    at doWrite (C:\Users\xioas\AppData\Roaming\npm\node_modules\firebase-tools\node_modules\winston-transport\node_modules\readable-stream\lib\_stream_writable.js:390:139)
    at writeOrBuffer (C:\Users\xioas\AppData\Roaming\npm\node_modules\firebase-tools\node_modules\winston-transport\node_modules\readable-stream\lib\_stream_writable.js:381:5)
    at Writable.write (C:\Users\xioas\AppData\Roaming\npm\node_modules\firebase-tools\node_modules\winston-transport\node_modules\readable-stream\lib\_stream_writable.js:302:11)
    at DerivedLogger.ondata (C:\Users\xioas\AppData\Roaming\npm\node_modules\firebase-tools\node_modules\winston\node_modules\readable-stream\lib\_stream_readable.js:629:20)
[error] 
[error] Error: An unexpected error has occurred.
[debug] [2026-08-31T20:17:07.478Z] Error: EPIPE: broken pipe, write
    at Socket._write (node:internal/net:75:18)
    at writeOrBuffer (node:internal/streams/writable:570:12)
    at _write (node:internal/streams/writable:499:10)
    at Writable.write (node:internal/streams/writable:508:10)
    at Console.log (C:\Users\xioas\AppData\Roaming\npm\node_modules\firebase-tools\node_modules\winston\lib\winston\transports\console.js:87:23)
    at Console._write (C:\Users\xioas\AppData\Roaming\npm\node_modules\firebase-tools\node_modules\winston-transport\modern.js:103:17)
    at doWrite (C:\Users\xioas\AppData\Roaming\npm\node_modules\firebase-tools\node_modules\winston-transport\node_modules\readable-stream\lib\_stream_writable.js:390:139)
    at writeOrBuffer (C:\Users\xioas\AppData\Roaming\npm\node_modules\firebase-tools\node_modules\winston-transport\node_modules\readable-stream\lib\_stream_writable.js:381:5)
    at Writable.write (C:\Users\xioas\AppData\Roaming\npm\node_modules\firebase-tools\node_modules\winston-transport\node_modules\readable-stream\lib\_stream_writable.js:302:11)
    at DerivedLogger.ondata (C:\Users\xioas\AppData\Roaming\npm\node_modules\firebase-tools\node_modules\winston\node_modules\readable-stream\lib\_stream_readable.js:629:20)
[error] 
[error] Error: An unexpected error has occurred.
[debug] [2026-08-31T20:17:07.479Z] Error: EPIPE: broken pipe, write
    at Socket._write (node:internal/net:75:18)
    at writeOrBuffer (node:internal/streams/writable:570:12)
    at _write (node:internal/streams/writable:499:10)
    at Writable.write (node:internal/streams/writable:508:10)
    at Console.log (C:\Users\xioas\AppData\Roaming\npm\node_modules\firebase-tools\node_modules\winston\lib\winston\transports\console.js:87:23)
    at Console._write (C:\Users\xioas\AppData\Roaming\npm\node_modules\firebase-tools\node_modules\winston-transport\modern.js:103:17)
    at doWrite (C:\Users\xioas\AppData\Roaming\npm\node_modules\firebase-tools\node_modules\winston-transport\node_modules\readable-stream\lib\_stream_writable.js:390:139)
    at writeOrBuffer (C:\Users\xioas\AppData\Roaming\npm\node_modules\firebase-tools\node_modules\winston-transport\node_modules\readable-stream\lib\_stream_writable.js:381:5)
    at Writable.write (C:\Users\xioas\AppData\Roaming\npm\node_modules\firebase-tools\node_modules\winston-transport\node_modules\readable-stream\lib\_stream_writable.js:302:11)
    at DerivedLogger.ondata (C:\Users\xioas\AppData\Roaming\npm\node_modules\firebase-tools\node_modules\winston\node_modules\readable-stream\lib\_stream_readable.js:629:20)
[error] 
[error] Error: An unexpected error has occurred.
[debug] [2026-08-31T20:17:07.479Z] Error: EPIPE: broken pipe, write
    at Socket._write (node:internal/net:75:18)
    at writeOrBuffer (node:internal/streams/writable:570:12)
    at _write (node:internal/streams/writable:499:10)
    at Writable.write (node:internal/streams/writable:508:10)
    at Console.log (C:\Users\xioas\AppData\Roaming\npm\node_modules\firebase-tools\node_modules\winston\lib\winston\transports\console.js:87:23)
    at Console._write (C:\Users\xioas\AppData\Roaming\npm\node_modules\firebase-tools\node_modules\winston-transport\modern.js:103:17)
    at doWrite (C:\Users\xioas\AppData\Roaming\npm\node_modules\firebase-tools\node_modules\winston-transport\node_modules\readable-stream\lib\_stream_writable.js:390:139)
    at writeOrBuffer (C:\Users\xioas\AppData\Roaming\npm\node_modules\firebase-tools\node_modules\winston-transport\node_modules\readable-stream\lib\_stream_writable.js:381:5)
    at Writable.write (C:\Users\xioas\AppData\Roaming\npm\node_modules\firebase-tools\node_modules\winston-transport\node_modules\readable-stream\lib\_stream_writable.js:302:11)
    at DerivedLogger.ondata (C:\Users\xioas\AppData\Roaming\npm\node_modules\firebase-tools\node_modules\winston\node_modules\readable-stream\lib\_stream_readable.js:629:20)
[error] 
[error] Error: An unexpected error has occurred.
[debug] [2026-08-31T20:17:07.479Z] Error: EPIPE: broken pipe, write
    at Socket._write (node:internal/net:75:18)
    at writeOrBuffer (node:internal/streams/writable:570:12)
    at _write (node:internal/streams/writable:499:10)
    at Writable.write (node:internal/streams/writable:508:10)
    at Console.log (C:\Users\xioas\AppData\Roaming\npm\node_modules\firebase-tools\node_modules\winston\lib\winston\transports\console.js:87:23)
    at Console._write (C:\Users\xioas\AppData\Roaming\npm\node_modules\firebase-tools\node_modules\winston-transport\modern.js:103:17)
    at doWrite (C:\Users\xioas\AppData\Roaming\npm\node_modules\firebase-tools\node_modules\winston-transport\node_modules\readable-stream\lib\_stream_writable.js:390:139)
    at writeOrBuffer (C:\Users\xioas\AppData\Roaming\npm\node_modules\firebase-tools\node_modules\winston-transport\node_modules\readable-stream\lib\_stream_writable.js:381:5)
    at Writable.write (C:\Users\xioas\AppData\Roaming\npm\node_modules\firebase-tools\node_modules\winston-transport\node_modules\readable-stream\lib\_stream_writable.js:302:11)
    at DerivedLogger.ondata (C:\Users\xioas\AppData\Roaming\npm\node_modules\firebase-tools\node_modules\winston\node_modules\readable-stream\lib\_stream_readable.js:629:20)
[error] 
[error] Error: An unexpected error has occurred.
[debug] [2026-08-31T20:17:07.479Z] Error: EPIPE: broken pipe, write
    at Socket._write (node:internal/net:75:18)
    at writeOrBuffer (node:internal/streams/writable:570:12)
    at _write (node:internal/streams/writable:499:10)
    at Writable.write (node:internal/streams/writable:508:10)
    at Console.log (C:\Users\xioas\AppData\Roaming\npm\node_modules\firebase-tools\node_modules\winston\lib\winston\transports\console.js:87:23)
    at Console._write (C:\Users\xioas\AppData\Roaming\npm\node_modules\firebase-tools\node_modules\winston-transport\modern.js:103:17)
    at doWrite (C:\Users\xioas\AppData\Roaming\npm\node_modules\firebase-tools\node_modules\winston-transport\node_modules\readable-stream\lib\_stream_writable.js:390:139)
    at writeOrBuffer (C:\Users\xioas\AppData\Roaming\npm\node_modules\firebase-tools\node_modules\winston-transport\node_modules\readable-stream\lib\_stream_writable.js:381:5)
    at Writable.write (C:\Users\xioas\AppData\Roaming\npm\node_modules\firebase-tools\node_modules\winston-transport\node_modules\readable-stream\lib\_stream_writable.js:302:11)
    at DerivedLogger.ondata (C:\Users\xioas\AppData\Roaming\npm\node_modules\firebase-tools\node_modules\winston\node_modules\readable-stream\lib\_stream_readable.js:629:20)
[error] 
[error] Error: An unexpected error has occurred.
[debug] [2026-08-31T20:17:07.480Z] Error: EPIPE: broken pipe, write
    at Socket._write (node:internal/net:75:18)
    at writeOrBuffer (node:internal/streams/writable:570:12)
    at _write (node:internal/streams/writable:499:10)
    at Writable.write (node:internal/streams/writable:508:10)
    at Console.log (C:\Users\xioas\AppData\Roaming\npm\node_modules\firebase-tools\node_modules\winston\lib\winston\transports\console.js:87:23)
    at Console._write (C:\Users\xioas\AppData\Roaming\npm\node_modules\firebase-tools\node_modules\winston-transport\modern.js:103:17)
    at doWrite (C:\Users\xioas\AppData\Roaming\npm\node_modules\firebase-tools\node_modules\winston-transport\node_modules\readable-stream\lib\_stream_writable.js:390:139)
    at writeOrBuffer (C:\Users\xioas\AppData\Roaming\npm\node_modules\firebase-tools\node_modules\winston-transport\node_modules\readable-stream\lib\_stream_writable.js:381:5)
    at Writable.write (C:\Users\xioas\AppData\Roaming\npm\node_modules\firebase-tools\node_modules\winston-transport\node_modules\readable-stream\lib\_stream_writable.js:302:11)
    at DerivedLogger.ondata (C:\Users\xioas\AppData\Roaming\npm\node_modules\firebase-tools\node_modules\winston\node_modules\readable-stream\lib\_stream_readable.js:629:20)
[error] 
[error] Error: An unexpected error has occurred.
[debug] [2026-08-31T20:17:07.480Z] Error: EPIPE: broken pipe, write
    at Socket._write (node:internal/net:75:18)
    at writeOrBuffer (node:internal/streams/writable:570:12)
    at _write (node:internal/streams/writable:499:10)
    at Writable.write (node:internal/streams/writable:508:10)
    at Console.log (C:\Users\xioas\AppData\Roaming\npm\node_modules\firebase-tools\node_modules\winston\lib\winston\transports\console.js:87:23)
    at Console._write (C:\Users\xioas\AppData\Roaming\npm\node_modules\firebase-tools\node_modules\winston-transport\modern.js:103:17)
    at doWrite (C:\Users\xioas\AppData\Roaming\npm\node_modules\firebase-tools\node_modules\winston-transport\node_modules\readable-stream\lib\_stream_writable.js:390:139)
    at writeOrBuffer (C:\Users\xioas\AppData\Roaming\npm\node_modules\firebase-tools\node_modules\winston-transport\node_modules\readable-stream\lib\_stream_writable.js:381:5)
    at Writable.write (C:\Users\xioas\AppData\Roaming\npm\node_modules\firebase-tools\node_modules\winston-transport\node_modules\readable-stream\lib\_stream_writable.js:302:11)
    at DerivedLogger.ondata (C:\Users\xioas\AppData\Roaming\npm\node_modules\firebase-tools\node_modules\winston\node_modules\readable-stream\lib\_stream_readable.js:629:20)
[error] 
[error] Error: An unexpected error has occurred.
[debug] [2026-08-31T20:17:07.480Z] Error: EPIPE: broken pipe, write
    at Socket._write (node:internal/net:75:18)
    at writeOrBuffer (node:internal/streams/writable:570:12)
    at _write (node:internal/streams/writable:499:10)
    at Writable.write (node:internal/streams/writable:508:10)
    at Console.log (C:\Users\xioas\AppData\Roaming\npm\node_modules\firebase-tools\node_modules\winston\lib\winston\transports\console.js:87:23)
    at Console._write (C:\Users\xioas\AppData\Roaming\npm\node_modules\firebase-tools\node_modules\winston-transport\modern.js:103:17)
    at doWrite (C:\Users\xioas\AppData\Roaming\npm\node_modules\firebase-tools\node_modules\winston-transport\node_modules\readable-stream\lib\_stream_writable.js:390:139)
    at writeOrBuffer (C:\Users\xioas\AppData\Roaming\npm\node_modules\firebase-tools\node_modules\winston-transport\node_modules\readable-stream\lib\_stream_writable.js:381:5)
    at Writable.write (C:\Users\xioas\AppData\Roaming\npm\node_modules\firebase-tools\node_modules\winston-transport\node_modules\readable-stream\lib\_stream_writable.js:302:11)
    at DerivedLogger.ondata (C:\Users\xioas\AppData\Roaming\npm\node_modules\firebase-tools\node_modules\winston\node_modules\readable-stream\lib\_stream_readable.js:629:20)
[error] 
[error] Error: An unexpected error has occurred.
[debug] [2026-08-31T20:17:07.480Z] Error: EPIPE: broken pipe, write
    at Socket._write (node:internal/net:75:18)
    at writeOrBuffer (node:internal/streams/writable:570:12)
    at _write (node:internal/streams/writable:499:10)
    at Writable.write (node:internal/streams/writable:508:10)
    at Console.log (C:\Users\xioas\AppData\Roaming\npm\node_modules\firebase-tools\node_modules\winston\lib\winston\transports\console.js:87:23)
    at Console._write (C:\Users\xioas\AppData\Roaming\npm\node_modules\firebase-tools\node_modules\winston-transport\modern.js:103:17)
    at doWrite (C:\Users\xioas\AppData\Roaming\npm\node_modules\firebase-tools\node_modules\winston-transport\node_modules\readable-stream\lib\_stream_writable.js:390:139)
    at writeOrBuffer (C:\Users\xioas\AppData\Roaming\npm\node_modules\firebase-tools\node_modules\winston-transport\node_modules\readable-stream\lib\_stream_writable.js:381:5)
    at Writable.write (C:\Users\xioas\AppData\Roaming\npm\node_modules\firebase-tools\node_modules\winston-transport\node_modules\readable-stream\lib\_stream_writable.js:302:11)
    at DerivedLogger.ondata (C:\Users\xioas\AppData\Roaming\npm\node_modules\firebase-tools\node_modules\winston\node_modules\readable-stream\lib\_stream_readable.js:629:20)
[error] 
[error] Error: An unexpected error has occurred.
[debug] [2026-08-31T20:17:07.481Z] Error: EPIPE: broken pipe, write
    at Socket._write (node:internal/net:75:18)
    at writeOrBuffer (node:internal/streams/writable:570:12)
    at _write (node:internal/streams/writable:499:10)
    at Writable.write (node:internal/streams/writable:508:10)
    at Console.log (C:\Users\xioas\AppData\Roaming\npm\node_modules\firebase-tools\node_modules\winston\lib\winston\transports\console.js:87:23)
    at Console._write (C:\Users\xioas\AppData\Roaming\npm\node_modules\firebase-tools\node_modules\winston-transport\modern.js:103:17)
    at doWrite (C:\Users\xioas\AppData\Roaming\npm\node_modules\firebase-tools\node_modules\winston-transport\node_modules\readable-stream\lib\_stream_writable.js:390:139)
    at writeOrBuffer (C:\Users\xioas\AppData\Roaming\npm\node_modules\firebase-tools\node_modules\winston-transport\node_modules\readable-stream\lib\_stream_writable.js:381:5)
    at Writable.write (C:\Users\xioas\AppData\Roaming\npm\node_modules\firebase-tools\node_modules\winston-transport\node_modules\readable-stream\lib\_stream_writable.js:302:11)
    at DerivedLogger.ondata (C:\Users\xioas\AppData\Roaming\npm\node_modules\firebase-tools\node_modules\winston\node_modules\readable-stream\lib\_stream_readable.js:629:20)
[error] 
[error] Error: An unexpected error has occurred.
[debug] [2026-08-31T20:17:07.481Z] Error: EPIPE: broken pipe, write
    at Socket._write (node:internal/net:75:18)
    at writeOrBuffer (node:internal/streams/writable:570:12)
    at _write (node:internal/streams/writable:499:10)
    at Writable.write (node:internal/streams/writable:508:10)
    at Console.log (C:\Users\xioas\AppData\Roaming\npm\node_modules\firebase-tools\node_modules\winston\lib\winston\transports\console.js:87:23)
    at Console._write (C:\Users\xioas\AppData\Roaming\npm\node_modules\firebase-tools\node_modules\winston-transport\modern.js:103:17)
    at doWrite (C:\Users\xioas\AppData\Roaming\npm\node_modules\firebase-tools\node_modules\winston-transport\node_modules\readable-stream\lib\_stream_writable.js:390:139)
    at writeOrBuffer (C:\Users\xioas\AppData\Roaming\npm\node_modules\firebase-tools\node_modules\winston-transport\node_modules\readable-stream\lib\_stream_writable.js:381:5)
    at Writable.write (C:\Users\xioas\AppData\Roaming\npm\node_modules\firebase-tools\node_modules\winston-transport\node_modules\readable-stream\lib\_stream_writable.js:302:11)
    at DerivedLogger.ondata (C:\Users\xioas\AppData\Roaming\npm\node_modules\firebase-tools\node_modules\winston\node_modules\readable-stream\lib\_stream_readable.js:629:20)
[error] 
[error] Error: An unexpected error has occurred.
[debug] [2026-08-31T20:17:07.482Z] Error: EPIPE: broken pipe, write
    at Socket._write (node:internal/net:75:18)
    at writeOrBuffer (node:internal/streams/writable:570:12)
    at _write (node:internal/streams/writable:499:10)
    at Writable.write (node:internal/streams/writable:508:10)
    at Console.log (C:\Users\xioas\AppData\Roaming\npm\node_modules\firebase-tools\node_modules\winston\lib\winston\transports\console.js:87:23)
    at Console._write (C:\Users\xioas\AppData\Roaming\npm\node_modules\firebase-tools\node_modules\winston-transport\modern.js:103:17)
    at doWrite (C:\Users\xioas\AppData\Roaming\npm\node_modules\firebase-tools\node_modules\winston-transport\node_modules\readable-stream\lib\_stream_writable.js:390:139)
    at writeOrBuffer (C:\Users\xioas\AppData\Roaming\npm\node_modules\firebase-tools\node_modules\winston-transport\node_modules\readable-stream\lib\_stream_writable.js:381:5)
    at Writable.write (C:\Users\xioas\AppData\Roaming\npm\node_modules\firebase-tools\node_modules\winston-transport\node_modules\readable-stream\lib\_stream_writable.js:302:11)
    at DerivedLogger.ondata (C:\Users\xioas\AppData\Roaming\npm\node_modules\firebase-tools\node_modules\winston\node_modules\readable-stream\lib\_stream_readable.js:629:20)
[error] 
[error] Error: An unexpected error has occurred.
[debug] [2026-08-31T20:17:07.482Z] Error: EPIPE: broken pipe, write
    at Socket._write (node:internal/net:75:18)
    at writeOrBuffer (node:internal/streams/writable:570:12)
    at _write (node:internal/streams/writable:499:10)
    at Writable.write (node:internal/streams/writable:508:10)
    at Console.log (C:\Users\xioas\AppData\Roaming\npm\node_modules\firebase-tools\node_modules\winston\lib\winston\transports\console.js:87:23)
    at Console._write (C:\Users\xioas\AppData\Roaming\npm\node_modules\firebase-tools\node_modules\winston-transport\modern.js:103:17)
    at doWrite (C:\Users\xioas\AppData\Roaming\npm\node_modules\firebase-tools\node_modules\winston-transport\node_modules\readable-stream\lib\_stream_writable.js:390:139)
    at writeOrBuffer (C:\Users\xioas\AppData\Roaming\npm\node_modules\firebase-tools\node_modules\winston-transport\node_modules\readable-stream\lib\_stream_writable.js:381:5)
    at Writable.write (C:\Users\xioas\AppData\Roaming\npm\node_modules\firebase-tools\node_modules\winston-transport\node_modules\readable-stream\lib\_stream_writable.js:302:11)
    at DerivedLogger.ondata (C:\Users\xioas\AppData\Roaming\npm\node_modules\firebase-tools\node_modules\winston\node_modules\readable-stream\lib\_stream_readable.js:629:20)
[error] 
[error] Error: An unexpected error has occurred.
[debug] [2026-08-31T20:17:07.484Z] Error: EPIPE: broken pipe, write
    at Socket._write (node:internal/net:75:18)
    at writeOrBuffer (node:internal/streams/writable:570:12)
    at _write (node:internal/streams/writable:499:10)
    at Writable.write (node:internal/streams/writable:508:10)
    at Console.log (C:\Users\xioas\AppData\Roaming\npm\node_modules\firebase-tools\node_modules\winston\lib\winston\transports\console.js:87:23)
    at Console._write (C:\Users\xioas\AppData\Roaming\npm\node_modules\firebase-tools\node_modules\winston-transport\modern.js:103:17)
    at doWrite (C:\Users\xioas\AppData\Roaming\npm\node_modules\firebase-tools\node_modules\winston-transport\node_modules\readable-stream\lib\_stream_writable.js:390:139)
    at writeOrBuffer (C:\Users\xioas\AppData\Roaming\npm\node_modules\firebase-tools\node_modules\winston-transport\node_modules\readable-stream\lib\_stream_writable.js:381:5)
    at Writable.write (C:\Users\xioas\AppData\Roaming\npm\node_modules\firebase-tools\node_modules\winston-transport\node_modules\readable-stream\lib\_stream_writable.js:302:11)
    at DerivedLogger.ondata (C:\Users\xioas\AppData\Roaming\npm\node_modules\firebase-tools\node_modules\winston\node_modules\readable-stream\lib\_stream_readable.js:629:20)
[error] 
[error] Error: An unexpected error has occurred.
[debug] [2026-08-31T20:17:07.484Z] Error: EPIPE: broken pipe, write
    at Socket._write (node:internal/net:75:18)
    at writeOrBuffer (node:internal/streams/writable:570:12)
    at _write (node:internal/streams/writable:499:10)
    at Writable.write (node:internal/streams/writable:508:10)
    at Console.log (C:\Users\xioas\AppData\Roaming\npm\node_modules\firebase-tools\node_modules\winston\lib\winston\transports\console.js:87:23)
    at Console._write (C:\Users\xioas\AppData\Roaming\npm\node_modules\firebase-tools\node_modules\winston-transport\modern.js:103:17)
    at doWrite (C:\Users\xioas\AppData\Roaming\npm\node_modules\firebase-tools\node_modules\winston-transport\node_modules\readable-stream\lib\_stream_writable.js:390:139)
    at writeOrBuffer (C:\Users\xioas\AppData\Roaming\npm\node_modules\firebase-tools\node_modules\winston-transport\node_modules\readable-stream\lib\_stream_writable.js:381:5)
    at Writable.write (C:\Users\xioas\AppData\Roaming\npm\node_modules\firebase-tools\node_modules\winston-transport\node_modules\readable-stream\lib\_stream_writable.js:302:11)
    at DerivedLogger.ondata (C:\Users\xioas\AppData\Roaming\npm\node_modules\firebase-tools\node_modules\winston\node_modules\readable-stream\lib\_stream_readable.js:629:20)
[error] 
[error] Error: An unexpected error has occurred.
[debug] [2026-08-31T20:17:07.485Z] Error: EPIPE: broken pipe, write
    at Socket._write (node:internal/net:75:18)
    at writeOrBuffer (node:internal/streams/writable:570:12)
    at _write (node:internal/streams/writable:499:10)
    at Writable.write (node:internal/streams/writable:508:10)
    at Console.log (C:\Users\xioas\AppData\Roaming\npm\node_modules\firebase-tools\node_modules\winston\lib\winston\transports\console.js:87:23)
    at Console._write (C:\Users\xioas\AppData\Roaming\npm\node_modules\firebase-tools\node_modules\winston-transport\modern.js:103:17)
    at doWrite (C:\Users\xioas\AppData\Roaming\npm\node_modules\firebase-tools\node_modules\winston-transport\node_modules\readable-stream\lib\_stream_writable.js:390:139)
    at writeOrBuffer (C:\Users\xioas\AppData\Roaming\npm\node_modules\firebase-tools\node_modules\winston-transport\node_modules\readable-stream\lib\_stream_writable.js:381:5)
    at Writable.write (C:\Users\xioas\AppData\Roaming\npm\node_modules\firebase-tools\node_modules\winston-transport\node_modules\readable-stream\lib\_stream_writable.js:302:11)
    at DerivedLogger.ondata (C:\Users\xioas\AppData\Roaming\npm\node_modules\firebase-tools\node_modules\winston\node_modules\readable-stream\lib\_stream_readable.js:629:20)
[error] 
[error] Error: An unexpected error has occurred.
[debug] [2026-08-31T20:17:07.485Z] Error: EPIPE: broken pipe, write
    at Socket._write (node:internal/net:75:18)
    at writeOrBuffer (node:internal/streams/writable:570:12)
    at _write (node:internal/streams/writable:499:10)
    at Writable.write (node:internal/streams/writable:508:10)
    at Console.log (C:\Users\xioas\AppData\Roaming\npm\node_modules\firebase-tools\node_modules\winston\lib\winston\transports\console.js:87:23)
    at Console._write (C:\Users\xioas\AppData\Roaming\npm\node_modules\firebase-tools\node_modules\winston-transport\modern.js:103:17)
    at doWrite (C:\Users\xioas\AppData\Roaming\npm\node_modules\firebase-tools\node_modules\winston-transport\node_modules\readable-stream\lib\_stream_writable.js:390:139)
    at writeOrBuffer (C:\Users\xioas\AppData\Roaming\npm\node_modules\firebase-tools\node_modules\winston-transport\node_modules\readable-stream\lib\_stream_writable.js:381:5)
    at Writable.write (C:\Users\xioas\AppData\Roaming\npm\node_modules\firebase-tools\node_modules\winston-transport\node_modules\readable-stream\lib\_stream_writable.js:302:11)
    at DerivedLogger.ondata (C:\Users\xioas\AppData\Roaming\npm\node_modules\firebase-tools\node_modules\winston\node_modules\readable-stream\lib\_stream_readable.js:629:20)
[error] 
[error] Error: An unexpected error has occurred.
[debug] [2026-08-31T20:17:07.485Z] Error: EPIPE: broken pipe, write
    at Socket._write (node:internal/net:75:18)
    at writeOrBuffer (node:internal/streams/writable:570:12)
    at _write (node:internal/streams/writable:499:10)
    at Writable.write (node:internal/streams/writable:508:10)
    at Console.log (C:\Users\xioas\AppData\Roaming\npm\node_modules\firebase-tools\node_modules\winston\lib\winston\transports\console.js:87:23)
    at Console._write (C:\Users\xioas\AppData\Roaming\npm\node_modules\firebase-tools\node_modules\winston-transport\modern.js:103:17)
    at doWrite (C:\Users\xioas\AppData\Roaming\npm\node_modules\firebase-tools\node_modules\winston-transport\node_modules\readable-stream\lib\_stream_writable.js:390:139)
    at writeOrBuffer (C:\Users\xioas\AppData\Roaming\npm\node_modules\firebase-tools\node_modules\winston-transport\node_modules\readable-stream\lib\_stream_writable.js:381:5)
    at Writable.write (C:\Users\xioas\AppData\Roaming\npm\node_modules\firebase-tools\node_modules\winston-transport\node_modules\readable-stream\lib\_stream_writable.js:302:11)
    at DerivedLogger.ondata (C:\Users\xioas\AppData\Roaming\npm\node_modules\firebase-tools\node_modules\winston\node_modules\readable-stream\lib\_stream_readable.js:629:20)
[error] 
[error] Error: An unexpected error has occurred.
[debug] [2026-08-31T20:17:07.486Z] Error: EPIPE: broken pipe, write
    at Socket._write (node:internal/net:75:18)
    at writeOrBuffer (node:internal/streams/writable:570:12)
    at _write (node:internal/streams/writable:499:10)
    at Writable.write (node:internal/streams/writable:508:10)
    at Console.log (C:\Users\xioas\AppData\Roaming\npm\node_modules\firebase-tools\node_modules\winston\lib\winston\transports\console.js:87:23)
    at Console._write (C:\Users\xioas\AppData\Roaming\npm\node_modules\firebase-tools\node_modules\winston-transport\modern.js:103:17)
    at doWrite (C:\Users\xioas\AppData\Roaming\npm\node_modules\firebase-tools\node_modules\winston-transport\node_modules\readable-stream\lib\_stream_writable.js:390:139)
    at writeOrBuffer (C:\Users\xioas\AppData\Roaming\npm\node_modules\firebase-tools\node_modules\winston-transport\node_modules\readable-stream\lib\_stream_writable.js:381:5)
    at Writable.write (C:\Users\xioas\AppData\Roaming\npm\node_modules\firebase-tools\node_modules\winston-transport\node_modules\readable-stream\lib\_stream_writable.js:302:11)
    at DerivedLogger.ondata (C:\Users\xioas\AppData\Roaming\npm\node_modules\firebase-tools\node_modules\winston\node_modules\readable-stream\lib\_stream_readable.js:629:20)
[error] 
[error] Error: An unexpected error has occurred.
[debug] [2026-08-31T20:17:07.486Z] Error: EPIPE: broken pipe, write
    at Socket._write (node:internal/net:75:18)
    at writeOrBuffer (node:internal/streams/writable:570:12)
    at _write (node:internal/streams/writable:499:10)
    at Writable.write (node:internal/streams/writable:508:10)
    at Console.log (C:\Users\xioas\AppData\Roaming\npm\node_modules\firebase-tools\node_modules\winston\lib\winston\transports\console.js:87:23)
    at Console._write (C:\Users\xioas\AppData\Roaming\npm\node_modules\firebase-tools\node_modules\winston-transport\modern.js:103:17)
    at doWrite (C:\Users\xioas\AppData\Roaming\npm\node_modules\firebase-tools\node_modules\winston-transport\node_modules\readable-stream\lib\_stream_writable.js:390:139)
    at writeOrBuffer (C:\Users\xioas\AppData\Roaming\npm\node_modules\firebase-tools\node_modules\winston-transport\node_modules\readable-stream\lib\_stream_writable.js:381:5)
    at Writable.write (C:\Users\xioas\AppData\Roaming\npm\node_modules\firebase-tools\node_modules\winston-transport\node_modules\readable-stream\lib\_stream_writable.js:302:11)
    at DerivedLogger.ondata (C:\Users\xioas\AppData\Roaming\npm\node_modules\firebase-tools\node_modules\winston\node_modules\readable-stream\lib\_stream_readable.js:629:20)
[error] 
[error] Error: An unexpected error has occurred.
[debug] [2026-08-31T20:17:07.486Z] Error: EPIPE: broken pipe, write
    at Socket._write (node:internal/net:75:18)
    at writeOrBuffer (node:internal/streams/writable:570:12)
    at _write (node:internal/streams/writable:499:10)
    at Writable.write (node:internal/streams/writable:508:10)
    at Console.log (C:\Users\xioas\AppData\Roaming\npm\node_modules\firebase-tools\node_modules\winston\lib\winston\transports\console.js:87:23)
    at Console._write (C:\Users\xioas\AppData\Roaming\npm\node_modules\firebase-tools\node_modules\winston-transport\modern.js:103:17)
    at doWrite (C:\Users\xioas\AppData\Roaming\npm\node_modules\firebase-tools\node_modules\winston-transport\node_modules\readable-stream\lib\_stream_writable.js:390:139)
    at writeOrBuffer (C:\Users\xioas\AppData\Roaming\npm\node_modules\firebase-tools\node_modules\winston-transport\node_modules\readable-stream\lib\_stream_writable.js:381:5)
    at Writable.write (C:\Users\xioas\AppData\Roaming\npm\node_modules\firebase-tools\node_modules\winston-transport\node_modules\readable-stream\lib\_stream_writable.js:302:11)
    at DerivedLogger.ondata (C:\Users\xioas\AppData\Roaming\npm\node_modules\firebase-tools\node_modules\winston\node_modules\readable-stream\lib\_stream_readable.js:629:20)
[error] 
[error] Error: An unexpected error has occurred.
[debug] [2026-08-31T20:17:07.486Z] Error: EPIPE: broken pipe, write
    at Socket._write (node:internal/net:75:18)
    at writeOrBuffer (node:internal/streams/writable:570:12)
    at _write (node:internal/streams/writable:499:10)
    at Writable.write (node:internal/streams/writable:508:10)
    at Console.log (C:\Users\xioas\AppData\Roaming\npm\node_modules\firebase-tools\node_modules\winston\lib\winston\transports\console.js:87:23)
    at Console._write (C:\Users\xioas\AppData\Roaming\npm\node_modules\firebase-tools\node_modules\winston-transport\modern.js:103:17)
    at doWrite (C:\Users\xioas\AppData\Roaming\npm\node_modules\firebase-tools\node_modules\winston-transport\node_modules\readable-stream\lib\_stream_writable.js:390:139)
    at writeOrBuffer (C:\Users\xioas\AppData\Roaming\npm\node_modules\firebase-tools\node_modules\winston-transport\node_modules\readable-stream\lib\_stream_writable.js:381:5)
    at Writable.write (C:\Users\xioas\AppData\Roaming\npm\node_modules\firebase-tools\node_modules\winston-transport\node_modules\readable-stream\lib\_stream_writable.js:302:11)
    at DerivedLogger.ondata (C:\Users\xioas\AppData\Roaming\npm\node_modules\firebase-tools\node_modules\winston\node_modules\readable-stream\lib\_stream_readable.js:629:20)
[error] 
[error] Error: An unexpected error has occurred.
[debug] [2026-08-31T20:17:07.486Z] Error: EPIPE: broken pipe, write
    at Socket._write (node:internal/net:75:18)
    at writeOrBuffer (node:internal/streams/writable:570:12)
    at _write (node:internal/streams/writable:499:10)
    at Writable.write (node:internal/streams/writable:508:10)
    at Console.log (C:\Users\xioas\AppData\Roaming\npm\node_modules\firebase-tools\node_modules\winston\lib\winston\transports\console.js:87:23)
    at Console._write (C:\Users\xioas\AppData\Roaming\npm\node_modules\firebase-tools\node_modules\winston-transport\modern.js:103:17)
    at doWrite (C:\Users\xioas\AppData\Roaming\npm\node_modules\firebase-tools\node_modules\winston-transport\node_modules\readable-stream\lib\_stream_writable.js:390:139)
    at writeOrBuffer (C:\Users\xioas\AppData\Roaming\npm\node_modules\firebase-tools\node_modules\winston-transport\node_modules\readable-stream\lib\_stream_writable.js:381:5)
    at Writable.write (C:\Users\xioas\AppData\Roaming\npm\node_modules\firebase-tools\node_modules\winston-transport\node_modules\readable-stream\lib\_stream_writable.js:302:11)
    at DerivedLogger.ondata (C:\Users\xioas\AppData\Roaming\npm\node_modules\firebase-tools\node_modules\winston\node_modules\readable-stream\lib\_stream_readable.js:629:20)
[error] 
[error] Error: An unexpected error has occurred.
[debug] [2026-08-31T20:17:07.487Z] Error: EPIPE: broken pipe, write
    at Socket._write (node:internal/net:75:18)
    at writeOrBuffer (node:internal/streams/writable:570:12)
    at _write (node:internal/streams/writable:499:10)
    at Writable.write (node:internal/streams/writable:508:10)
    at Console.log (C:\Users\xioas\AppData\Roaming\npm\node_modules\firebase-tools\node_modules\winston\lib\winston\transports\console.js:87:23)
    at Console._write (C:\Users\xioas\AppData\Roaming\npm\node_modules\firebase-tools\node_modules\winston-transport\modern.js:103:17)
    at doWrite (C:\Users\xioas\AppData\Roaming\npm\node_modules\firebase-tools\node_modules\winston-transport\node_modules\readable-stream\lib\_stream_writable.js:390:139)
    at writeOrBuffer (C:\Users\xioas\AppData\Roaming\npm\node_modules\firebase-tools\node_modules\winston-transport\node_modules\readable-stream\lib\_stream_writable.js:381:5)
    at Writable.write (C:\Users\xioas\AppData\Roaming\npm\node_modules\firebase-tools\node_modules\winston-transport\node_modules\readable-stream\lib\_stream_writable.js:302:11)
    at DerivedLogger.ondata (C:\Users\xioas\AppData\Roaming\npm\node_modules\firebase-tools\node_modules\winston\node_modules\readable-stream\lib\_stream_readable.js:629:20)
[error] 
[error] Error: An unexpected error has occurred.
[debug] [2026-08-31T20:17:07.487Z] Error: EPIPE: broken pipe, write
    at Socket._write (node:internal/net:75:18)
    at writeOrBuffer (node:internal/streams/writable:570:12)
    at _write (node:internal/streams/writable:499:10)
    at Writable.write (node:internal/streams/writable:508:10)
    at Console.log (C:\Users\xioas\AppData\Roaming\npm\node_modules\firebase-tools\node_modules\winston\lib\winston\transports\console.js:87:23)
    at Console._write (C:\Users\xioas\AppData\Roaming\npm\node_modules\firebase-tools\node_modules\winston-transport\modern.js:103:17)
    at doWrite (C:\Users\xioas\AppData\Roaming\npm\node_modules\firebase-tools\node_modules\winston-transport\node_modules\readable-stream\lib\_stream_writable.js:390:139)
    at writeOrBuffer (C:\Users\xioas\AppData\Roaming\npm\node_modules\firebase-tools\node_modules\winston-transport\node_modules\readable-stream\lib\_stream_writable.js:381:5)
    at Writable.write (C:\Users\xioas\AppData\Roaming\npm\node_modules\firebase-tools\node_modules\winston-transport\node_modules\readable-stream\lib\_stream_writable.js:302:11)
    at DerivedLogger.ondata (C:\Users\xioas\AppData\Roaming\npm\node_modules\firebase-tools\node_modules\winston\node_modules\readable-stream\lib\_stream_readable.js:629:20)
[error] 
[error] Error: An unexpected error has occurred.
[debug] [2026-08-31T20:17:07.487Z] Error: EPIPE: broken pipe, write
    at Socket._write (node:internal/net:75:18)
    at writeOrBuffer (node:internal/streams/writable:570:12)
    at _write (node:internal/streams/writable:499:10)
    at Writable.write (node:internal/streams/writable:508:10)
    at Console.log (C:\Users\xioas\AppData\Roaming\npm\node_modules\firebase-tools\node_modules\winston\lib\winston\transports\console.js:87:23)
    at Console._write (C:\Users\xioas\AppData\Roaming\npm\node_modules\firebase-tools\node_modules\winston-transport\modern.js:103:17)
    at doWrite (C:\Users\xioas\AppData\Roaming\npm\node_modules\firebase-tools\node_modules\winston-transport\node_modules\readable-stream\lib\_stream_writable.js:390:139)
    at writeOrBuffer (C:\Users\xioas\AppData\Roaming\npm\node_modules\firebase-tools\node_modules\winston-transport\node_modules\readable-stream\lib\_stream_writable.js:381:5)
    at Writable.write (C:\Users\xioas\AppData\Roaming\npm\node_modules\firebase-tools\node_modules\winston-transport\node_modules\readable-stream\lib\_stream_writable.js:302:11)
    at DerivedLogger.ondata (C:\Users\xioas\AppData\Roaming\npm\node_modules\firebase-tools\node_modules\winston\node_modules\readable-stream\lib\_stream_readable.js:629:20)
[error] 
[error] Error: An unexpected error has occurred.
[debug] [2026-08-31T20:17:07.488Z] Error: EPIPE: broken pipe, write
    at Socket._write (node:internal/net:75:18)
    at writeOrBuffer (node:internal/streams/writable:570:12)
    at _write (node:internal/streams/writable:499:10)
    at Writable.write (node:internal/streams/writable:508:10)
    at Console.log (C:\Users\xioas\AppData\Roaming\npm\node_modules\firebase-tools\node_modules\winston\lib\winston\transports\console.js:87:23)
    at Console._write (C:\Users\xioas\AppData\Roaming\npm\node_modules\firebase-tools\node_modules\winston-transport\modern.js:103:17)
    at doWrite (C:\Users\xioas\AppData\Roaming\npm\node_modules\firebase-tools\node_modules\winston-transport\node_modules\readable-stream\lib\_stream_writable.js:390:139)
    at writeOrBuffer (C:\Users\xioas\AppData\Roaming\npm\node_modules\firebase-tools\node_modules\winston-transport\node_modules\readable-stream\lib\_stream_writable.js:381:5)
    at Writable.write (C:\Users\xioas\AppData\Roaming\npm\node_modules\firebase-tools\node_modules\winston-transport\node_modules\readable-stream\lib\_stream_writable.js:302:11)
    at DerivedLogger.ondata (C:\Users\xioas\AppData\Roaming\npm\node_modules\firebase-tools\node_modules\winston\node_modules\readable-stream\lib\_stream_readable.js:629:20)
[error] 
[error] Error: An unexpected error has occurred.
[debug] [2026-08-31T20:17:07.488Z] Error: EPIPE: broken pipe, write
    at Socket._write (node:internal/net:75:18)
    at writeOrBuffer (node:internal/streams/writable:570:12)
    at _write (node:internal/streams/writable:499:10)
    at Writable.write (node:internal/streams/writable:508:10)
    at Console.log (C:\Users\xioas\AppData\Roaming\npm\node_modules\firebase-tools\node_modules\winston\lib\winston\transports\console.js:87:23)
    at Console._write (C:\Users\xioas\AppData\Roaming\npm\node_modules\firebase-tools\node_modules\winston-transport\modern.js:103:17)
    at doWrite (C:\Users\xioas\AppData\Roaming\npm\node_modules\firebase-tools\node_modules\winston-transport\node_modules\readable-stream\lib\_stream_writable.js:390:139)
    at writeOrBuffer (C:\Users\xioas\AppData\Roaming\npm\node_modules\firebase-tools\node_modules\winston-transport\node_modules\readable-stream\lib\_stream_writable.js:381:5)
    at Writable.write (C:\Users\xioas\AppData\Roaming\npm\node_modules\firebase-tools\node_modules\winston-transport\node_modules\readable-stream\lib\_stream_writable.js:302:11)
    at DerivedLogger.ondata (C:\Users\xioas\AppData\Roaming\npm\node_modules\firebase-tools\node_modules\winston\node_modules\readable-stream\lib\_stream_readable.js:629:20)
[error] 
[error] Error: An unexpected error has occurred.
[debug] [2026-08-31T20:17:07.489Z] Error: EPIPE: broken pipe, write
    at Socket._write (node:internal/net:75:18)
    at writeOrBuffer (node:internal/streams/writable:570:12)
    at _write (node:internal/streams/writable:499:10)
    at Writable.write (node:internal/streams/writable:508:10)
    at Console.log (C:\Users\xioas\AppData\Roaming\npm\node_modules\firebase-tools\node_modules\winston\lib\winston\transports\console.js:87:23)
    at Console._write (C:\Users\xioas\AppData\Roaming\npm\node_modules\firebase-tools\node_modules\winston-transport\modern.js:103:17)
    at doWrite (C:\Users\xioas\AppData\Roaming\npm\node_modules\firebase-tools\node_modules\winston-transport\node_modules\readable-stream\lib\_stream_writable.js:390:139)
    at writeOrBuffer (C:\Users\xioas\AppData\Roaming\npm\node_modules\firebase-tools\node_modules\winston-transport\node_modules\readable-stream\lib\_stream_writable.js:381:5)
    at Writable.write (C:\Users\xioas\AppData\Roaming\npm\node_modules\firebase-tools\node_modules\winston-transport\node_modules\readable-stream\lib\_stream_writable.js:302:11)
    at DerivedLogger.ondata (C:\Users\xioas\AppData\Roaming\npm\node_modules\firebase-tools\node_modules\winston\node_modules\readable-stream\lib\_stream_readable.js:629:20)
[error] 
[error] Error: An unexpected error has occurred.
[debug] [2026-08-31T20:17:07.489Z] Error: EPIPE: broken pipe, write
    at Socket._write (node:internal/net:75:18)
    at writeOrBuffer (node:internal/streams/writable:570:12)
    at _write (node:internal/streams/writable:499:10)
    at Writable.write (node:internal/streams/writable:508:10)
    at Console.log (C:\Users\xioas\AppData\Roaming\npm\node_modules\firebase-tools\node_modules\winston\lib\winston\transports\console.js:87:23)
    at Console._write (C:\Users\xioas\AppData\Roaming\npm\node_modules\firebase-tools\node_modules\winston-transport\modern.js:103:17)
    at doWrite (C:\Users\xioas\AppData\Roaming\npm\node_modules\firebase-tools\node_modules\winston-transport\node_modules\readable-stream\lib\_stream_writable.js:390:139)
    at writeOrBuffer (C:\Users\xioas\AppData\Roaming\npm\node_modules\firebase-tools\node_modules\winston-transport\node_modules\readable-stream\lib\_stream_writable.js:381:5)
    at Writable.write (C:\Users\xioas\AppData\Roaming\npm\node_modules\firebase-tools\node_modules\winston-transport\node_modules\readable-stream\lib\_stream_writable.js:302:11)
    at DerivedLogger.ondata (C:\Users\xioas\AppData\Roaming\npm\node_modules\firebase-tools\node_modules\winston\node_modules\readable-stream\lib\_stream_readable.js:629:20)
[error] 
[error] Error: An unexpected error has occurred.
[debug] [2026-08-31T20:17:07.489Z] Error: EPIPE: broken pipe, write
    at Socket._write (node:internal/net:75:18)
    at writeOrBuffer (node:internal/streams/writable:570:12)
    at _write (node:internal/streams/writable:499:10)
    at Writable.write (node:internal/streams/writable:508:10)
    at Console.log (C:\Users\xioas\AppData\Roaming\npm\node_modules\firebase-tools\node_modules\winston\lib\winston\transports\console.js:87:23)
    at Console._write (C:\Users\xioas\AppData\Roaming\npm\node_modules\firebase-tools\node_modules\winston-transport\modern.js:103:17)
    at doWrite (C:\Users\xioas\AppData\Roaming\npm\node_modules\firebase-tools\node_modules\winston-transport\node_modules\readable-stream\lib\_stream_writable.js:390:139)
    at writeOrBuffer (C:\Users\xioas\AppData\Roaming\npm\node_modules\firebase-tools\node_modules\winston-transport\node_modules\readable-stream\lib\_stream_writable.js:381:5)
    at Writable.write (C:\Users\xioas\AppData\Roaming\npm\node_modules\firebase-tools\node_modules\winston-transport\node_modules\readable-stream\lib\_stream_writable.js:302:11)
    at DerivedLogger.ondata (C:\Users\xioas\AppData\Roaming\npm\node_modules\firebase-tools\node_modules\winston\node_modules\readable-stream\lib\_stream_readable.js:629:20)
[error] 
[error] Error: An unexpected error has occurred.
[debug] [2026-08-31T20:17:07.489Z] Error: EPIPE: broken pipe, write
    at Socket._write (node:internal/net:75:18)
    at writeOrBuffer (node:internal/streams/writable:570:12)
    at _write (node:internal/streams/writable:499:10)
    at Writable.write (node:internal/streams/writable:508:10)
    at Console.log (C:\Users\xioas\AppData\Roaming\npm\node_modules\firebase-tools\node_modules\winston\lib\winston\transports\console.js:87:23)
    at Console._write (C:\Users\xioas\AppData\Roaming\npm\node_modules\firebase-tools\node_modules\winston-transport\modern.js:103:17)
    at doWrite (C:\Users\xioas\AppData\Roaming\npm\node_modules\firebase-tools\node_modules\winston-transport\node_modules\readable-stream\lib\_stream_writable.js:390:139)
    at writeOrBuffer (C:\Users\xioas\AppData\Roaming\npm\node_modules\firebase-tools\node_modules\winston-transport\node_modules\readable-stream\lib\_stream_writable.js:381:5)
    at Writable.write (C:\Users\xioas\AppData\Roaming\npm\node_modules\firebase-tools\node_modules\winston-transport\node_modules\readable-stream\lib\_stream_writable.js:302:11)
    at DerivedLogger.ondata (C:\Users\xioas\AppData\Roaming\npm\node_modules\firebase-tools\node_modules\winston\node_modules\readable-stream\lib\_stream_readable.js:629:20)
[error] 
[error] Error: An unexpected error has occurred.
[debug] [2026-08-31T20:17:07.490Z] Error: EPIPE: broken pipe, write
    at Socket._write (node:internal/net:75:18)
    at writeOrBuffer (node:internal/streams/writable:570:12)
    at _write (node:internal/streams/writable:499:10)
    at Writable.write (node:internal/streams/writable:508:10)
    at Console.log (C:\Users\xioas\AppData\Roaming\npm\node_modules\firebase-tools\node_modules\winston\lib\winston\transports\console.js:87:23)
    at Console._write (C:\Users\xioas\AppData\Roaming\npm\node_modules\firebase-tools\node_modules\winston-transport\modern.js:103:17)
    at doWrite (C:\Users\xioas\AppData\Roaming\npm\node_modules\firebase-tools\node_modules\winston-transport\node_modules\readable-stream\lib\_stream_writable.js:390:139)
    at writeOrBuffer (C:\Users\xioas\AppData\Roaming\npm\node_modules\firebase-tools\node_modules\winston-transport\node_modules\readable-stream\lib\_stream_writable.js:381:5)
    at Writable.write (C:\Users\xioas\AppData\Roaming\npm\node_modules\firebase-tools\node_modules\winston-transport\node_modules\readable-stream\lib\_stream_writable.js:302:11)
    at DerivedLogger.ondata (C:\Users\xioas\AppData\Roaming\npm\node_modules\firebase-tools\node_modules\winston\node_modules\readable-stream\lib\_stream_readable.js:629:20)
[error] 
[error] Error: An unexpected error has occurred.
[debug] [2026-08-31T20:17:07.490Z] Error: EPIPE: broken pipe, write
    at Socket._write (node:internal/net:75:18)
    at writeOrBuffer (node:internal/streams/writable:570:12)
    at _write (node:internal/streams/writable:499:10)
    at Writable.write (node:internal/streams/writable:508:10)
    at Console.log (C:\Users\xioas\AppData\Roaming\npm\node_modules\firebase-tools\node_modules\winston\lib\winston\transports\console.js:87:23)
    at Console._write (C:\Users\xioas\AppData\Roaming\npm\node_modules\firebase-tools\node_modules\winston-transport\modern.js:103:17)
    at doWrite (C:\Users\xioas\AppData\Roaming\npm\node_modules\firebase-tools\node_modules\winston-transport\node_modules\readable-stream\lib\_stream_writable.js:390:139)
    at writeOrBuffer (C:\Users\xioas\AppData\Roaming\npm\node_modules\firebase-tools\node_modules\winston-transport\node_modules\readable-stream\lib\_stream_writable.js:381:5)
    at Writable.write (C:\Users\xioas\AppData\Roaming\npm\node_modules\firebase-tools\node_modules\winston-transport\node_modules\readable-stream\lib\_stream_writable.js:302:11)
    at DerivedLogger.ondata (C:\Users\xioas\AppData\Roaming\npm\node_modules\firebase-tools\node_modules\winston\node_modules\readable-stream\lib\_stream_readable.js:629:20)
[error] 
[error] Error: An unexpected error has occurred.
[debug] [2026-08-31T20:17:07.490Z] Error: EPIPE: broken pipe, write
    at Socket._write (node:internal/net:75:18)
    at writeOrBuffer (node:internal/streams/writable:570:12)
    at _write (node:internal/streams/writable:499:10)
    at Writable.write (node:internal/streams/writable:508:10)
    at Console.log (C:\Users\xioas\AppData\Roaming\npm\node_modules\firebase-tools\node_modules\winston\lib\winston\transports\console.js:87:23)
    at Console._write (C:\Users\xioas\AppData\Roaming\npm\node_modules\firebase-tools\node_modules\winston-transport\modern.js:103:17)
    at doWrite (C:\Users\xioas\AppData\Roaming\npm\node_modules\firebase-tools\node_modules\winston-transport\node_modules\readable-stream\lib\_stream_writable.js:390:139)
    at writeOrBuffer (C:\Users\xioas\AppData\Roaming\npm\node_modules\firebase-tools\node_modules\winston-transport\node_modules\readable-stream\lib\_stream_writable.js:381:5)
    at Writable.write (C:\Users\xioas\AppData\Roaming\npm\node_modules\firebase-tools\node_modules\winston-transport\node_modules\readable-stream\lib\_stream_writable.js:302:11)
    at DerivedLogger.ondata (C:\Users\xioas\AppData\Roaming\npm\node_modules\firebase-tools\node_modules\winston\node_modules\readable-stream\lib\_stream_readable.js:629:20)
[error] 
[error] Error: An unexpected error has occurred.
[debug] [2026-08-31T20:17:07.490Z] Error: EPIPE: broken pipe, write
    at Socket._write (node:internal/net:75:18)
    at writeOrBuffer (node:internal/streams/writable:570:12)
    at _write (node:internal/streams/writable:499:10)
    at Writable.write (node:internal/streams/writable:508:10)
    at Console.log (C:\Users\xioas\AppData\Roaming\npm\node_modules\firebase-tools\node_modules\winston\lib\winston\transports\console.js:87:23)
    at Console._write (C:\Users\xioas\AppData\Roaming\npm\node_modules\firebase-tools\node_modules\winston-transport\modern.js:103:17)
    at doWrite (C:\Users\xioas\AppData\Roaming\npm\node_modules\firebase-tools\node_modules\winston-transport\node_modules\readable-stream\lib\_stream_writable.js:390:139)
    at writeOrBuffer (C:\Users\xioas\AppData\Roaming\npm\node_modules\firebase-tools\node_modules\winston-transport\node_modules\readable-stream\lib\_stream_writable.js:381:5)
    at Writable.write (C:\Users\xioas\AppData\Roaming\npm\node_modules\firebase-tools\node_modules\winston-transport\node_modules\readable-stream\lib\_stream_writable.js:302:11)
    at DerivedLogger.ondata (C:\Users\xioas\AppData\Roaming\npm\node_modules\firebase-tools\node_modules\winston\node_modules\readable-stream\lib\_stream_readable.js:629:20)
[error] 
[error] Error: An unexpected error has occurred.
[debug] [2026-08-31T20:17:07.491Z] Error: EPIPE: broken pipe, write
    at Socket._write (node:internal/net:75:18)
    at writeOrBuffer (node:internal/streams/writable:570:12)
    at _write (node:internal/streams/writable:499:10)
    at Writable.write (node:internal/streams/writable:508:10)
    at Console.log (C:\Users\xioas\AppData\Roaming\npm\node_modules\firebase-tools\node_modules\winston\lib\winston\transports\console.js:87:23)
    at Console._write (C:\Users\xioas\AppData\Roaming\npm\node_modules\firebase-tools\node_modules\winston-transport\modern.js:103:17)
    at doWrite (C:\Users\xioas\AppData\Roaming\npm\node_modules\firebase-tools\node_modules\winston-transport\node_modules\readable-stream\lib\_stream_writable.js:390:139)
    at writeOrBuffer (C:\Users\xioas\AppData\Roaming\npm\node_modules\firebase-tools\node_modules\winston-transport\node_modules\readable-stream\lib\_stream_writable.js:381:5)
    at Writable.write (C:\Users\xioas\AppData\Roaming\npm\node_modules\firebase-tools\node_modules\winston-transport\node_modules\readable-stream\lib\_stream_writable.js:302:11)
    at DerivedLogger.ondata (C:\Users\xioas\AppData\Roaming\npm\node_modules\firebase-tools\node_modules\winston\node_modules\readable-stream\lib\_stream_readable.js:629:20)
[error] 
[error] Error: An unexpected error has occurred.
[debug] [2026-08-31T20:17:07.491Z] Error: EPIPE: broken pipe, write
    at Socket._write (node:internal/net:75:18)
    at writeOrBuffer (node:internal/streams/writable:570:12)
    at _write (node:internal/streams/writable:499:10)
    at Writable.write (node:internal/streams/writable:508:10)
    at Console.log (C:\Users\xioas\AppData\Roaming\npm\node_modules\firebase-tools\node_modules\winston\lib\winston\transports\console.js:87:23)
    at Console._write (C:\Users\xioas\AppData\Roaming\npm\node_modules\firebase-tools\node_modules\winston-transport\modern.js:103:17)
    at doWrite (C:\Users\xioas\AppData\Roaming\npm\node_modules\firebase-tools\node_modules\winston-transport\node_modules\readable-stream\lib\_stream_writable.js:390:139)
    at writeOrBuffer (C:\Users\xioas\AppData\Roaming\npm\node_modules\firebase-tools\node_modules\winston-transport\node_modules\readable-stream\lib\_stream_writable.js:381:5)
    at Writable.write (C:\Users\xioas\AppData\Roaming\npm\node_modules\firebase-tools\node_modules\winston-transport\node_modules\readable-stream\lib\_stream_writable.js:302:11)
    at DerivedLogger.ondata (C:\Users\xioas\AppData\Roaming\npm\node_modules\firebase-tools\node_modules\winston\node_modules\readable-stream\lib\_stream_readable.js:629:20)
[error] 
[error] Error: An unexpected error has occurred.
[debug] [2026-08-31T20:17:07.491Z] Error: EPIPE: broken pipe, write
    at Socket._write (node:internal/net:75:18)
    at writeOrBuffer (node:internal/streams/writable:570:12)
    at _write (node:internal/streams/writable:499:10)
    at Writable.write (node:internal/streams/writable:508:10)
    at Console.log (C:\Users\xioas\AppData\Roaming\npm\node_modules\firebase-tools\node_modules\winston\lib\winston\transports\console.js:87:23)
    at Console._write (C:\Users\xioas\AppData\Roaming\npm\node_modules\firebase-tools\node_modules\winston-transport\modern.js:103:17)
    at doWrite (C:\Users\xioas\AppData\Roaming\npm\node_modules\firebase-tools\node_modules\winston-transport\node_modules\readable-stream\lib\_stream_writable.js:390:139)
    at writeOrBuffer (C:\Users\xioas\AppData\Roaming\npm\node_modules\firebase-tools\node_modules\winston-transport\node_modules\readable-stream\lib\_stream_writable.js:381:5)
    at Writable.write (C:\Users\xioas\AppData\Roaming\npm\node_modules\firebase-tools\node_modules\winston-transport\node_modules\readable-stream\lib\_stream_writable.js:302:11)
    at DerivedLogger.ondata (C:\Users\xioas\AppData\Roaming\npm\node_modules\firebase-tools\node_modules\winston\node_modules\readable-stream\lib\_stream_readable.js:629:20)
[error] 
[error] Error: An unexpected error has occurred.
[debug] [2026-08-31T20:17:07.492Z] Error: EPIPE: broken pipe, write
    at Socket._write (node:internal/net:75:18)
    at writeOrBuffer (node:internal/streams/writable:570:12)
    at _write (node:internal/streams/writable:499:10)
    at Writable.write (node:internal/streams/writable:508:10)
    at Console.log (C:\Users\xioas\AppData\Roaming\npm\node_modules\firebase-tools\node_modules\winston\lib\winston\transports\console.js:87:23)
    at Console._write (C:\Users\xioas\AppData\Roaming\npm\node_modules\firebase-tools\node_modules\winston-transport\modern.js:103:17)
    at doWrite (C:\Users\xioas\AppData\Roaming\npm\node_modules\firebase-tools\node_modules\winston-transport\node_modules\readable-stream\lib\_stream_writable.js:390:139)
    at writeOrBuffer (C:\Users\xioas\AppData\Roaming\npm\node_modules\firebase-tools\node_modules\winston-transport\node_modules\readable-stream\lib\_stream_writable.js:381:5)
    at Writable.write (C:\Users\xioas\AppData\Roaming\npm\node_modules\firebase-tools\node_modules\winston-transport\node_modules\readable-stream\lib\_stream_writable.js:302:11)
    at DerivedLogger.ondata (C:\Users\xioas\AppData\Roaming\npm\node_modules\firebase-tools\node_modules\winston\node_modules\readable-stream\lib\_stream_readable.js:629:20)
[error] 
[error] Error: An unexpected error has occurred.
[debug] [2026-08-31T20:17:07.492Z] Error: EPIPE: broken pipe, write
    at Socket._write (node:internal/net:75:18)
    at writeOrBuffer (node:internal/streams/writable:570:12)
    at _write (node:internal/streams/writable:499:10)
    at Writable.write (node:internal/streams/writable:508:10)
    at Console.log (C:\Users\xioas\AppData\Roaming\npm\node_modules\firebase-tools\node_modules\winston\lib\winston\transports\console.js:87:23)
    at Console._write (C:\Users\xioas\AppData\Roaming\npm\node_modules\firebase-tools\node_modules\winston-transport\modern.js:103:17)
    at doWrite (C:\Users\xioas\AppData\Roaming\npm\node_modules\firebase-tools\node_modules\winston-transport\node_modules\readable-stream\lib\_stream_writable.js:390:139)
    at writeOrBuffer (C:\Users\xioas\AppData\Roaming\npm\node_modules\firebase-tools\node_modules\winston-transport\node_modules\readable-stream\lib\_stream_writable.js:381:5)
    at Writable.write (C:\Users\xioas\AppData\Roaming\npm\node_modules\firebase-tools\node_modules\winston-transport\node_modules\readable-stream\lib\_stream_writable.js:302:11)
    at DerivedLogger.ondata (C:\Users\xioas\AppData\Roaming\npm\node_modules\firebase-tools\node_modules\winston\node_modules\readable-stream\lib\_stream_readable.js:629:20)
[error] 
[error] Error: An unexpected error has occurred.
[debug] [2026-08-31T20:17:07.492Z] Error: EPIPE: broken pipe, write
    at Socket._write (node:internal/net:75:18)
    at writeOrBuffer (node:internal/streams/writable:570:12)
    at _write (node:internal/streams/writable:499:10)
    at Writable.write (node:internal/streams/writable:508:10)
    at Console.log (C:\Users\xioas\AppData\Roaming\npm\node_modules\firebase-tools\node_modules\winston\lib\winston\transports\console.js:87:23)
    at Console._write (C:\Users\xioas\AppData\Roaming\npm\node_modules\firebase-tools\node_modules\winston-transport\modern.js:103:17)
    at doWrite (C:\Users\xioas\AppData\Roaming\npm\node_modules\firebase-tools\node_modules\winston-transport\node_modules\readable-stream\lib\_stream_writable.js:390:139)
    at writeOrBuffer (C:\Users\xioas\AppData\Roaming\npm\node_modules\firebase-tools\node_modules\winston-transport\node_modules\readable-stream\lib\_stream_writable.js:381:5)
    at Writable.write (C:\Users\xioas\AppData\Roaming\npm\node_modules\firebase-tools\node_modules\winston-transport\node_modules\readable-stream\lib\_stream_writable.js:302:11)
    at DerivedLogger.ondata (C:\Users\xioas\AppData\Roaming\npm\node_modules\firebase-tools\node_modules\winston\node_modules\readable-stream\lib\_stream_readable.js:629:20)
[error] 
[error] Error: An unexpected error has occurred.
[debug] [2026-08-31T20:17:07.492Z] Error: EPIPE: broken pipe, write
    at Socket._write (node:internal/net:75:18)
    at writeOrBuffer (node:internal/streams/writable:570:12)
    at _write (node:internal/streams/writable:499:10)
    at Writable.write (node:internal/streams/writable:508:10)
    at Console.log (C:\Users\xioas\AppData\Roaming\npm\node_modules\firebase-tools\node_modules\winston\lib\winston\transports\console.js:87:23)
    at Console._write (C:\Users\xioas\AppData\Roaming\npm\node_modules\firebase-tools\node_modules\winston-transport\modern.js:103:17)
    at doWrite (C:\Users\xioas\AppData\Roaming\npm\node_modules\firebase-tools\node_modules\winston-transport\node_modules\readable-stream\lib\_stream_writable.js:390:139)
    at writeOrBuffer (C:\Users\xioas\AppData\Roaming\npm\node_modules\firebase-tools\node_modules\winston-transport\node_modules\readable-stream\lib\_stream_writable.js:381:5)
    at Writable.write (C:\Users\xioas\AppData\Roaming\npm\node_modules\firebase-tools\node_modules\winston-transport\node_modules\readable-stream\lib\_stream_writable.js:302:11)
    at DerivedLogger.ondata (C:\Users\xioas\AppData\Roaming\npm\node_modules\firebase-tools\node_modules\winston\node_modules\readable-stream\lib\_stream_readable.js:629:20)
[error] 
[error] Error: An unexpected error has occurred.
[debug] [2026-08-31T20:17:07.492Z] Error: EPIPE: broken pipe, write
    at Socket._write (node:internal/net:75:18)
    at writeOrBuffer (node:internal/streams/writable:570:12)
    at _write (node:internal/streams/writable:499:10)
    at Writable.write (node:internal/streams/writable:508:10)
    at Console.log (C:\Users\xioas\AppData\Roaming\npm\node_modules\firebase-tools\node_modules\winston\lib\winston\transports\console.js:87:23)
    at Console._write (C:\Users\xioas\AppData\Roaming\npm\node_modules\firebase-tools\node_modules\winston-transport\modern.js:103:17)
    at doWrite (C:\Users\xioas\AppData\Roaming\npm\node_modules\firebase-tools\node_modules\winston-transport\node_modules\readable-stream\lib\_stream_writable.js:390:139)
    at writeOrBuffer (C:\Users\xioas\AppData\Roaming\npm\node_modules\firebase-tools\node_modules\winston-transport\node_modules\readable-stream\lib\_stream_writable.js:381:5)
    at Writable.write (C:\Users\xioas\AppData\Roaming\npm\node_modules\firebase-tools\node_modules\winston-transport\node_modules\readable-stream\lib\_stream_writable.js:302:11)
    at DerivedLogger.ondata (C:\Users\xioas\AppData\Roaming\npm\node_modules\firebase-tools\node_modules\winston\node_modules\readable-stream\lib\_stream_readable.js:629:20)
[error] 
[error] Error: An unexpected error has occurred.
[debug] [2026-08-31T20:17:07.493Z] Error: EPIPE: broken pipe, write
    at Socket._write (node:internal/net:75:18)
    at writeOrBuffer (node:internal/streams/writable:570:12)
    at _write (node:internal/streams/writable:499:10)
    at Writable.write (node:internal/streams/writable:508:10)
    at Console.log (C:\Users\xioas\AppData\Roaming\npm\node_modules\firebase-tools\node_modules\winston\lib\winston\transports\console.js:87:23)
    at Console._write (C:\Users\xioas\AppData\Roaming\npm\node_modules\firebase-tools\node_modules\winston-transport\modern.js:103:17)
    at doWrite (C:\Users\xioas\AppData\Roaming\npm\node_modules\firebase-tools\node_modules\winston-transport\node_modules\readable-stream\lib\_stream_writable.js:390:139)
    at writeOrBuffer (C:\Users\xioas\AppData\Roaming\npm\node_modules\firebase-tools\node_modules\winston-transport\node_modules\readable-stream\lib\_stream_writable.js:381:5)
    at Writable.write (C:\Users\xioas\AppData\Roaming\npm\node_modules\firebase-tools\node_modules\winston-transport\node_modules\readable-stream\lib\_stream_writable.js:302:11)
    at DerivedLogger.ondata (C:\Users\xioas\AppData\Roaming\npm\node_modules\firebase-tools\node_modules\winston\node_modules\readable-stream\lib\_stream_readable.js:629:20)
[error] 
[error] Error: An unexpected error has occurred.
[debug] [2026-08-31T20:17:07.493Z] Error: EPIPE: broken pipe, write
    at Socket._write (node:internal/net:75:18)
    at writeOrBuffer (node:internal/streams/writable:570:12)
    at _write (node:internal/streams/writable:499:10)
    at Writable.write (node:internal/streams/writable:508:10)
    at Console.log (C:\Users\xioas\AppData\Roaming\npm\node_modules\firebase-tools\node_modules\winston\lib\winston\transports\console.js:87:23)
    at Console._write (C:\Users\xioas\AppData\Roaming\npm\node_modules\firebase-tools\node_modules\winston-transport\modern.js:103:17)
    at doWrite (C:\Users\xioas\AppData\Roaming\npm\node_modules\firebase-tools\node_modules\winston-transport\node_modules\readable-stream\lib\_stream_writable.js:390:139)
    at writeOrBuffer (C:\Users\xioas\AppData\Roaming\npm\node_modules\firebase-tools\node_modules\winston-transport\node_modules\readable-stream\lib\_stream_writable.js:381:5)
    at Writable.write (C:\Users\xioas\AppData\Roaming\npm\node_modules\firebase-tools\node_modules\winston-transport\node_modules\readable-stream\lib\_stream_writable.js:302:11)
    at DerivedLogger.ondata (C:\Users\xioas\AppData\Roaming\npm\node_modules\firebase-tools\node_modules\winston\node_modules\readable-stream\lib\_stream_readable.js:629:20)
[error] 
[error] Error: An unexpected error has occurred.
[debug] [2026-08-31T20:17:07.493Z] Error: EPIPE: broken pipe, write
    at Socket._write (node:internal/net:75:18)
    at writeOrBuffer (node:internal/streams/writable:570:12)
    at _write (node:internal/streams/writable:499:10)
    at Writable.write (node:internal/streams/writable:508:10)
    at Console.log (C:\Users\xioas\AppData\Roaming\npm\node_modules\firebase-tools\node_modules\winston\lib\winston\transports\console.js:87:23)
    at Console._write (C:\Users\xioas\AppData\Roaming\npm\node_modules\firebase-tools\node_modules\winston-transport\modern.js:103:17)
    at doWrite (C:\Users\xioas\AppData\Roaming\npm\node_modules\firebase-tools\node_modules\winston-transport\node_modules\readable-stream\lib\_stream_writable.js:390:139)
    at writeOrBuffer (C:\Users\xioas\AppData\Roaming\npm\node_modules\firebase-tools\node_modules\winston-transport\node_modules\readable-stream\lib\_stream_writable.js:381:5)
    at Writable.write (C:\Users\xioas\AppData\Roaming\npm\node_modules\firebase-tools\node_modules\winston-transport\node_modules\readable-stream\lib\_stream_writable.js:302:11)
    at DerivedLogger.ondata (C:\Users\xioas\AppData\Roaming\npm\node_modules\firebase-tools\node_modules\winston\node_modules\readable-stream\lib\_stream_readable.js:629:20)
[error] 
[error] Error: An unexpected error has occurred.
[debug] [2026-08-31T20:17:07.493Z] Error: EPIPE: broken pipe, write
    at Socket._write (node:internal/net:75:18)
    at writeOrBuffer (node:internal/streams/writable:570:12)
    at _write (node:internal/streams/writable:499:10)
    at Writable.write (node:internal/streams/writable:508:10)
    at Console.log (C:\Users\xioas\AppData\Roaming\npm\node_modules\firebase-tools\node_modules\winston\lib\winston\transports\console.js:87:23)
    at Console._write (C:\Users\xioas\AppData\Roaming\npm\node_modules\firebase-tools\node_modules\winston-transport\modern.js:103:17)
    at doWrite (C:\Users\xioas\AppData\Roaming\npm\node_modules\firebase-tools\node_modules\winston-transport\node_modules\readable-stream\lib\_stream_writable.js:390:139)
    at writeOrBuffer (C:\Users\xioas\AppData\Roaming\npm\node_modules\firebase-tools\node_modules\winston-transport\node_modules\readable-stream\lib\_stream_writable.js:381:5)
    at Writable.write (C:\Users\xioas\AppData\Roaming\npm\node_modules\firebase-tools\node_modules\winston-transport\node_modules\readable-stream\lib\_stream_writable.js:302:11)
    at DerivedLogger.ondata (C:\Users\xioas\AppData\Roaming\npm\node_modules\firebase-tools\node_modules\winston\node_modules\readable-stream\lib\_stream_readable.js:629:20)
[error] 
[error] Error: An unexpected error has occurred.
[debug] [2026-08-31T20:17:07.493Z] Error: EPIPE: broken pipe, write
    at Socket._write (node:internal/net:75:18)
    at writeOrBuffer (node:internal/streams/writable:570:12)
    at _write (node:internal/streams/writable:499:10)
    at Writable.write (node:internal/streams/writable:508:10)
    at Console.log (C:\Users\xioas\AppData\Roaming\npm\node_modules\firebase-tools\node_modules\winston\lib\winston\transports\console.js:87:23)
    at Console._write (C:\Users\xioas\AppData\Roaming\npm\node_modules\firebase-tools\node_modules\winston-transport\modern.js:103:17)
    at doWrite (C:\Users\xioas\AppData\Roaming\npm\node_modules\firebase-tools\node_modules\winston-transport\node_modules\readable-stream\lib\_stream_writable.js:390:139)
    at writeOrBuffer (C:\Users\xioas\AppData\Roaming\npm\node_modules\firebase-tools\node_modules\winston-transport\node_modules\readable-stream\lib\_stream_writable.js:381:5)
    at Writable.write (C:\Users\xioas\AppData\Roaming\npm\node_modules\firebase-tools\node_modules\winston-transport\node_modules\readable-stream\lib\_stream_writable.js:302:11)
    at DerivedLogger.ondata (C:\Users\xioas\AppData\Roaming\npm\node_modules\firebase-tools\node_modules\winston\node_modules\readable-stream\lib\_stream_readable.js:629:20)
[error] 
[error] Error: An unexpected error has occurred.
[debug] [2026-08-31T20:17:07.493Z] Error: EPIPE: broken pipe, write
    at Socket._write (node:internal/net:75:18)
    at writeOrBuffer (node:internal/streams/writable:570:12)
    at _write (node:internal/streams/writable:499:10)
    at Writable.write (node:internal/streams/writable:508:10)
    at Console.log (C:\Users\xioas\AppData\Roaming\npm\node_modules\firebase-tools\node_modules\winston\lib\winston\transports\console.js:87:23)
    at Console._write (C:\Users\xioas\AppData\Roaming\npm\node_modules\firebase-tools\node_modules\winston-transport\modern.js:103:17)
    at doWrite (C:\Users\xioas\AppData\Roaming\npm\node_modules\firebase-tools\node_modules\winston-transport\node_modules\readable-stream\lib\_stream_writable.js:390:139)
    at writeOrBuffer (C:\Users\xioas\AppData\Roaming\npm\node_modules\firebase-tools\node_modules\winston-transport\node_modules\readable-stream\lib\_stream_writable.js:381:5)
    at Writable.write (C:\Users\xioas\AppData\Roaming\npm\node_modules\firebase-tools\node_modules\winston-transport\node_modules\readable-stream\lib\_stream_writable.js:302:11)
    at DerivedLogger.ondata (C:\Users\xioas\AppData\Roaming\npm\node_modules\firebase-tools\node_modules\winston\node_modules\readable-stream\lib\_stream_readable.js:629:20)
[error] 
[error] Error: An unexpected error has occurred.
[debug] [2026-08-31T20:17:07.494Z] Error: EPIPE: broken pipe, write
    at Socket._write (node:internal/net:75:18)
    at writeOrBuffer (node:internal/streams/writable:570:12)
    at _write (node:internal/streams/writable:499:10)
    at Writable.write (node:internal/streams/writable:508:10)
    at Console.log (C:\Users\xioas\AppData\Roaming\npm\node_modules\firebase-tools\node_modules\winston\lib\winston\transports\console.js:87:23)
    at Console._write (C:\Users\xioas\AppData\Roaming\npm\node_modules\firebase-tools\node_modules\winston-transport\modern.js:103:17)
    at doWrite (C:\Users\xioas\AppData\Roaming\npm\node_modules\firebase-tools\node_modules\winston-transport\node_modules\readable-stream\lib\_stream_writable.js:390:139)
    at writeOrBuffer (C:\Users\xioas\AppData\Roaming\npm\node_modules\firebase-tools\node_modules\winston-transport\node_modules\readable-stream\lib\_stream_writable.js:381:5)
    at Writable.write (C:\Users\xioas\AppData\Roaming\npm\node_modules\firebase-tools\node_modules\winston-transport\node_modules\readable-stream\lib\_stream_writable.js:302:11)
    at DerivedLogger.ondata (C:\Users\xioas\AppData\Roaming\npm\node_modules\firebase-tools\node_modules\winston\node_modules\readable-stream\lib\_stream_readable.js:629:20)
[error] 
[error] Error: An unexpected error has occurred.
[debug] [2026-08-31T20:17:07.494Z] Error: EPIPE: broken pipe, write
    at Socket._write (node:internal/net:75:18)
    at writeOrBuffer (node:internal/streams/writable:570:12)
    at _write (node:internal/streams/writable:499:10)
    at Writable.write (node:internal/streams/writable:508:10)
    at Console.log (C:\Users\xioas\AppData\Roaming\npm\node_modules\firebase-tools\node_modules\winston\lib\winston\transports\console.js:87:23)
    at Console._write (C:\Users\xioas\AppData\Roaming\npm\node_modules\firebase-tools\node_modules\winston-transport\modern.js:103:17)
    at doWrite (C:\Users\xioas\AppData\Roaming\npm\node_modules\firebase-tools\node_modules\winston-transport\node_modules\readable-stream\lib\_stream_writable.js:390:139)
    at writeOrBuffer (C:\Users\xioas\AppData\Roaming\npm\node_modules\firebase-tools\node_modules\winston-transport\node_modules\readable-stream\lib\_stream_writable.js:381:5)
    at Writable.write (C:\Users\xioas\AppData\Roaming\npm\node_modules\firebase-tools\node_modules\winston-transport\node_modules\readable-stream\lib\_stream_writable.js:302:11)
    at DerivedLogger.ondata (C:\Users\xioas\AppData\Roaming\npm\node_modules\firebase-tools\node_modules\winston\node_modules\readable-stream\lib\_stream_readable.js:629:20)
[error] 
[error] Error: An unexpected error has occurred.
[debug] [2026-08-31T20:17:07.494Z] Error: EPIPE: broken pipe, write
    at Socket._write (node:internal/net:75:18)
    at writeOrBuffer (node:internal/streams/writable:570:12)
    at _write (node:internal/streams/writable:499:10)
    at Writable.write (node:internal/streams/writable:508:10)
    at Console.log (C:\Users\xioas\AppData\Roaming\npm\node_modules\firebase-tools\node_modules\winston\lib\winston\transports\console.js:87:23)
    at Console._write (C:\Users\xioas\AppData\Roaming\npm\node_modules\firebase-tools\node_modules\winston-transport\modern.js:103:17)
    at doWrite (C:\Users\xioas\AppData\Roaming\npm\node_modules\firebase-tools\node_modules\winston-transport\node_modules\readable-stream\lib\_stream_writable.js:390:139)
    at writeOrBuffer (C:\Users\xioas\AppData\Roaming\npm\node_modules\firebase-tools\node_modules\winston-transport\node_modules\readable-stream\lib\_stream_writable.js:381:5)
    at Writable.write (C:\Users\xioas\AppData\Roaming\npm\node_modules\firebase-tools\node_modules\winston-transport\node_modules\readable-stream\lib\_stream_writable.js:302:11)
    at DerivedLogger.ondata (C:\Users\xioas\AppData\Roaming\npm\node_modules\firebase-tools\node_modules\winston\node_modules\readable-stream\lib\_stream_readable.js:629:20)
[error] 
[error] Error: An unexpected error has occurred.
[debug] [2026-08-31T20:17:07.495Z] Error: EPIPE: broken pipe, write
    at Socket._write (node:internal/net:75:18)
    at writeOrBuffer (node:internal/streams/writable:570:12)
    at _write (node:internal/streams/writable:499:10)
    at Writable.write (node:internal/streams/writable:508:10)
    at Console.log (C:\Users\xioas\AppData\Roaming\npm\node_modules\firebase-tools\node_modules\winston\lib\winston\transports\console.js:87:23)
    at Console._write (C:\Users\xioas\AppData\Roaming\npm\node_modules\firebase-tools\node_modules\winston-transport\modern.js:103:17)
    at doWrite (C:\Users\xioas\AppData\Roaming\npm\node_modules\firebase-tools\node_modules\winston-transport\node_modules\readable-stream\lib\_stream_writable.js:390:139)
    at writeOrBuffer (C:\Users\xioas\AppData\Roaming\npm\node_modules\firebase-tools\node_modules\winston-transport\node_modules\readable-stream\lib\_stream_writable.js:381:5)
    at Writable.write (C:\Users\xioas\AppData\Roaming\npm\node_modules\firebase-tools\node_modules\winston-transport\node_modules\readable-stream\lib\_stream_writable.js:302:11)
    at DerivedLogger.ondata (C:\Users\xioas\AppData\Roaming\npm\node_modules\firebase-tools\node_modules\winston\node_modules\readable-stream\lib\_stream_readable.js:629:20)
[error] 
[error] Error: An unexpected error has occurred.
[debug] [2026-08-31T20:17:07.495Z] Error: EPIPE: broken pipe, write
    at Socket._write (node:internal/net:75:18)
    at writeOrBuffer (node:internal/streams/writable:570:12)
    at _write (node:internal/streams/writable:499:10)
    at Writable.write (node:internal/streams/writable:508:10)
    at Console.log (C:\Users\xioas\AppData\Roaming\npm\node_modules\firebase-tools\node_modules\winston\lib\winston\transports\console.js:87:23)
    at Console._write (C:\Users\xioas\AppData\Roaming\npm\node_modules\firebase-tools\node_modules\winston-transport\modern.js:103:17)
    at doWrite (C:\Users\xioas\AppData\Roaming\npm\node_modules\firebase-tools\node_modules\winston-transport\node_modules\readable-stream\lib\_stream_writable.js:390:139)
    at writeOrBuffer (C:\Users\xioas\AppData\Roaming\npm\node_modules\firebase-tools\node_modules\winston-transport\node_modules\readable-stream\lib\_stream_writable.js:381:5)
    at Writable.write (C:\Users\xioas\AppData\Roaming\npm\node_modules\firebase-tools\node_modules\winston-transport\node_modules\readable-stream\lib\_stream_writable.js:302:11)
    at DerivedLogger.ondata (C:\Users\xioas\AppData\Roaming\npm\node_modules\firebase-tools\node_modules\winston\node_modules\readable-stream\lib\_stream_readable.js:629:20)
[error] 
[error] Error: An unexpected error has occurred.
[debug] [2026-08-31T20:17:07.495Z] Error: EPIPE: broken pipe, write
    at Socket._write (node:internal/net:75:18)
    at writeOrBuffer (node:internal/streams/writable:570:12)
    at _write (node:internal/streams/writable:499:10)
    at Writable.write (node:internal/streams/writable:508:10)
    at Console.log (C:\Users\xioas\AppData\Roaming\npm\node_modules\firebase-tools\node_modules\winston\lib\winston\transports\console.js:87:23)
    at Console._write (C:\Users\xioas\AppData\Roaming\npm\node_modules\firebase-tools\node_modules\winston-transport\modern.js:103:17)
    at doWrite (C:\Users\xioas\AppData\Roaming\npm\node_modules\firebase-tools\node_modules\winston-transport\node_modules\readable-stream\lib\_stream_writable.js:390:139)
    at writeOrBuffer (C:\Users\xioas\AppData\Roaming\npm\node_modules\firebase-tools\node_modules\winston-transport\node_modules\readable-stream\lib\_stream_writable.js:381:5)
    at Writable.write (C:\Users\xioas\AppData\Roaming\npm\node_modules\firebase-tools\node_modules\winston-transport\node_modules\readable-stream\lib\_stream_writable.js:302:11)
    at DerivedLogger.ondata (C:\Users\xioas\AppData\Roaming\npm\node_modules\firebase-tools\node_modules\winston\node_modules\readable-stream\lib\_stream_readable.js:629:20)
[error] 
[error] Error: An unexpected error has occurred.
[debug] [2026-08-31T20:17:07.495Z] Error: EPIPE: broken pipe, write
    at Socket._write (node:internal/net:75:18)
    at writeOrBuffer (node:internal/streams/writable:570:12)
    at _write (node:internal/streams/writable:499:10)
    at Writable.write (node:internal/streams/writable:508:10)
    at Console.log (C:\Users\xioas\AppData\Roaming\npm\node_modules\firebase-tools\node_modules\winston\lib\winston\transports\console.js:87:23)
    at Console._write (C:\Users\xioas\AppData\Roaming\npm\node_modules\firebase-tools\node_modules\winston-transport\modern.js:103:17)
    at doWrite (C:\Users\xioas\AppData\Roaming\npm\node_modules\firebase-tools\node_modules\winston-transport\node_modules\readable-stream\lib\_stream_writable.js:390:139)
    at writeOrBuffer (C:\Users\xioas\AppData\Roaming\npm\node_modules\firebase-tools\node_modules\winston-transport\node_modules\readable-stream\lib\_stream_writable.js:381:5)
    at Writable.write (C:\Users\xioas\AppData\Roaming\npm\node_modules\firebase-tools\node_modules\winston-transport\node_modules\readable-stream\lib\_stream_writable.js:302:11)
    at DerivedLogger.ondata (C:\Users\xioas\AppData\Roaming\npm\node_modules\firebase-tools\node_modules\winston\node_modules\readable-stream\lib\_stream_readable.js:629:20)
[error] 
[error] Error: An unexpected error has occurred.
[debug] [2026-08-31T20:17:07.496Z] Error: EPIPE: broken pipe, write
    at Socket._write (node:internal/net:75:18)
    at writeOrBuffer (node:internal/streams/writable:570:12)
    at _write (node:internal/streams/writable:499:10)
    at Writable.write (node:internal/streams/writable:508:10)
    at Console.log (C:\Users\xioas\AppData\Roaming\npm\node_modules\firebase-tools\node_modules\winston\lib\winston\transports\console.js:87:23)
    at Console._write (C:\Users\xioas\AppData\Roaming\npm\node_modules\firebase-tools\node_modules\winston-transport\modern.js:103:17)
    at doWrite (C:\Users\xioas\AppData\Roaming\npm\node_modules\firebase-tools\node_modules\winston-transport\node_modules\readable-stream\lib\_stream_writable.js:390:139)
    at writeOrBuffer (C:\Users\xioas\AppData\Roaming\npm\node_modules\firebase-tools\node_modules\winston-transport\node_modules\readable-stream\lib\_stream_writable.js:381:5)
    at Writable.write (C:\Users\xioas\AppData\Roaming\npm\node_modules\firebase-tools\node_modules\winston-transport\node_modules\readable-stream\lib\_stream_writable.js:302:11)
    at DerivedLogger.ondata (C:\Users\xioas\AppData\Roaming\npm\node_modules\firebase-tools\node_modules\winston\node_modules\readable-stream\lib\_stream_readable.js:629:20)
[error] 
[error] Error: An unexpected error has occurred.
[debug] [2026-08-31T20:17:07.496Z] Error: EPIPE: broken pipe, write
    at Socket._write (node:internal/net:75:18)
    at writeOrBuffer (node:internal/streams/writable:570:12)
    at _write (node:internal/streams/writable:499:10)
    at Writable.write (node:internal/streams/writable:508:10)
    at Console.log (C:\Users\xioas\AppData\Roaming\npm\node_modules\firebase-tools\node_modules\winston\lib\winston\transports\console.js:87:23)
    at Console._write (C:\Users\xioas\AppData\Roaming\npm\node_modules\firebase-tools\node_modules\winston-transport\modern.js:103:17)
    at doWrite (C:\Users\xioas\AppData\Roaming\npm\node_modules\firebase-tools\node_modules\winston-transport\node_modules\readable-stream\lib\_stream_writable.js:390:139)
    at writeOrBuffer (C:\Users\xioas\AppData\Roaming\npm\node_modules\firebase-tools\node_modules\winston-transport\node_modules\readable-stream\lib\_stream_writable.js:381:5)
    at Writable.write (C:\Users\xioas\AppData\Roaming\npm\node_modules\firebase-tools\node_modules\winston-transport\node_modules\readable-stream\lib\_stream_writable.js:302:11)
    at DerivedLogger.ondata (C:\Users\xioas\AppData\Roaming\npm\node_modules\firebase-tools\node_modules\winston\node_modules\readable-stream\lib\_stream_readable.js:629:20)
[error] 
[error] Error: An unexpected error has occurred.
[debug] [2026-08-31T20:17:07.496Z] Error: EPIPE: broken pipe, write
    at Socket._write (node:internal/net:75:18)
    at writeOrBuffer (node:internal/streams/writable:570:12)
    at _write (node:internal/streams/writable:499:10)
    at Writable.write (node:internal/streams/writable:508:10)
    at Console.log (C:\Users\xioas\AppData\Roaming\npm\node_modules\firebase-tools\node_modules\winston\lib\winston\transports\console.js:87:23)
    at Console._write (C:\Users\xioas\AppData\Roaming\npm\node_modules\firebase-tools\node_modules\winston-transport\modern.js:103:17)
    at doWrite (C:\Users\xioas\AppData\Roaming\npm\node_modules\firebase-tools\node_modules\winston-transport\node_modules\readable-stream\lib\_stream_writable.js:390:139)
    at writeOrBuffer (C:\Users\xioas\AppData\Roaming\npm\node_modules\firebase-tools\node_modules\winston-transport\node_modules\readable-stream\lib\_stream_writable.js:381:5)
    at Writable.write (C:\Users\xioas\AppData\Roaming\npm\node_modules\firebase-tools\node_modules\winston-transport\node_modules\readable-stream\lib\_stream_writable.js:302:11)
    at DerivedLogger.ondata (C:\Users\xioas\AppData\Roaming\npm\node_modules\firebase-tools\node_modules\winston\node_modules\readable-stream\lib\_stream_readable.js:629:20)
